Workbook

Sheet 1
A1: Parking Survey Sheet
A3: Date: | B3: 46176
A4: Route #: | B4: Malatia Sebastia
A5: Name/Surname: | B5: _____________
A7: Time | B7: Zone | C7: License Number | D7: Vehicle Type | E7: Location | F7: Parking Method | G7: Legal/Illegal
A8: 7=7:00 14=14:00 midnight=00:00 & etc. | B8: Zone XXX | C8: 11XX111 | D8: C - Sedan T - Truck M - Motorcycle | E8: OS - On-Street FP - Footpath SB - Setback | F8: PA - Parallel A - 45 Degree PP - Perpendicular | G8: L - Legal I - Illegal
B13: No parking

Sheet 2
A1: Parking Survey Sheet
A3: Date: | B3: 46176
A4: Route #: | B4: Malatia Sebastia
A5: Name/Surname: | B5: _____________
A7: Time | B7: Zone | C7: License Number | D7: Vehicle Type | E7: Location | F7: Parking Method | G7: Legal/Illegal
A8: 7=7:00 14=14:00 midnight=00:00 & etc. | B8: Zone XXX | C8: 11XX111 | D8: C - Sedan T - Truck M - Motorcycle | E8: OS - On-Street FP - Footpath SB - Setback | F8: PA - Parallel A - 45 Degree PP - Perpendicular | G8: L - Legal I - Illegal
A9: 7 - 8 | B9: 2 | C9: 33 PP 640 | D9: C - Sedan | E9: OS - On-Street | F9: A - 45 Degree | G9: L
B10: 2 | C10: 71 KK 007 | D10: C - Sedan | E10: OS - On-Street | F10: A - 45 Degree | G10: L
B11: 2 | C11: 37HR434 | D11: C - Sedan | E11: OS - On-Street | F11: PA - Parallel | G11: L
A12: 8 - 9 | B12: 2 | C12: 34CT380 | D12: C - Sedan | E12: FP - Footpath | F12: PA - Parallel | G12: L
B13: 2 | C13: 70PO070 | D13: C - Sedan | E13: FP - Footpath | F13: A - 45 Degree | G13: L
B14: 2 | C14: 22DD220 | D14: C - Sedan | E14: FP - Footpath | F14: A - 45 Degree | G14: L
B15: 2 | C15: 37JK738 | D15: C - Sedan | E15: FP - Footpath | F15: A - 45 Degree | G15: L
B16: 2 | C16: 91SM009 | D16: C - Sedan | E16: OS - On-Street | F16: A - 45 Degree | G16: L
B17: 2 | C17: 36VU470 | D17: C - Sedan | E17: FP - Footpath | F17: A - 45 Degree | G17: L
B18: 2 | C18: 626CZ61 | D18: C - Sedan | E18: FP - Footpath | F18: PA - Parallel | G18: L
B19: 2 | C19: 37EG610 | D19: C - Sedan | E19: FP - Footpath | F19: PA - Parallel | G19: L
B20: 2 | C20: 139CR61 | D20: C - Sedan | E20: FP - Footpath | F20: PA - Parallel | G20: L
B21: 2 | C21: 37JU422 | D21: C - Sedan | E21: FP - Footpath | F21: PA - Parallel | G21: L
B22: 2 | C22: 37AD629 | D22: C - Sedan | E22: FP - Footpath | F22: PA - Parallel | G22: L
B23: 2 | C23: 77ZJ779 | D23: C - Sedan | E23: FP - Footpath | F23: PA - Parallel | G23: L
B24: 2 | C24: 88DW888 | D24: C - Sedan | E24: FP - Footpath | F24: PA - Parallel | G24: L
... B27: 2 | C27: 37DY100 | D27: C - Sedan | E27: FP - Footpath | F27: PA - Parallel | G27: L
A28: 9 - 10 | B28: 2 | C28: 37PW217 | D28: C - Sedan | E28: OS - On-Street | F28: A - 45 Degree | G28: L
B29: 2 | C29: 34CT380 | D29: C - Sedan | E29: SB - Setback | F29: A - 45 Degree | G29: L
B30: 2 | C30: 22DD220 | D30: C - Sedan | E30: SB - Setback | F30: A - 45 Degree | G30: L
B31: 2 | C31: 02SH025 | D31: C - Sedan | E31: SB - Setback | F31: A - 45 Degree | G31: L
B32: 2 | C32: 71TR700 | D32: C - Sedan | E32: SB - Setback | F32: A - 45 Degree | G32: L
B33: 2 | C33: 29LS776 | D33: C - Sedan | E33: SB - Setback | F33: A - 45 Degree | G33: L
B34: 2 | C34: 77ZJ779 | D34: T - Truck | E34: SB - Setback | F34: A - 45 Degree | G34: L
B35: 2 | C35: 37AD692 | D35: C - Sedan | E35: SB - Setback | F35: PP - Perpendicular | G35: L
B36: 2 | C36: 88DW888 | D36: C - Sedan | E36: SB - Setback | F36: PP - Perpendicular | G36: L
B37: 2 | C37: 37TU006 | D37: C - Sedan | E37: SB - Setback | F37: PP - Perpendicular | G37: L
B38: 2 | C38: 33AB333 | D38: C - Sedan | E38: SB - Setback | F38: PP - Perpendicular | G38: L
B39: 2 | C39: 37UC619 | D39: C - Sedan | E39: SB - Setback | F39: PP - Perpendicular | G39: L
A40: 10 - 11 | B40: 2 | C40: 76KP318 | D40: C - Sedan | E40: OS - On-Street | F40: PA - Parallel | G40: L
B41: 2 | C41: 12MX907 | D41: C - Sedan | E41: OS - On-Street | F41: PA - Parallel | G41: L
B42: 2 | C42: 33FF353 | D42: C - Sedan | E42: OS - On-Street | F42: PA - Parallel | G42: L
B43: 2 | C43: 300QQ13 | D43: C - Sedan | E43: OS - On-Street | F43: PA - Parallel | G43: L
B44: 2 | C44: 85BB588 | D44: C - Sedan | E44: OS - On-Street | F44: PA - Parallel | G44: L
B45: 2 | C45: 84EE800 | D45: C - Sedan | E45: OS - On-Street | F45: PA - Parallel | G45: L
B46: 2 | C46: 85OT426 | D46: C - Sedan | E46: OS - On-Street | F46: PA - Parallel | G46: L
B47: 2 | C47: 41VA639 | D47: C - Sedan | E47: OS - On-Street | F47: PA - Parallel | G47: L
A48: 11 - 12 | B48: 2 | C48: 18DR100 | D48: C - Sedan | E48: FP - Footpath | F48: A - 45 Degree | G48: L
B49: 2 | C49: 02WW010 | D49: C - Sedan | E49: FP - Footpath | F49: A - 45 Degree | G49: L
B50: 2 | C50: 36NN016 | D50: C - Sedan | E50: FP - Footpath | F50: A - 45 Degree | G50: L
B51: 2 | C51: 37ZT386 | D51: C - Sedan | E51: FP - Footpath | F51: A - 45 Degree | G51: L
B52: 2 | C52: 01UL078 | D52: C - Sedan | E52: FP - Footpath | F52: A - 45 Degree | G52: L
B53: 2 | C53: 91KO009 | D53: C - Sedan | E53: FP - Footpath | F53: A - 45 Degree | G53: L
B54: 2 | C54: 22DD220 | D54: C - Sedan | E54: FP - Footpath | F54: A - 45 Degree | G54: L
B55: 2 | C55: 37CY873 | D55: C - Sedan | E55: FP - Footpath | F55: A - 45 Degree | G55: L
A56: 12 - 13 | B56: 2 | C56: 37VR722 | D56: C - Sedan | E56: OS - On-Street | F56: PP - Perpendicular | G56: L
B57: 2 | C57: 37BI100 | D57: C - Sedan | E57: OS - On-Street | F57: A - 45 Degree | G57: L
B58: 2 | C58: 37DV599 | D58: C - Sedan | E58: OS - On-Street | F58: PP - Perpendicular | G58: L
B59: 2 | C59: 35SZ963 | D59: C - Sedan | E59: OS - On-Street | F59: PP - Perpendicular | G59: L
A60: 13 - 14 | B60: 2 | C60: 51VP515 | D60: C - Sedan | E60: OS - On-Street | F60: A - 45 Degree | G60: L
B61: 2 | C61: 07EH050 | D61: C - Sedan | E61: FP - Footpath | F61: A - 45 Degree | G61: L
B62: 2 | C62: 13KK003 | D62: C - Sedan | E62: FP - Footpath | F62: A - 45 Degree | G62: L
B63: 2 | C63: 37CY873 | D63: C - Sedan | E63: OS - On-Street | F63: A - 45 Degree | G63: L
B64: 2 | C64: 98SP988 | D64: C - Sedan | E64: FP - Footpath | F64: A - 45 Degree | G64: L
B65: 2 | C65: 37HL628 | D65: C - Sedan | E65: FP - Footpath | F65: PP - Perpendicular | G65: L
B66: 2 | C66: 47TT777 | D66: C - Sedan | E66: OS - On-Street | F66: A - 45 Degree | G66: L
B67: 2 | C67: 01FO101 | D67: C - Sedan | E67: OS - On-Street | F67: A - 45 Degree | G67: L
B68: 2 | C68: 05UQ055 | D68: C - Sedan | E68: OS - On-Street | F68: A - 45 Degree | G68: L
B69: 2 | C69: 33AG033 | D69: C - Sedan | E69: OS - On-Street | F69: A - 45 Degree | G69: L
B70: 2 | C70: 33WW009 | D70: C - Sedan | E70: OS - On-Street | F70: A - 45 Degree | G70: L
B71: 2 | C71: 10QO021 | D71: C - Sedan | E71: OS - On-Street | F71: A - 45 Degree | G71: L
B72: 2 | C72: 35MM318 | D72: C - Sedan | E72: OS - On-Street | F72: A - 45 Degree | G72: L
... B74: 2 | C74: 85DZ085 | D74: C - Sedan | E74: OS - On-Street | F74: A - 45 Degree | G74: L
A75: 14 - 15 | B75: 2 | C75: 37VR722 | D75: C - Sedan | E75: OS - On-Street | F75: A - 45 Degree | G75: L
B76: 2 | C76: 36VZ765 | D76: C - Sedan | E76: SB - Setback | F76: A - 45 Degree | G76: L
B77: 2 | C77: 11UU016 | D77: C - Sedan | E77: SB - Setback | F77: A - 45 Degree | G77: L
B78: 2 | C78: 76AH776 | D78: C - Sedan | E78: SB - Setback | F78: A - 45 Degree | G78: L
B79: 2 | C79: 96MS888 | D79: C - Sedan | E79: SB - Setback | F79: A - 45 Degree | G79: L
B80: 2 | C80: 35G011 | D80: C - Sedan | E80: SB - Setback | F80: A - 45 Degree | G80: L
B81: 2 | C81: 36AV214 | D81: C - Sedan | E81: SB - Setback | F81: A - 45 Degree | G81: L
B82: 2 | C82: 37BI100 | D82: C - Sedan | E82: OS - On-Street | F82: A - 45 Degree | G82: L
B83: 2 | C83: 37DV599 | D83: C - Sedan | E83: OS - On-Street | F83: PP - Perpendicular | G83: L
A84: 15 - 16 | B84: 2 | C84: 34CT389 | D84: C - Sedan | E84: FP - Footpath | F84: A - 45 Degree | G84: L
B85: 2 | C85: 706DC61 | D85: C - Sedan | E85: FP - Footpath | F85: A - 45 Degree | G85: L
B86: 2 | C86: 04PP044 | D86: C - Sedan | E86: FP - Footpath | F86: A - 45 Degree | G86: L
B87: 2 | C87: 37QC347 | D87: C - Sedan | E87: FP - Footpath | F87: PA - Parallel | G87: L
B88: 2 | C88: 77FO707 | D88: C - Sedan | E88: FP - Footpath | F88: A - 45 Degree | G88: L
B89: 2 | C89: 81MO888 | D89: C - Sedan | E89: FP - Footpath | F89: A - 45 Degree | G89: L
B90: 2 | C90: 90JL090 | D90: C - Sedan | E90: FP - Footpath | F90: A - 45 Degree | G90: L
A91: 16 - 17 | B91: 2 | C91: 31 OV 598 | D91: C - Sedan | E91: OS - On-Street | F91: PP - Perpendicular | G91: L
B92: 2 | C92: 14 SS 531 | D92: C - Sedan | E92: OS - On-Street | F92: PP - Perpendicular | G92: L
B93: 2 | C93: 77 VV 577 | D93: C - Sedan | E93: OS - On-Street | F93: PP - Perpendicular | G93: L
B94: 2 | C94: 44 AP 444 | D94: C - Sedan | E94: OS - On-Street | F94: PP - Perpendicular | G94: L
A95: 17 - 18 | B95: 2 | C95: 28UO741 | D95: C - Sedan | E95: FP - Footpath | F95: A - 45 Degree | G95: L
B96: 2 | C96: 37XG554 | D96: C - Sedan | E96: OS - On-Street | F96: A - 45 Degree | G96: L
B97: 2 | C97: 70SN909 | D97: C - Sedan | E97: FP - Footpath | F97: A - 45 Degree | G97: L
B98: 2 | C98: 77AH772 | D98: C - Sedan | E98: FP - Footpath | F98: A - 45 Degree | G98: L
B99: 2 | C99: 17VM707 | D99: C - Sedan | E99: FP - Footpath | F99: A - 45 Degree | G99: L
B100: 2 | C100: 94QO909 | D100: C - Sedan | E100: OS - On-Street | F100: PA - Parallel | G100: L
A101: 18 - 19 | B101: 2 | C101: 18RL888 | D101: C - Sedan | E101: OS - On-Street | F101: A - 45 Degree | G101: L
B102: 2 | C102: 36UA626 | D102: C - Sedan | E102: OS - On-Street | F102: A - 45 Degree | G102: L
B103: 2 | C103: 50QO057 | D103: C - Sedan | E103: OS - On-Street | F103: A - 45 Degree | G103: L
B104: 2 | C104: 22WW221 | D104: C - Sedan | E104: OS - On-Street | F104: A - 45 Degree | G104: L
B105: 2 | C105: 15EY015 | D105: C - Sedan | E105: OS - On-Street | F105: A - 45 Degree | G105: L
...

Sheet 3
A1: Parking Survey Sheet
A3: Date: | B3: 46176
A4: Route #: | B4: Malatia Sebastia
A5: Name/Surname: | B5: _____________
A7: Time | B7: Zone | C7: License Number | D7: Vehicle Type | E7: Location | F7: Parking Method | G7: Legal/Illegal
A8: 7=7:00 14=14:00 midnight=00:00 & etc. | B8: Zone XXX | C8: 11XX111 | D8: C - Sedan T - Truck M - Motorcycle | E8: OS - On-Street FP - Footpath SB - Setback | F8: PA - Parallel A - 45 Degree PP - Perpendicular | G8: L - Legal I - Illegal
A9: 7 - 8 | B9: 3 | C9: 34 MA 086 | D9: C - Sedan | E9: OS - On-Street | F9: A - 45 Degree | G9: L
B10: 3 | C10: 10 YY 202 | D10: C - Sedan | E10: OS - On-Street | F10: A - 45 Degree | G10: L
B11: 3 | C11: 35TN476 | D11: C - Sedan | E11: OS - On-Street | F11: PA - Parallel | G11: L
B12: 3 | C12: 35UD535 | D12: C - Sedan | E12: OS - On-Street | F12: PA - Parallel | G12: L
A13: 8 - 9 | B13: 3 | C13: 80MN878 | D13: C - Sedan | E13: OS - On-Street | F13: A - 45 Degree | G13: L
B14: 3 | C14: 01TO077 | D14: C - Sedan | E14: OS - On-Street | F14: A - 45 Degree | G14: L
B15: 3 | C15: 50HS100 | D15: C - Sedan | E15: FP - Footpath | F15: A - 45 Degree | G15: L
B16: 3 | C16: 35TO445 | D16: C - Sedan | E16: FP - Footpath | F16: A - 45 Degree | G16: L
B17: 3 | C17: 04RR914 | D17: C - Sedan | E17: FP - Footpath | F17: A - 45 Degree | G17: L
B18: 3 | C18: 37QB492 | D18: T - Truck | E18: FP - Footpath | F18: A - 45 Degree | G18: L
B19: 3 | C19: 89OO008 | D19: C - Sedan | E19: FP - Footpath | F19: A - 45 Degree | G19: L
B20: 3 | C20: 37KV838 | D20: C - Sedan | E20: FP - Footpath | F20: A - 45 Degree | G20: L
B21: 3 | C21: 10AG019 | D21: C - Sedan | E21: FP - Footpath | F21: A - 45 Degree | G21: L
B22: 3 | C22: 37ET080 | D22: C - Sedan | E22: FP - Footpath | F22: A - 45 Degree | G22: L
B23: 3 | C23: 91PV001 | D23: C - Sedan | E23: FP - Footpath | F23: A - 45 Degree | G23: L
B24: 3 | C24: 44DU440 | D24: C - Sedan | E24: FP - Footpath | F24: A - 45 Degree | G24: L
B25: 3 | C25: 01PP991 | D25: C - Sedan | E25: FP - Footpath | F25: A - 45 Degree | G25: L
B26: 3 | C26: 37KA677 | D26: C - Sedan | E26: FP - Footpath | F26: A - 45 Degree | G26: L
A27: 9 - 10 | B27: 3 | C27: 37UQ477 | D27: C - Sedan | E27: SB - Setback | F27: PA - Parallel | G27: L
B28: 3 | C28: 80NN878 | D28: C - Sedan | E28: OS - On-Street | F28: A - 45 Degree | G28: L
B29: 3 | C29: 35RZ972 | D29: C - Sedan | E29: OS - On-Street | F29: A - 45 Degree | G29: L
B30: 3 | C30: 01TO077 | D30: C - Sedan | E30: OS - On-Street | F30: A - 45 Degree | G30: L
B31: 3 | C31: 91HA555 | D31: C - Sedan | E31: OS - On-Street | F31: A - 45 Degree | G31: L
B32: 3 | C32: 50HS100 | D32: C - Sedan | E32: OS - On-Street | F32: A - 45 Degree | G32: L
B33: 3 | C33: 37RH996 | D33: C - Sedan | E33: OS - On-Street | F33: A - 45 Degree | G33: L
B34: 3 | C34: 35TO445 | D34: C - Sedan | E34: OS - On-Street | F34: A - 45 Degree | G34: L
B35: 3 | C35: 81EE333 | D35: C - Sedan | E35: OS - On-Street | F35: A - 45 Degree | G35: L
B36: 3 | C36: 37QB492 | D36: C - Sedan | E36: OS - On-Street | F36: A - 45 Degree | G36: L
B37: 3 | C37: 89OO008 | D37: C - Sedan | E37: OS - On-Street | F37: A - 45 Degree | G37: L
B38: 3 | C38: 12IT221 | D38: C - Sedan | E38: OS - On-Street | F38: A - 45 Degree | G38: L
B39: 3 | C39: 10AG019 | D39: C - Sedan | E39: OS - On-Street | F39: A - 45 Degree | G39: L
B40: 3 | C40: 10ZW110 | D40: C - Sedan | E40: OS - On-Street | F40: A - 45 Degree | G40: L
A41: 10 - 11 | B41: 3 | C41: 69XE152 | D41: C - Sedan | E41: OS - On-Street | F41: PA - Parallel | G41: L
B42: 3 | C42: 18AB794 | D42: C - Sedan | E42: OS - On-Street | F42: PA - Parallel | G42: L
B43: 3 | C43: 93CK261 | D43: C - Sedan | E43: OS - On-Street | F43: PA - Parallel | G43: L
B44: 3 | C44: 27EM538 | D44: C - Sedan | E44: OS - On-Street | F44: PA - Parallel | G44: L
B45: 3 | C45: 74HP905 | D45: C - Sedan | E45: OS - On-Street | F45: PA - Parallel | G45: L
B46: 3 | C46: 05KT147 | D46: C - Sedan | E46: OS - On-Street | F46: PA - Parallel | G46: L
B47: 3 | C47: 88NV623 | D47: C - Sedan | E47: OS - On-Street | F47: PA - Parallel | G47: L
B48: 3 | C48: 32OX470 | D48: C - Sedan | E48: OS - On-Street | F48: PA - Parallel | G48: L
B49: 3 | C49: 61PB859 | D49: C - Sedan | E49: OS - On-Street | F49: PA - Parallel | G49: L
B50: 3 | C50: 14TC236 | D50: C - Sedan | E50: OS - On-Street | F50: PA - Parallel | G50: L
B51: 3 | C51: 97VM781 | D51: C - Sedan | E51: OS - On-Street | F51: PA - Parallel | G51: L
B52: 3 | C52: 45XA394 | D52: C - Sedan | E52: OS - On-Street | F52: PA - Parallel | G52: L
A53: 11 - 12 | B53: 3 | C53: 35MV091 | D53: C - Sedan | E53: FP - Footpath | F53: A - 45 Degree | G53: L
B54: 3 | C54: 17VT007 | D54: C - Sedan | E54: FP - Footpath | F54: A - 45 Degree | G54: L
B55: 3 | C55: 37RJ718 | D55: C - Sedan | E55: FP - Footpath | F55: A - 45 Degree | G55: L
B56: 3 | C56: 01TO077 | D56: C - Sedan | E56: FP - Footpath | F56: A - 45 Degree | G56: L
B57: 3 | C57: 35RZ972 | D57: C - Sedan | E57: FP - Footpath | F57: A - 45 Degree | G57: L
B58: 3 | C58: 80NN878 | D58: C - Sedan | E58: FP - Footpath | F58: A - 45 Degree | G58: L
A59: 12 - 13 | B59: 3 | C59: 50LO400 | D59: C - Sedan | E59: OS - On-Street | F59: PP - Perpendicular | G59: L
B60: 3 | C60: 44DU440 | D60: C - Sedan | E60: OS - On-Street | F60: PP - Perpendicular | G60: L
B61: 3 | C61: 37BX639 | D61: C - Sedan | E61: OS - On-Street | F61: PP - Perpendicular | G61: L
B62: 3 | C62: 89DC988 | D62: C - Sedan | E62: OS - On-Street | F62: PP - Perpendicular | G62: L
B63: 3 | C63: 37UX039 | D63: C - Sedan | E63: OS - On-Street | F63: PP - Perpendicular | G63: L
B64: 3 | C64: 44DU440 | D64: C - Sedan | E64: OS - On-Street | F64: PP - Perpendicular | G64: L
B65: 3 | C65: 36TP788 | D65: C - Sedan | E65: OS - On-Street | F65: PP - Perpendicular | G65: L
A66: 13 - 14 | B66: 3 | C66: 37UQ477 | D66: C - Sedan | E66: FP - Footpath | F66: PA - Parallel | G66: L
B67: 3 | C67: 60OJ001 | D67: C - Sedan | E67: FP - Footpath | F67: A - 45 Degree | G67: L
B68: 3 | C68: 21BF211 | D68: C - Sedan | E68: OS - On-Street | F68: A - 45 Degree | G68: L
B69: 3 | C69: 01TO077 | D69: C - Sedan | E69: FP - Footpath | F69: A - 45 Degree | G69: L
B70: 3 | C70: 70QL001 | D70: C - Sedan | E70: OS - On-Street | F70: PA - Parallel | G70: L
B71: 3 | C71: 17VT001 | D71: C - Sedan | E71: FP - Footpath | F71: A - 45 Degree | G71: L
A72: 14 - 15 | B72: 3 | C72: 44DU440 | D72: C - Sedan | E72: OS - On-Street | F72: A - 45 Degree | G72: L
B73: 3 | C73: 37BX639 | D73: C - Sedan | E73: OS - On-Street | F73: A - 45 Degree | G73: L
B74: 3 | C74: 89DC988 | D74: C - Sedan | E74: OS - On-Street | F74: A - 45 Degree | G74: L
B75: 3 | C75: 44DU440 | D75: C - Sedan | E75: OS - On-Street | F75: PP - Perpendicular | G75: L
B76: 3 | C76: 36TP788 | D76: C - Sedan | E76: OS - On-Street | F76: PP - Perpendicular | G76: L
A77: 15 - 16 | B77: 3 | C77: 17MO117 | D77: C - Sedan | E77: FP - Footpath | F77: A - 45 Degree | G77: L
B78: 3 | C78: 17VT007 | D78: C - Sedan | E78: FP - Footpath | F78: A - 45 Degree | G78: L
B79: 3 | C79: 37PI337 | D79: C - Sedan | E79: FP - Footpath | F79: A - 45 Degree | G79: L
B80: 3 | C80: 37JQ573 | D80: C - Sedan | E80: FP - Footpath | F80: A - 45 Degree | G80: L
B81: 3 | C81: 35RZ972 | D81: C - Sedan | E81: FP - Footpath | F81: A - 45 Degree | G81: L
B82: 3 | C82: 24VQ444 | D82: C - Sedan | E82: FP - Footpath | F82: A - 45 Degree | G82: L
B83: 3 | C83: 01KI015 | D83: C - Sedan | E83: FP - Footpath | F83: A - 45 Degree | G83: L
A84: 16 - 17 | B84: 3 | C84: 50 QQ 090 | D84: C - Sedan | E84: OS - On-Street | F84: PP - Perpendicular | G84: L
C85: 37KN383 | D85: C - Sedan | E85: OS - On-Street | F85: PP - Perpendicular | G85: L
C86: 88GA888 | D86: C - Sedan | E86: FP - Footpath | F86: PP - Perpendicular | G86: L
B87: 3 | C87: 77 MW 404 | D87: C - Sedan | E87: OS - On-Street | F87: PP - Perpendicular | G87: L
B88: 3 | C88: 35 CS 611 | D88: C - Sedan | E88: OS - On-Street | F88: PP - Perpendicular | G88: L
A89: 17 - 18 | B89: 3 | C89: 35RO477 | D89: C - Sedan | E89: OS - On-Street | F89: PA - Parallel | G89: L
B90: 3 | C90: 50SZ888 | D90: C - Sedan | E90: OS - On-Street | F90: A - 45 Degree | G90: L
B91: 3 | C91: 04UL474 | D91: C - Sedan | E91: OS - On-Street | F91: A - 45 Degree | G91: L
B92: 3 | C92: 29US596 | D92: C - Sedan | E92: OS - On-Street | F92: A - 45 Degree | G92: L
B93: 3 | C93: 10AN050 | D93: C - Sedan | E93: OS - On-Street | F93: A - 45 Degree | G93: L
B94: 3 | C94: 30RR202 | D94: C - Sedan | E94: OS - On-Street | F94: PA - Parallel | G94: L
A95: 18 - 19 | B95: 3 | C95: 35OM150 | D95: C - Sedan | E95: OS - On-Street | F95: PA - Parallel | G95: L
B96: 3 | C96: 36TB656 | D96: C - Sedan | E96: OS - On-Street | F96: A - 45 Degree | G96: L
B97: 3 | C97: 95CC111 | D97: C - Sedan | E97: OS - On-Street | F97: A - 45 Degree | G97: L
B98: 3 | C98: 88WW848 | D98: T - Truck | E98: OS - On-Street | F98: A - 45 Degree | G98: L
B99: 3 | C99: 17VT007 | D99: C - Sedan | E99: OS - On-Street | F99: A - 45 Degree | G99: L
B100: 3 | C100: 10AN050 | D100: C - Sedan | E100: OS - On-Street | F100: A - 45 Degree | G100: L
A101: 19 - 20 | B101: 3 | C101: 37CK612 | D101: C - Sedan | E101: OS - On-Street | F101: A - 45 Degree | G101: L
B102: 3 | C102: 96EF777 | D102: C - Sedan | E102: OS - On-Street | F102: A - 45 Degree | G102: L
...

Sheet 4
A1: Parking Survey Sheet
A3: Date: | B3: 46176
A4: Route #: | B4: Malatia Sebastia
A5: Name/Surname: | B5: _____________
A7: Time | B7: Zone | C7: License Number | D7: Vehicle Type | E7: Location | F7: Parking Method | G7: Legal/Illegal
A8: 7=7:00 14=14:00 midnight=00:00 & etc. | B8: Zone XXX | C8: 11XX111 | D8: C - Sedan T - Truck M - Motorcycle | E8: OS - On-Street FP - Footpath SB - Setback | F8: PA - Parallel A - 45 Degree PP - Perpendicular | G8: L - Legal I - Illegal
A9: 7 - 8 | B9: 4 | C9: 95LG900 | D9: C - Sedan | E9: OS - On-Street | F9: PA - Parallel | G9: L
B10: 4 | C10: 71KK007 | D10: C - Sedan | E10: FP - Footpath | F10: PA - Parallel | G10: L
B11: 4 | C11: 34LP439 | D11: T - Truck | E11: OS - On-Street | F11: PA - Parallel | G11: L
B12: 4 | C12: 35AC412 | D12: C - Sedan | E12: OS - On-Street | F12: PA - Parallel | G12: L
A13: 8 - 9 | B13: 4 | C13: 37DW758 | D13: C - Sedan | E13: OS - On-Street | F13: PA - Parallel | G13: L
B14: 4 | C14: 37JX156 | D14: C - Sedan | E14: OS - On-Street | F14: PA - Parallel | G14: L
B15: 4 | C15: H298TC09 | D15: C - Sedan | E15: OS - On-Street | F15: PP - Perpendicular | G15: L
B16: 4 | C16: 22LL796 | D16: T - Truck | E16: OS - On-Street | F16: PP - Perpendicular | G16: L
B17: 4 | C17: 12DA333 | D17: C - Sedan | E17: OS - On-Street | F17: PP - Perpendicular | G17: L
B18: 4 | C18: 10OS202 | D18: T - Truck | E18: OS - On-Street | F18: PA - Parallel | G18: L
B19: 4 | C19: 35AM862 | D19: C - Sedan | E19: OS - On-Street | F19: PA - Parallel | G19: L
B20: 4 | C20: 88CR880 | D20: C - Sedan | E20: OS - On-Street | F20: PP - Perpendicular | G20: L
B21: 4 | C21: 37PB439 | D21: C - Sedan | E21: OS - On-Street | F21: PP - Perpendicular | G21: L
B22: 4 | C22: 57XP057 | D22: T - Truck | E22: OS - On-Street | F22: PP - Perpendicular | G22: L
B23: 4 | C23: 36QO560 | D23: C - Sedan | E23: OS - On-Street | F23: A - 45 Degree | G23: L
B24: 4 | C24: 37VA502 | D24: C - Sedan | E24: OS - On-Street | F24: PA - Parallel | G24: L
B25: 4 | C25: 37NV467 | D25: C - Sedan | E25: OS - On-Street | F25: PA - Parallel | G25: L
B26: 4 | C26: 78QA778 | D26: T - Truck | E26: OS - On-Street | F26: PA - Parallel | G26: L
A27: 9 - 10 | B27: 4 | C27: 72TT707 | D27: C - Sedan | E27: OS - On-Street | F27: A - 45 Degree | G27: L
B28: 4 | C28: 44DU440 | D28: C - Sedan | E28: OS - On-Street | F28: A - 45 Degree | G28: L
B29: 4 | C29: 66PT606 | D29: C - Sedan | E29: OS - On-Street | F29: A - 45 Degree | G29: L
B30: 4 | C30: 37KA677 | D30: C - Sedan | E30: OS - On-Street | F30: A - 45 Degree | G30: L
B31: 4 | C31: 37DW758 | D31: C - Sedan | E31: OS - On-Street | F31: PA - Parallel | G31: L
B32: 4 | C32: Н298ТС09 | D32: C - Sedan | E32: FP - Footpath | F32: A - 45 Degree | G32: L
B33: 4 | C33: 22LL796 | D33: C - Sedan | E33: FP - Footpath | F33: A - 45 Degree | G33: L
B34: 4 | C34: 33OP640 | D34: C - Sedan | E34: OS - On-Street | F34: PP - Perpendicular | G34: L
B35: 4 | C35: 10YY202 | D35: C - Sedan | E35: OS - On-Street | F35: PP - Perpendicular | G35: L
B36: 4 | C36: 10OS202 | D36: T - Truck | E36: FP - Footpath | F36: PP - Perpendicular | G36: L
B37: 4 | C37: 37SE738 | D37: C - Sedan | E37: FP - Footpath | F37: A - 45 Degree | G37: L
B38: 4 | C38: ZO700AB | D38: C - Sedan | E38: OS - On-Street | F38: PA - Parallel | G38: L
B39: 4 | C39: 37PB439 | D39: C - Sedan | E39: OS - On-Street | F39: PP - Perpendicular | G39: L
... B42: 4 | C42: 36GM896 | D42: C - Sedan | E42: FP - Footpath | F42: PA - Parallel | G42: L
A43: 10 - 11 | B43: 4 | C43: 20BE615 | D43: C - Sedan | E43: OS - On-Street | F43: PA - Parallel | G43: L
B44: 4 | C44: 10BW200 | D44: C - Sedan | E44: OS - On-Street | F44: PA - Parallel | G44: L
B45: 4 | C45: 37BJ107 | D45: C - Sedan | E45: OS - On-Street | F45: PA - Parallel | G45: L
B46: 4 | C46: 36GR634 | D46: C - Sedan | E46: OS - On-Street | F46: PA - Parallel | G46: L
B47: 4 | C47: 96CD006 | D47: C - Sedan | E47: OS - On-Street | F47: PA - Parallel | G47: L
B48: 4 | C48: 77KK997 | D48: C - Sedan | E48: OS - On-Street | F48: PA - Parallel | G48: L
B49: 4 | C49: 83CP942 | D49: C - Sedan | E49: OS - On-Street | F49: PA - Parallel | G49: L
B50: 4 | C50: 11EN358 | D50: C - Sedan | E50: OS - On-Street | F50: PA - Parallel | G50: L
B51: 4 | C51: 72HV804 | D51: C - Sedan | E51: OS - On-Street | F51: PA - Parallel | G51: L
A52: 11 - 12 | B52: 4 | C52: 37FQ625 | D52: C - Sedan | E52: FP - Footpath | F52: PA - Parallel | G52: L
B53: 4 | C53: 33OP640 | D53: C - Sedan | E53: FP - Footpath | F53: A - 45 Degree | G53: L
B54: 4 | C54: 410YY202 | D54: C - Sedan | E54: FP - Footpath | F54: A - 45 Degree | G54: L
B55: 4 | C55: 88VK880 | D55: C - Sedan | E55: FP - Footpath | F55: A - 45 Degree | G55: L
B56: 4 | C56: 36GO560 | D56: C - Sedan | E56: FP - Footpath | F56: A - 45 Degree | G56: L
B57: 4 | C57: 37VA502 | D57: C - Sedan | E57: FP - Footpath | F57: PA - Parallel | G57: L
B58: 4 | C58: 37HV811 | D58: C - Sedan | E58: FP - Footpath | F58: PA - Parallel | G58: L
B59: 4 | C59: 90SS444 | D59: C - Sedan | E59: FP - Footpath | F59: PA - Parallel | G59: L
B60: 4 | C60: 37KZ595 | D60: C - Sedan | E60: FP - Footpath | F60: PA - Parallel | G60: L
B61: 4 | C61: 94XO900 | D61: C - Sedan | E61: FP - Footpath | F61: PA - Parallel | G61: L
B62: 4 | C62: 36ZR902 | D62: C - Sedan | E62: FP - Footpath | F62: PA - Parallel | G62: L
A63: 12 - 13 | B63: 4 | C63: 37FQ625 | D63: C - Sedan | E63: OS - On-Street | F63: PP - Perpendicular | G63: L
B64: 4 | C64: 33OP340 | D64: C - Sedan | E64: OS - On-Street | F64: PP - Perpendicular | G64: L
B65: 4 | C65: 10YY202 | D65: C - Sedan | E65: OS - On-Street | F65: PP - Perpendicular | G65: L
B66: 4 | C66: H298TC | D66: C - Sedan | E66: OS - On-Street | F66: PP - Perpendicular | G66: L
B67: 4 | C67: 12DA333 | D67: C - Sedan | E67: OS - On-Street | F67: PP - Perpendicular | G67: L
B68: 4 | C68: 27AV726 | D68: T - Truck | E68: OS - On-Street | F68: A - 45 Degree | G68: L
B69: 4 | C69: 37PB439 | D69: C - Sedan | E69: OS - On-Street | F69: PP - Perpendicular | G69: L
B70: 4 | C70: 34GO560 | D70: C - Sedan | E70: OS - On-Street | F70: A - 45 Degree | G70: L
B71: 4 | C71: 37NV467 | D71: C - Sedan | E71: OS - On-Street | F71: PP - Perpendicular | G71: L
B72: 4 | C72: 77QA778 | D72: C - Sedan | E72: OS - On-Street | F72: PP - Perpendicular | G72: L
B73: 4 | C73: 37HV811 | D73: C - Sedan | E73: OS - On-Street | F73: A - 45 Degree | G73: L
B74: 4 | C74: 02MA023 | D74: C - Sedan | E74: OS - On-Street | F74: PP - Perpendicular | G74: L
B75: 4 | C75: 94XO900 | D75: C - Sedan | E75: OS - On-Street | F75: PP - Perpendicular | G75: L
B76: 4 | C76: 36XM479 | D76: C - Sedan | E76: OS - On-Street | F76: A - 45 Degree | G76: L
A77: 13 - 14 | B77: 4 | C77: 48PT888 | D77: C - Sedan | E77: OS - On-Street | F77: PA - Parallel | G77: L
B78: 4 | C78: 37FQ626 | D78: C - Sedan | E78: OS - On-Street | F78: PA - Parallel | G78: L
B79: 4 | C79: 33OP640 | D79: C - Sedan | E79: OS - On-Street | F79: PA - Parallel | G79: L
B80: 4 | C80: 35AM862 | D80: C - Sedan | E80: OS - On-Street | F80: A - 45 Degree | G80: L
B81: 4 | C81: 88WK880 | D81: C - Sedan | E81: OS - On-Street | F81: PP - Perpendicular | G81: L
B82: 4 | C82: 71SO111 | D82: C - Sedan | E82: OS - On-Street | F82: PP - Perpendicular | G82: L
B83: 4 | C83: 78QA778 | D83: T - Truck | E83: OS - On-Street | F83: PA - Parallel | G83: L
B84: 4 | C84: 37HV811 | D84: C - Sedan | E84: OS - On-Street | F84: PA - Parallel | G84: L
B85: 4 | C85: 96ZP006 | D85: T - Truck | E85: OS - On-Street | F85: PA - Parallel | G85: L
B86: 4 | C86: 37MB235 | D86: C - Sedan | E86: OS - On-Street | F86: PA - Parallel | G86: L
A87: 14 - 15 | B87: 4 | C87: 36XM479 | D87: C - Sedan | E87: OS - On-Street | F87: PP - Perpendicular | G87: L
B88: 4 | C88: 94XO900 | D88: C - Sedan | E88: OS - On-Street | F88: PP - Perpendicular | G88: L
B89: 4 | C89: 02MA023 | D89: C - Sedan | E89: OS - On-Street | F89: PP - Perpendicular | G89: L
B90: 4 | C90: 37HV811 | D90: C - Sedan | E90: OS - On-Street | F90: A - 45 Degree | G90: L
B91: 4 | C91: 77QA778 | D91: C - Sedan | E91: OS - On-Street | F91: PP - Perpendicular | G91: L
B92: 4 | C92: 27AV726 | D92: C - Sedan | E92: OS - On-Street | F92: A - 45 Degree | G92: L
B93: 4 | C93: 10YY202 | D93: T - Truck | E93: OS - On-Street | F93: A - 45 Degree | G93: L
B94: 4 | C94: 33OP340 | D94: C - Sedan | E94: OS - On-Street | F94: PP - Perpendicular | G94: L
A95: 15 - 16 | B95: 4 | C95: 51ED005 | D95: C - Sedan | E95: FP - Footpath | F95: PA - Parallel | G95: L
B96: 4 | C96: 37FQ625 | D96: C - Sedan | E96: FP - Footpath | F96: PA - Parallel | G96: L
B97: 4 | C97: 37AV826 | D97: T - Truck | E97: FP - Footpath | F97: PA - Parallel | G97: L
B98: 4 | C98: 37HV811 | D98: C - Sedan | E98: FP - Footpath | F98: PA - Parallel | G98: L
B99: 4 | C99: 37DB245 | D99: C - Sedan | E99: FP - Footpath | F99: PA - Parallel | G99: L
B100: 4 | C100: 15ED055 | D100: C - Sedan | E100: FP - Footpath | F100: PA - Parallel | G100: L
A101: 16 - 17 | B101: 4 | C101: 08 ZH 088 | D101: C - Sedan | E101: OS - On-Street | F101: PP - Perpendicular | G101: L
B102: 4 | C102: 18OB108 | D102: C - Sedan | E102: OS - On-Street | F102: PP - Perpendicular | G102: L
B103: 4 | C103: 06AK061 | D103: C - Sedan | E103: OS - On-Street | F103: PP - Perpendicular | G103: L
B104: 4 | C104: 55 PT 010 | D104: C - Sedan | E104: OS - On-Street | F104: PP - Perpendicular | G104: L
...

Sheet 5
A1: Parking Survey Sheet
A3: Date: | B3: 46176
A4: Route #: | B4: Malatia Sebastia
A5: Name/Surname: | B5: _____________
A7: Time | B7: Zone | C7: License Number | D7: Vehicle Type | E7: Location | F7: Parking Method | G7: Legal/Illegal
A8: 7=7:00 14=14:00 midnight=00:00 & etc. | B8: Zone XXX | C8: 11XX111 | D8: C - Sedan T - Truck M - Motorcycle | E8: OS - On-Street FP - Footpath SB - Setback | F8: PA - Parallel A - 45 Degree PP - Perpendicular | G8: L - Legal I - Illegal
A9: 7 - 8 | B9: 5 | C9: 37 DV 758 | D9: C - Sedan | E9: OS - On-Street | F9: A - 45 Degree | G9: L
B10: 5 | C10: 36 AC 540 | D10: C - Sedan | E10: OS - On-Street | F10: A - 45 Degree | G10: L
B11: 5 | C11: 06CG606 | D11: T - Truck | E11: OS - On-Street | F11: PA - Parallel | G11: L
A12: 8 - 9 | B12: 5 | C12: 91ZI001 | D12: C - Sedan | E12: OS - On-Street | F12: A - 45 Degree | G12: L
B13: 5 | C13: 37UZ646 | D13: C - Sedan | E13: OS - On-Street | F13: A - 45 Degree | G13: L
B14: 5 | C14: 47GQ007 | D14: C - Sedan | E14: OS - On-Street | F14: A - 45 Degree | G14: L
B15: 5 | C15: 10CD001 | D15: C - Sedan | E15: OS - On-Street | F15: PP - Perpendicular | G15: L
B16: 5 | C16: 37KV776 | D16: C - Sedan | E16: OS - On-Street | F16: A - 45 Degree | G16: L
B17: 5 | C17: 87UT777 | D17: C - Sedan | E17: OS - On-Street | F17: A - 45 Degree | G17: L
B18: 5 | C18: 706LS61 | D18: T - Truck | E18: OS - On-Street | F18: A - 45 Degree | G18: L
B19: 5 | C19: 97VF999 | D19: T - Truck | E19: OS - On-Street | F19: A - 45 Degree | G19: L
B20: 5 | C20: 71AA700 | D20: T - Truck | E20: OS - On-Street | F20: A - 45 Degree | G20: L
A21: 9 - 10 | B21: 5 | C21: 37PN451 | D21: C - Sedan | E21: OS - On-Street | F21: A - 45 Degree | G21: L
B22: 5 | C22: 092DG61 | D22: T - Truck | E22: OS - On-Street | F22: A - 45 Degree | G22: L
B23: 5 | C23: 843DE61 | D23: T - Truck | E23: OS - On-Street | F23: A - 45 Degree | G23: L
B24: 5 | C24: 36TG422 | D24: C - Sedan | E24: OS - On-Street | F24: PA - Parallel | G24: L
B25: 5 | C25: 35AA153 | D25: T - Truck | E25: OS - On-Street | F25: A - 45 Degree | G25: L
B26: 5 | C26: 35MC070 | D26: C - Sedan | E26: FP - Footpath | F26: A - 45 Degree | G26: L
B27: 5 | C27: 37FC395 | D27: T - Truck | E27: FP - Footpath | F27: A - 45 Degree | G27: L
B28: 5 | C28: 88TW808 | D28: C - Sedan | E28: OS - On-Street | F28: A - 45 Degree | G28: L
B29: 5 | C29: 10CD001 | D29: C - Sedan | E29: OS - On-Street | F29: PP - Perpendicular | G29: L
B30: 5 | C30: 87UT777 | D30: C - Sedan | E30: OS - On-Street | F30: PP - Perpendicular | G30: L
A31: 10 - 11 | B31: 5 | C31: 36KM127 | D31: C - Sedan | E31: OS - On-Street | F31: PA - Parallel | G31: L
B32: 5 | C32: 90NT563 | D32: C - Sedan | E32: OS - On-Street | F32: PA - Parallel | G32: L
B33: 5 | C33: 24OV890 | D33: C - Sedan | E33: OS - On-Street | F33: PA - Parallel | G33: L
B34: 5 | C34: 57PX241 | D34: C - Sedan | E34: OS - On-Street | F34: PA - Parallel | G34: L
A35: 11 - 12 | B35: 5 | C35: 91ZI001 | D35: C - Sedan | E35: FP - Footpath | F35: PA - Parallel | G35: L
B36: 5 | C36: 01AQ911 | D36: C - Sedan | E36: FP - Footpath | F36: PA - Parallel | G36: L
B37: 5 | C37: 88TW808 | D37: C - Sedan | E37: FP - Footpath | F37: A - 45 Degree | G37: L
B38: 5 | C38: 010OI10 | D38: C - Sedan | E38: FP - Footpath | F38: A - 45 Degree | G38: L
B39: 5 | C39: 37KV776 | D39: C - Sedan | E39: FP - Footpath | F39: A - 45 Degree | G39: L
A40: 12 - 13 | B40: 5 | C40: 36ZR902 | D40: C - Sedan | E40: OS - On-Street | F40: A - 45 Degree | G40: L
B41: 5 | C41: 007HH70 | D41: C - Sedan | E41: OS - On-Street | F41: PP - Perpendicular | G41: L
B42: 5 | C42: 36RA845 | D42: C - Sedan | E42: OS - On-Street | F42: PP - Perpendicular | G42: L
B43: 5 | C43: 54EE500 | D43: T - Truck | E43: OS - On-Street | F43: A - 45 Degree | G43: L
B44: 5 | C44: 07NN170 | D44: C - Sedan | E44: OS - On-Street | F44: PP - Perpendicular | G44: L
A45: 13 - 14 | B45: 5 | C45: 91ZI | D45: C - Sedan | E45: OS - On-Street | F45: PA - Parallel | G45: L
B46: 5 | C46: 01AQ911 | D46: C - Sedan | E46: OS - On-Street | F46: PA - Parallel | G46: L
B47: 5 | C47: 88TW808 | D47: C - Sedan | E47: OS - On-Street | F47: PA - Parallel | G47: L
B48: 5 | C48: 010IO11 | D48: C - Sedan | E48: OS - On-Street | F48: PA - Parallel | G48: L
A49: 14 - 15 | B49: 5 | C49: 36ZR902 | D49: C - Sedan | E49: OS - On-Street | F49: A - 45 Degree | G49: L
B50: 5 | C50: 36RA845 | D50: C - Sedan | E50: OS - On-Street | F50: PP - Perpendicular | G50: L
B51: 5 | C51: 54EE500 | D51: T - Truck | E51: OS - On-Street | F51: A - 45 Degree | G51: L
B52: 5 | C52: 07NN170 | D52: C - Sedan | E52: OS - On-Street | F52: PP - Perpendicular | G52: L
A53: 15 - 16 | B53: 5 | C53: 37LT325 | D53: C - Sedan | E53: FP - Footpath | F53: PA - Parallel | G53: L
B54: 5 | C54: 01AQ911 | D54: T - Truck | E54: FP - Footpath | F54: PA - Parallel | G54: L
B55: 5 | C55: 843DE61 | D55: T - Truck | E55: OS - On-Street | F55: PA - Parallel | G55: L
B56: 5 | C56: 092DG61 | D56: C - Sedan | E56: SB - Setback | F56: PP - Perpendicular | G56: L
B57: 5 | C57: 37PN451 | D57: C - Sedan | E57: OS - On-Street | F57: PA - Parallel | G57: L
B58: 5 | C58: 88TW808 | D58: C - Sedan | E58: FP - Footpath | F58: PA - Parallel | G58: L
A59: 16 - 17 | B59: 5 | C59: 22 ZZ 232 | D59: C - Sedan | E59: OS - On-Street | F59: PP - Perpendicular | G59: L
B60: 5 | C60: 37 LK 727 | D60: C - Sedan | E60: OS - On-Street | F60: PP - Perpendicular | G60: L
B61: 5 | C61: 91AA090 | D61: C - Sedan | E61: OS - On-Street | F61: PP - Perpendicular | G61: L
B62: 5 | C62: 37 KT 188 | D62: C - Sedan | E62: OS - On-Street | F62: PP - Perpendicular | G62: L
A63: 17 - 18 | B63: 5 | C63: 36SP512 | D63: C - Sedan | E63: OS - On-Street | F63: PA - Parallel | G63: L
B64: 5 | C64: 21TA001 | D64: C - Sedan | E64: OS - On-Street | F64: PA - Parallel | G64: L
B65: 5 | C65: 10CD001 | D65: C - Sedan | E65: OS - On-Street | F65: PA - Parallel | G65: L
A66: 18 - 19 | B66: 5 | C66: 15MA309 | D66: C - Sedan | E66: OS - On-Street | F66: PA - Parallel | G66: L
B67: 5 | C67: 02MA050 | D67: C - Sedan | E67: OS - On-Street | F67: PA - Parallel | G67: L
B68: 5 | C68: 11HH777 | D68: C - Sedan | E68: OS - On-Street | F68: PA - Parallel | G68: L
A69: 19 - 20 | B69: 5 | C69: 89AD999 | D69: C - Sedan | E69: OS - On-Street | F69: PA - Parallel | G69: L
B70: 5 | C70: 06CG606 | D70: T - Truck | E70: OS - On-Street | F70: PA - Parallel | G70: L
B71: 5 | C71: 87UT777 | D71: C - Sedan | E71: OS - On-Street | F71: A - 45 Degree | G71: L
B72: 5 | C72: 37JX341 | D72: C - Sedan | E72: OS - On-Street | F72: A - 45 Degree | G72: L
B73: 5 | C73: 10CD001 | D73: C - Sedan | E73: OS - On-Street | F73: A - 45 Degree | G73: L
A74: 20 - 21 | B74: 5 | C74: 89AD999 | D74: C - Sedan | E74: OS - On-Street | F74: PA - Parallel | G74: L
B75: 5 | C75: 37MW620 | D75: T - Truck | E75: OS - On-Street | F75: PA - Parallel | G75: L
B76: 5 | C76: 06CG606 | D76: T - Truck | E76: OS - On-Street | F76: PA - Parallel | G76: L
B77: 5 | C77: 37JX341 | D77: C - Sedan | E77: OS - On-Street | F77: A - 45 Degree | G77: L
B78: 5 | C78: 10CD001 | D78: C - Sedan | E78: OS - On-Street | F78: PP - Perpendicular | G78: L
B79: 5 | C79: 10JD110 | D79: C - Sedan | E79: OS - On-Street | F79: PP - Perpendicular | G79: L
B80: 5 | C80: 37RI007 | D80: C - Sedan | E80: OS - On-Street | F80: A - 45 Degree | G80: L
A81: 21 - 22 | B81: 5 | C81: 37RW441 | D81: C - Sedan | E81: OS - On-Street | F81: PP - Perpendicular | G81: L
B82: 5 | C82: 06CG606 | D82: C - Sedan | E82: FP - Footpath | F82: PP - Perpendicular | G82: L
B83: 5 | C83: 50WW300 | D83: C - Sedan | E83: OS - On-Street | F83: PP - Perpendicular | G83: L
B84: 5 | C84: 37MI482 | D84: C - Sedan | E84: OS - On-Street | F84: PP - Perpendicular | G84: L
A85: 22 - 23 | B85: 5 | C85: 06CG606 | D85: T - Truck | E85: FP - Footpath | F85: PA - Parallel | G85: L
B86: 5 | C86: 34QA613 | D86: C - Sedan | E86: OS - On-Street | F86: PA - Parallel | G86: L
B87: 5 | C87: 07OD010 | D87: C - Sedan | E87: OS - On-Street | F87: PA - Parallel | G87: L
A88: 23 - 24 | B88: 5 | C88: 06CG606 | D88: T - Truck | E88: FP - Footpath | F88: PA - Parallel | G88: L
B89: 5 | C89: 37JX341 | D89: C - Sedan | E89: FP - Footpath | F89: PA - Parallel | G89: L

Sheet 6
A1: Parking Survey Sheet
A3: Date: | B3: 46176
A4: Route #: | B4: Malatia Sebastia
A5: Name/Surname: | B5: _____________
A7: Time | B7: Zone | C7: License Number | D7: Vehicle Type | E7: Location | F7: Parking Method | G7: Legal/Illegal
A8: 7=7:00 14=14:00 midnight=00:00 & etc. | B8: Zone XXX | C8: 11XX111 | D8: C - Sedan T - Truck M - Motorcycle | E8: OS - On-Street FP - Footpath SB - Setback | F8: PA - Parallel A - 45 Degree PP - Perpendicular | G8: L - Legal I - Illegal
A9: 7 - 8 | B9: 6 | C9: 37 GJ 509 | D9: C - Sedan | E9: OS - On-Street | F9: A - 45 Degree | G9: L
B10: 6 | C10: FP510PP | D10: T - Truck | E10: FP - Footpath | F10: A - 45 Degree | G10: L
A11: 8 -9 | B11: 6 | C11: 37FL804 | D11: C - Sedan | E11: OS - On-Street | F11: A - 45 Degree | G11: L
B12: 6 | C12: 37PY597 | D12: C - Sedan | E12: OS - On-Street | F12: A - 45 Degree | G12: L
B13: 6 | C13: 77XR771 | D13: T - Truck | E13: OS - On-Street | F13: A - 45 Degree | G13: L
B14: 6 | C14: 88GC006 | D14: T - Truck | E14: OS - On-Street | F14: A - 45 Degree | G14: L
B15: 6 | C15: 85ZA500 | D15: T - Truck | E15: OS - On-Street | F15: A - 45 Degree | G15: L
B16: 6 | C16: 80HH111 | D16: T - Truck | E16: OS - On-Street | F16: A - 45 Degree | G16: L
B17: 6 | C17: 159HS61 | D17: T - Truck | E17: OS - On-Street | F17: A - 45 Degree | G17: L
B18: 6 | C18: 05CH055 | D18: C - Sedan | E18: OS - On-Street | F18: A - 45 Degree | G18: L
B19: 6 | C19: 99BD996 | D19: C - Sedan | E19: OS - On-Street | F19: A - 45 Degree | G19: L
A20: 9 - 10 | B20: 6 | C20: 80HH111 | D20: T - Truck | E20: SB - Setback | F20: A - 45 Degree | G20: L
B21: 6 | C21: 159HS61 | D21: T - Truck | E21: OS - On-Street | F21: A - 45 Degree | G21: L
B22: 6 | C22: 05CH055 | D22: C - Sedan | E22: OS - On-Street | F22: A - 45 Degree | G22: L
C23: 88PS886 | D23: C - Sedan | E23: OS - On-Street | F23: A - 45 Degree | G23: L
B24: 6 | C24: 57XP057 | D24: T - Truck | E24: SB - Setback | F24: A - 45 Degree | G24: L
B25: 6 | C25: 99BD996 | D25: T - Truck | E25: SB - Setback | F25: A - 45 Degree | G25: L
A26: 10 - 11 | B26: 6 | C26: 70NP700 | D26: C - Sedan | E26: OS - On-Street | F26: A - 45 Degree | G26: L
B27: 6 | C27: 50QS500 | D27: C - Sedan | E27: OS - On-Street | F27: A - 45 Degree | G27: L
B28: 6 | C28: 88AY886 | D28: C - Sedan | E28: OS - On-Street | F28: A - 45 Degree | G28: L
B29: 6 | C29: 37FL804 | D29: C - Sedan | E29: OS - On-Street | F29: A - 45 Degree | G29: L
A30: 11 - 12 | B30: 6 | C30: 35VO909 | D30: C - Sedan | E30: OS - On-Street | F30: A - 45 Degree | G30: L
B31: 6 | C31: 888TT08 | D31: C - Sedan | E31: FP - Footpath | F31: A - 45 Degree | G31: L
B32: 6 | C32: 99BD996 | D32: T - Truck | E32: FP - Footpath | F32: A - 45 Degree | G32: L
A33: 12 - 13 | B33: 6 | C33: 20OY020 | D33: C - Sedan | E33: OS - On-Street | F33: PP - Perpendicular | G33: L
B34: 6 | C34: 36VO617 | D34: C - Sedan | E34: OS - On-Street | F34: PP - Perpendicular | G34: L
B35: 6 | C35: 36PA598 | D35: C - Sedan | E35: OS - On-Street | F35: PP - Perpendicular | G35: L
A36: 13 - 14 | B36: 6 | C36: 03AG033 | D36: C - Sedan | E36: OS - On-Street | F36: PP - Perpendicular | G36: L
B37: 6 | C37: 07LD707 | D37: C - Sedan | E37: OS - On-Street | F37: PP - Perpendicular | G37: L
B38: 6 | C38: 91EH001 | D38: T - Truck | E38: OS - On-Street | F38: PP - Perpendicular | G38: L
A39: 14 - 15 | B39: 6 | C39: 20OY020 | D39: C - Sedan | E39: OS - On-Street | F39: PP - Perpendicular | G39: L
B40: 6 | C40: 36PA598 | D40: C - Sedan | E40: OS - On-Street | F40: PP - Perpendicular | G40: L
A41: 15 - 16 | B41: 6 | C41: 70II505 | D41: C - Sedan | E41: FP - Footpath | F41: PP - Perpendicular | G41: L
B42: 6 | C42: 37SA179 | D42: C - Sedan | E42: FP - Footpath | F42: PP - Perpendicular | G42: L
B43: 6 | C43: 07LD707 | D43: C - Sedan | E43: FP - Footpath | F43: PP - Perpendicular | G43: L
A44: 16 - 17 | B44: 6 | C44: 99OF999 | D44: C - Sedan | E44: OS - On-Street | F44: PP - Perpendicular | G44: L
B45: 6 | C45: 37 HJ 143 | D45: C - Sedan | E45: OS - On-Street | F45: PP - Perpendicular | G45: L
B46: 6 | C46: 04 PP 414 | D46: C - Sedan | E46: OS - On-Street | F46: PP - Perpendicular | G46: L
A47: 17 - 18 | C47: 35RC394 | D47: C - Sedan | E47: OS - On-Street | F47: PP - Perpendicular | G47: L
B48: 6 | C48: 37FB217 | D48: C - Sedan | E48: OS - On-Street | F48: PP - Perpendicular | G48: L
B49: 6 | C49: 15MA300 | D49: C - Sedan | E49: OS - On-Street | F49: PP - Perpendicular | G49: L
B50: 6 | C50: 11HH777 | D50: C - Sedan | E50: OS - On-Street | F50: PP - Perpendicular | G50: L
A51: 18 - 19 | B51: 6 | C51: 10JD110 | D51: C - Sedan | E51: OS - On-Street | F51: A - 45 Degree | G51: L
B52: 6 | C52: 10CD001 | D52: C - Sedan | E52: FP - Footpath | F52: A - 45 Degree | G52: L
B53: 6 | C53: 87UT877 | D53: C - Sedan | E53: FP - Footpath | F53: A - 45 Degree | G53: L
B54: 6 | C54: 37MR278 | D54: C - Sedan | E54: FP - Footpath | F54: A - 45 Degree | G54: L
A55: 19 - 20 | B55: 6 | C55: 15MA300 | D55: C - Sedan | E55: OS - On-Street | F55: PA - Parallel | G55: L
B56: 6 | C56: 01AQ911 | D56: T - Truck | E56: OS - On-Street | F56: PA - Parallel | G56: L
B57: 6 | C57: 37NZ257 | D57: T - Truck | E57: OS - On-Street | F57: PA - Parallel | G57: L
B58: 6 | C58: 37FG900 | D58: C - Sedan | E58: OS - On-Street | F58: PA - Parallel | G58: L
A59: 20 - 21 | B59: 6 | C59: 15MA300 | D59: C - Sedan | E59: OS - On-Street | F59: PA - Parallel | G59: L
B60: 6 | C60: 01AQ911 | D60: T - Truck | E60: OS - On-Street | F60: PA - Parallel | G60: L
B61: 6 | C61: 34NZ257 | D61: T - Truck | E61: OS - On-Street | F61: PA - Parallel | G61: L
B62: 6 | C62: 37SC304 | D62: C - Sedan | E62: OS - On-Street | F62: PA - Parallel | G62: L
A63: 21 - 22 | B63: 6 | C63: 15MA300 | D63: C - Sedan | E63: FP - Footpath | F63: PA - Parallel | G63: L
B64: 6 | C64: 01AQ911 | D64: T - Truck | E64: FP - Footpath | F64: PA - Parallel | G64: L
B65: 6 | C65: 11VP808 | D65: C - Sedan | E65: OS - On-Street | F65: PA - Parallel | G65: L
A66: 22 - 23 | B66: 6 | C66: 15MA300 | D66: C - Sedan | E66: FP - Footpath | F66: PA - Parallel | G66: L
B67: 6 | C67: 01AQ911 | D67: T - Truck | E67: FP - Footpath | F67: PA - Parallel | G67: L
B68: 6 | C68: 47GQ007 | D68: C - Sedan | E68: OS - On-Street | F68: PA - Parallel | G68: L
A69: 23 - 24 | B69: 6 | C69: 15MA300 | D69: C - Sedan | E69: FP - Footpath | F69: PA - Parallel | G69: L
B70: 6 | C70: 01AQ911 | D70: T - Truck | E70: FP - Footpath | F70: PA - Parallel | G70: L

Sheet 7
A1: Parking Survey Sheet
A3: Date: | B3: 46176
A4: Route #: | B4: Malatia Sebastia
A5: Name/Surname: | B5: _____________
A7: Time | B7: Zone | C7: License Number | D7: Vehicle Type | E7: Location | F7: Parking Method | G7: Legal/Illegal
A8: 7=7:00 14=14:00 midnight=00:00 & etc. | B8: Zone XXX | C8: 11XX111 | D8: C - Sedan T - Truck M - Motorcycle | E8: OS - On-Street FP - Footpath SB - Setback | F8: PA - Parallel A - 45 Degree PP - Perpendicular | G8: L - Legal I - Illegal
A9: 7 - 8 | B9: 7 | C9: 07 OO 372 | D9: C - Sedan | E9: OS - On-Street | F9: A - 45 Degree | G9: L
B10: 7 | C10: 05 VL 011 | D10: C - Sedan | E10: OS - On-Street | F10: A - 45 Degree | G10: L
A11: 8 - 9 | B11: 7 | C11: 40LQ040 | D11: C - Sedan | E11: OS - On-Street | F11: PA - Parallel | G11: L
B12: 7 | C12: 07RM070 | D12: C - Sedan | E12: OS - On-Street | F12: PA - Parallel | G12: L
B13: 7 | C13: 35VY035 | D13: C - Sedan | E13: OS - On-Street | F13: PA - Parallel | G13: L
B14: 7 | C14: 20aOY020 | D14: C - Sedan | E14: OS - On-Street | F14: PA - Parallel | G14: L
B15: 7 | C15: 27SO669 | D15: C - Sedan | E15: OS - On-Street | F15: PA - Parallel | G15: L
A16: 9 - 10 | B16: 7 | C16: 09XB099 | D16: T - Truck | E16: OS - On-Street | F16: PA - Parallel | G16: L
B17: 7 | C17: 40LG040 | D17: C - Sedan | E17: OS - On-Street | F17: PA - Parallel | G17: L
B18: 7 | C18: 99BS996 | D18: C - Sedan | E18: OS - On-Street | F18: PA - Parallel | G18: L
B19: 7 | C19: 07RM070 | D19: T - Truck | E19: OS - On-Street | F19: PA - Parallel | G19: L
B20: 7 | C20: 37FG900 | D20: C - Sedan | E20: FP - Footpath | F20: A - 45 Degree | G20: L
B21: 7 | C21: 27SO699 | D21: T - Truck | E21: OS - On-Street | F21: PA - Parallel | G21: L
A22: 10 - 11 | B22: 7 | C22: 51TA551 | D22: C - Sedan | E22: FP - Footpath | F22: A - 45 Degree | G22: L
B23: 7 | C23: UF597UU | D23: C - Sedan | E23: OS - On-Street | F23: PA - Parallel | G23: L
B24: 7 | C24: 37UF117 | D24: C - Sedan | E24: OS - On-Street | F24: PA - Parallel | G24: L
B25: 7 | C25: 10XC101 | D25: C - Sedan | E25: OS - On-Street | F25: PA - Parallel | G25: L
A26: 11 - 12 | B26: 7 | C26: 37EU332 | D26: C - Sedan | E26: FP - Footpath | F26: PA - Parallel | G26: L
B27: 7 | C27: 99BS996 | D27: C - Sedan | E27: FP - Footpath | F27: PA - Parallel | G27: L
B28: 7 | C28: 37FG900 | D28: C - Sedan | E28: FP - Footpath | F28: PA - Parallel | G28: L
B29: 7 | C29: 20OY020 | D29: C - Sedan | E29: FP - Footpath | F29: A - 45 Degree | G29: L
A30: 12 - 13 | B30: 7 | C30: 36MS460 | D30: C - Sedan | E30: OS - On-Street | F30: A - 45 Degree | G30: L
B31: 7 | C31: 88HU888 | D31: C - Sedan | E31: OS - On-Street | F31: A - 45 Degree | G31: L
A32: 13 - 14 | B32: 7 | C32: 35UZ111 | D32: C - Sedan | E32: OS - On-Street | F32: PA - Parallel | G32: L
B33: 7 | C33: 29TT555 | D33: C - Sedan | E33: OS - On-Street | F33: PA - Parallel | G33: L
B34: 7 | C34: 37MO995 | D34: C - Sedan | E34: OS - On-Street | F34: PA - Parallel | G34: L
A35: 14 - 15 | C35: 50IB101 | D35: C - Sedan | E35: OS - On-Street | F35: PA - Parallel | G35: L
B36: 7 | C36: 88HU888 | D36: C - Sedan | E36: OS - On-Street | F36: A - 45 Degree | G36: L
A37: 15 - 16 | B37: 7 | C37: 50IW150 | D37: C - Sedan | E37: OS - On-Street | F37: PA - Parallel | G37: L
B38: 7 | C38: 73HA777 | D38: C - Sedan | E38: FP - Footpath | F38: PA - Parallel | G38: L
A39: 16 - 17 | B39: 7 | C39: 35 RX 312 | D39: C - Sedan | E39: OS - On-Street | F39: PP - Perpendicular | G39: L
B40: 7 | C40: 37 TF 152 | D40: C - Sedan | E40: OS - On-Street | F40: PP - Perpendicular | G40: L
A41: 17 - 18 | B41: 7 | C41: 445LU01 | D41: C - Sedan | E41: OS - On-Street | F41: PA - Parallel | G41: L
B42: 7 | C42: 431AS61 | D42: T - Truck | E42: OS - On-Street | F42: PA - Parallel | G42: L
A43: 18 - 19 | B43: 7 | C43: 41GC444 | D43: C - Sedan | E43: FP - Footpath | F43: A - 45 Degree | G43: L
B44: 7 | C44: 060GS61 | D44: C - Sedan | E44: FP - Footpath | F44: PP - Perpendicular | G44: L
B45: 7 | C45: 36FS312 | D45: C - Sedan | E45: FP - Footpath | F45: PP - Perpendicular | G45: L
A46: 19 - 20 | B46: 7 | C46: 35UG438 | D46: C - Sedan | E46: OS - On-Street | F46: A - 45 Degree | G46: L
B47: 7 | C47: 07RM070 | D47: T - Truck | E47: OS - On-Street | F47: PA - Parallel | G47: L
A48: 20 - 21 | B48: 7 | C48: 37FG900 | D48: C - Sedan | E48: FP - Footpath | F48: PA - Parallel | G48: L
B49: 7 | C49: 07RM070 | D49: T - Truck | E49: FP - Footpath | F49: PA - Parallel | G49: L
B50: 7 | C50: 01IK019 | D50: C - Sedan | E50: FP - Footpath | F50: PP - Perpendicular | G50: L
B51: 7 | C51: 604AA | D51: M - Motorcycle | E51: FP - Footpath | F51: PA - Parallel | G51: L
A52: 21 - 22 | B52: 7 | C52: 37FG900 | D52: C - Sedan | E52: FP - Footpath | F52: PA - Parallel | G52: L
B53: 7 | C53: 07RM070 | D53: T - Truck | E53: FP - Footpath | F53: PA - Parallel | G53: L
A54: 22 - 23 | B54: 7 | C54: 37NK158 | D54: C - Sedan | E54: OS - On-Street | F54: PA - Parallel | G54: L
A55: 23 - 24 | B55: 7 | C55: KF054KF | D55: C - Sedan | E55: FP - Footpath | F55: A - 45 Degree | G55: L

Sheet 8
A1: Parking Survey Sheet
A3: Date: | B3: 46176
A4: Route #: | B4: Malatia Sebastia
A5: Name/Surname: | B5: _____________
A7: Time | B7: Zone | C7: License Number | D7: Vehicle Type | E7: Location | F7: Parking Method | G7: Legal/Illegal
A8: 7=7:00 14=14:00 midnight=00:00 & etc. | B8: Zone XXX | C8: 11XX111 | D8: C - Sedan T - Truck M - Motorcycle | E8: OS - On-Street FP - Footpath SB - Setback | F8: PA - Parallel A - 45 Degree PP - Perpendicular | G8: L - Legal I - Illegal
A9: 7 - 8 | B9: 8 | C9: 78 QN 888 | D9: C - Sedan | E9: OS - On-Street | F9: A - 45 Degree | G9: L
B10: 8 | C10: 36RC763 | D10: C - Sedan | E10: OS - On-Street | F10: PA - Parallel | G10: L
A11: 8 - 9 | B11: 8 | C11: 37MZ284 | D11: C - Sedan | E11: OS - On-Street | F11: A - 45 Degree | G11: L
B12: 8 | C12: 55HH553 | D12: C - Sedan | E12: OS - On-Street | F12: A - 45 Degree | G12: L
B13: 8 | C13: 37SJ251 | D13: C - Sedan | E13: OS - On-Street | F13: PA - Parallel | G13: L
B14: 8 | C14: 49XX888 | D14: C - Sedan | E14: OS - On-Street | F14: PA - Parallel | G14: L
B15: 8 | C15: 37EW449 | D15: C - Sedan | E15: OS - On-Street | F15: PA - Parallel | G15: L
B16: 8 | C16: 37EB340 | D16: C - Sedan | E16: OS - On-Street | F16: PA - Parallel | G16: L
B17: 8 | C17: 35CD486 | D17: C - Sedan | E17: OS - On-Street | F17: PA - Parallel | G17: L
A18: 9 - 10 | B18: 8 | C18: 37KH044 | D18: C - Sedan | E18: FP - Footpath | F18: A - 45 Degree | G18: L
B19: 8 | C19: 51QQ510 | D19: C - Sedan | E19: OS - On-Street | F19: PA - Parallel | G19: L
B20: 8 | C20: 37MZ284 | D20: C - Sedan | E20: FP - Footpath | F20: PP - Perpendicular | G20: L
B21: 8 | C21: 55HH553 | D21: C - Sedan | E21: FP - Footpath | F21: PP - Perpendicular | G21: L
B22: 8 | C22: 49XX888 | D22: C - Sedan | E22: FP - Footpath | F22: PP - Perpendicular | G22: L
B23: 8 | C23: 37EW449 | D23: T - Truck | E23: FP - Footpath | F23: PP - Perpendicular | G23: L
B24: 8 | C24: 18US852 | D24: T - Truck | E24: OS - On-Street | F24: PA - Parallel | G24: L
B25: 8 | C25: 80PB080 | D25: C - Sedan | E25: OS - On-Street | F25: PA - Parallel | G25: L
B26: 8 | C26: 37EG 233 | D26: C - Sedan | E26: FP - Footpath | F26: A - 45 Degree | G26: L
B27: 8 | C27: 70LS009 | D27: C - Sedan | E27: OS - On-Street | F27: PA - Parallel | G27: L
A28: 10 - 11 | B28: 8 | C28: 70LS009 | D28: C - Sedan | E28: OS - On-Street | F28: PA - Parallel | G28: L
B29: 8 | C29: 37NT639 | D29: C - Sedan | E29: OS - On-Street | F29: PA - Parallel | G29: L
B30: 8 | C30: 33VO294 | D30: C - Sedan | E30: OS - On-Street | F30: PA - Parallel | G30: L
A31: 11 - 12 | B31: 8 | C31: 37PV453 | D31: C - Sedan | E31: OS - On-Street | F31: PA - Parallel | G31: L
B32: 8 | C32: 37EW449 | D32: T - Truck | E32: FP - Footpath | F32: PP - Perpendicular | G32: L
B33: 8 | C33: 36VU617 | D33: C - Sedan | E33: OS - On-Street | F33: A - 45 Degree | G33: L
B34: 8 | C34: 01IK019 | D34: C - Sedan | E34: FP - Footpath | F34: A - 45 Degree | G34: L
A35: 12 - 13 | B35: 8 | C35: 18LO104 | D35: C - Sedan | E35: OS - On-Street | F35: PP - Perpendicular | G35: L
B36: 8 | C36: 88RZ822 | D36: C - Sedan | E36: OS - On-Street | F36: PP - Perpendicular | G36: L
B37: 8 | C37: 01VC004 | D37: C - Sedan | E37: OS - On-Street | F37: PP - Perpendicular | G37: L
B38: 8 | C38: 37OW589 | D38: C - Sedan | E38: OS - On-Street | F38: PP - Perpendicular | G38: L
A39: 13 - 14 | B39: 8 | C39: 22MM001 | D39: C - Sedan | E39: OS - On-Street | F39: PA - Parallel | G39: L
B40: 8 | C40: 19LM009 | D40: C - Sedan | E40: OS - On-Street | F40: PA - Parallel | G40: L
B41: 8 | C41: 37HK044 | D41: C - Sedan | E41: FP - Footpath | F41: A - 45 Degree | G41: L
B42: 8 | C42: 37KD126 | D42: C - Sedan | E42: FP - Footpath | F42: A - 45 Degree | G42: L
B43: 8 | C43: 37EW449 | D43: T - Truck | E43: FP - Footpath | F43: PP - Perpendicular | G43: L
B44: 8 | C44: 37SE738 | D44: C - Sedan | E44: OS - On-Street | F44: A - 45 Degree | G44: L
B45: 8 | C45: 14QO004 | D45: C - Sedan | E45: OS - On-Street | F45: PA - Parallel | G45: L
A46: 14 - 15 | B46: 8 | C46: 37OW589 | D46: C - Sedan | E46: OS - On-Street | F46: PP - Perpendicular | G46: L
B47: 8 | C47: 01VC004 | D47: C - Sedan | E47: OS - On-Street | F47: PP - Perpendicular | G47: L
B48: 8 | C48: 36FG154 | D48: C - Sedan | E48: OS - On-Street | F48: PP - Perpendicular | G48: L
A49: 15 - 16 | B49: 8 | C49: 01IK019 | D49: C - Sedan | E49: FP - Footpath | F49: PA - Parallel | G49: L
B50: 8 | C50: 37KH044 | D50: C - Sedan | E50: FP - Footpath | F50: PA - Parallel | G50: L
B51: 8 | C51: 37KD126 | D51: C - Sedan | E51: FP - Footpath | F51: PA - Parallel | G51: L
B52: 8 | C52: 49XX888 | D52: C - Sedan | E52: FP - Footpath | F52: A - 45 Degree | G52: L
B53: 8 | C53: 76BM767 | D53: C - Sedan | E53: FP - Footpath | F53: A - 45 Degree | G53: L
B54: 8 | C54: 37SE738 | D54: C - Sedan | E54: FP - Footpath | F54: A - 45 Degree | G54: L
B55: 8 | C55: 01VV066 | D55: C - Sedan | E55: FP - Footpath | F55: PA - Parallel | G55: L
A56: 16 - 17 | B56: 8 | C56: 80 XA 080 | D56: C - Sedan | E56: OS - On-Street | F56: PP - Perpendicular | G56: L
B57: 8 | C57: 15 ST 500 | D57: C - Sedan | E57: OS - On-Street | F57: PP - Perpendicular | G57: L
B58: 8 | C58: 01DL070 | D58: C - Sedan | E58: OS - On-Street | F58: PA - Parallel | G58: L
B59: 8 | C59: 82NO882 | D59: C - Sedan | E59: OS - On-Street | F59: PA - Parallel | G59: L
B60: 8 | C60: 66QQ688 | D60: C - Sedan | E60: OS - On-Street | F60: PA - Parallel | G60: L
B61: 8 | C61: 37 MO 552 | D61: C - Sedan | E61: OS - On-Street | F61: PP - Perpendicular | G61: L
A62: 17 - 18 | B62: 8 | C62: 93MG993 | D62: C - Sedan | E62: OS - On-Street | F62: PA - Parallel | G62: L
B63: 8 | C63: 37KH044 | D63: C - Sedan | E63: FP - Footpath | F63: A - 45 Degree | G63: L
B64: 8 | C64: 35UR103 | D64: C - Sedan | E64: FP - Footpath | F64: PP - Perpendicular | G64: L
B65: 8 | C65: 37EW449 | D65: T - Truck | E65: FP - Footpath | F65: A - 45 Degree | G65: L
B66: 8 | C66: 16PP166 | D66: C - Sedan | E66: OS - On-Street | F66: PA - Parallel | G66: L
B67: 8 | C67: 01VV066 | D67: C - Sedan | E67: OS - On-Street | F67: PA - Parallel | G67: L
A68: 18 - 19 | B68: 8 | C68: 01IK019 | D68: C - Sedan | E68: FP - Footpath | F68: PP - Perpendicular | G68: L
B69: 8 | C69: 88QQ969 | D69: C - Sedan | E69: FP - Footpath | F69: A - 45 Degree | G69: L
B70: 8 | C70: 35CP657 | D70: T - Truck | E70: FP - Footpath | F70: A - 45 Degree | G70: L
B71: 8 | C71: 91GB909 | D71: T - Truck | E71: FP - Footpath | F71: A - 45 Degree | G71: L
B72: 8 | C72: 37AT498 | D72: T - Truck | E72: FP - Footpath | F72: PP - Perpendicular | G72: L
B73: 8 | C73: 60PF060 | D73: C - Sedan | E73: FP - Footpath | F73: PP - Perpendicular | G73: L
B74: 8 | C74: 99NB998 | D74: C - Sedan | E74: OS - On-Street | F74: PA - Parallel | G74: L
B75: 8 | C75: 08OO083 | D75: T - Truck | E75: FP - Footpath | F75: PP - Perpendicular | G75: L
A76: 19 - 20 | B76: 8 | C76: 01IK019 | D76: C - Sedan | E76: OS - On-Street | F76: A - 45 Degree | G76: L
B77: 8 | C77: 37KH044 | D77: C - Sedan | E77: OS - On-Street | F77: A - 45 Degree | G77: L
B78: 8 | C78: 35QO265 | D78: C - Sedan | E78: OS - On-Street | F78: A - 45 Degree | G78: L
B79: 8 | C79: 3Z284 | D79: C - Sedan | E79: OS - On-Street | F79: A - 45 Degree | G79: L
B80: 8 | C80: 37SJ251 | D80: C - Sedan | E80: OS - On-Street | F80: A - 45 Degree | G80: L
B81: 8 | C81: 37KD126 | D81: C - Sedan | E81: OS - On-Street | F81: A - 45 Degree | G81: L
B82: 8 | C82: 49XX888 | D82: C - Sedan | E82: OS - On-Street | F82: A - 45 Degree | G82: L
B83: 8 | C83: 37EW449 | D83: T - Truck | E83: FP - Footpath | F83: A - 45 Degree | G83: L
B84: 8 | C84: 01UL861 | D84: C - Sedan | E84: OS - On-Street | F84: A - 45 Degree | G84: L
B85: 8 | C85: 36VU617 | D85: C - Sedan | E85: OS - On-Street | F85: A - 45 Degree | G85: L
B86: 8 | C86: 76BM767 | D86: C - Sedan | E86: OS - On-Street | F86: A - 45 Degree | G86: L
B87: 8 | C87: 01VV066 | D87: C - Sedan | E87: OS - On-Street | F87: PA - Parallel | G87: L
B88: 8 | C88: 10ZZ012 | D88: C - Sedan | E88: OS - On-Street | F88: A - 45 Degree | G88: L
A89: 20 - 21 | B89: 8 | C89: 35QO265 | D89: C - Sedan | E89: FP - Footpath | F89: PP - Perpendicular | G89: L
B90: 8 | C90: 37MZ284 | D90: C - Sedan | E90: FP - Footpath | F90: PP - Perpendicular | G90: L
B91: 8 | C91: 37KD126 | D91: C - Sedan | E91: FP - Footpath | F91: PP - Perpendicular | G91: L
B92: 8 | C92: 37SJ251 | D92: C - Sedan | E92: FP - Footpath | F92: PP - Perpendicular | G92: L
B93: 8 | C93: 49XX888 | D93: C - Sedan | E93: OS - On-Street | F93: PP - Perpendicular | G93: L
B94: 8 | C94: 37EW449 | D94: T - Truck | E94: FP - Footpath | F94: PP - Perpendicular | G94: L
B95: 8 | C95: 36VU617 | D95: C - Sedan | E95: FP - Footpath | F95: PP - Perpendicular | G95: L
B96: 8 | C96: 37ST997 | D96: C - Sedan | E96: OS - On-Street | F96: PA - Parallel | G96: L
A97: 21 - 22 | B97: 8 | C97: 12SM212 | D97: C - Sedan | E97: FP - Footpath | F97: PP - Perpendicular | G97: L
B98: 8 | C98: 70LS009 | D98: C - Sedan | E98: FP - Footpath | F98: A - 45 Degree | G98: L
B99: 8 | C99: 01VV066 | D99: C - Sedan | E99: OS - On-Street | F99: PA - Parallel | G99: L
B100: 8 | C100: 10ZZ012 | D100: C - Sedan | E100: OS - On-Street | F100: PP - Perpendicular | G100: L
A101: 22 - 23 | B101: 8 | C101: 01IK019 | D101: C - Sedan | E101: FP - Footpath | F101: PA - Parallel | G101: L
B102: 8 | C102: 37PY581 | D102: C - Sedan | E102: FP - Footpath | F102: PA - Parallel | G102: L
...

Sheet 9
A1: Parking Survey Sheet
A3: Date: | B3: 46176
A4: Route #: | B4: Malatia Sebastia
A5: Name/Surname: | B5: _____________
A7: Time | B7: Zone | C7: License Number | D7: Vehicle Type | E7: Location | F7: Parking Method | G7: Legal/Illegal
A8: 7=7:00 14=14:00 midnight=00:00 & etc. | B8: Zone XXX | C8: 11XX111 | D8: C - Sedan T - Truck M - Motorcycle | E8: OS - On-Street FP - Footpath SB - Setback | F8: PA - Parallel A - 45 Degree PP - Perpendicular | G8: L - Legal I - Illegal
A9: 7 - 8 | B9: 9 | C9: 37 VA 50 | D9: C - Sedan | E9: OS - On-Street | F9: A - 45 Degree
B10: 9 | C10: 37 JX 156 | D10: C - Sedan | E10: OS - On-Street | F10: A - 45 Degree
A11: 8 - 9 | B11: 9 | C11: - | D11: - | E11: - | F11: - | G11: -
A12: 9 - 10 | B12: 9 | C12: 36UD348 | D12: C - Sedan | E12: OS - On-Street | F12: PA - Parallel
A13: 10 - 11 | B13: 9 | C13: 73BM773 | D13: C - Sedan | E13: OS - On-Street | F13: PA - Parallel
B14: 9 | C14: 55HH553 | D14: C - Sedan | E14: FP - Footpath | F14: PA - Parallel
A15: 11 - 12 | B15: 9 | C15: 30GC088 | D15: C - Sedan | E15: OS - On-Street | F15: PA - Parallel
B16: 9 | C16: 76BM766 | D16: C - Sedan | E16: FP - Footpath | F16: A - 45 Degree
B17: 9 | C17: 16DO161 | D17: C - Sedan | E17: OS - On-Street | F17: PA - Parallel
A18: 12 - 13 | B18: 9 | C18: 27KA077 | D18: C - Sedan | E18: OS - On-Street | F18: A - 45 Degree
B19: 9 | C19: 828CZ61 | D19: C - Sedan | E19: OS - On-Street | F19: PP - Perpendicular
B20: 9 | C20: 37CZ636 | D20: C - Sedan | E20: OS - On-Street | F20: PP - Perpendicular
A21: 13 - 14 | B21: 9 | C21: 20KB120 | D21: C - Sedan | E21: OS - On-Street | F21: PP - Perpendicular
B22: 9 | C22: 99LG090 | D22: C - Sedan | E22: OS - On-Street | F22: A - 45 Degree
A23: 14 - 15 | B23: 9 | C23: 20KB120 | D23: C - Sedan | E23: OS - On-Street | F23: PP - Perpendicular
B24: 9 | C24: 37CZ636 | D24: C - Sedan | E24: OS - On-Street | F24: PP - Perpendicular
B25: 9 | C25: 828CZ61 | D25: C - Sedan | E25: OS - On-Street | F25: PP - Perpendicular
A26: 15 - 16 | B26: 9 | C26: 37LB640 | D26: C - Sedan | E26: OS - On-Street | F26: PA - Parallel
B27: 9 | C27: 37HF206 | D27: C - Sedan | E27: OS - On-Street | F27: PA - Parallel
B28: 9 | C28: 36AQ750 | D28: C - Sedan | E28: OS - On-Street | F28: PA - Parallel
B29: 9 | C29: 88KK044 | D29: C - Sedan | E29: OS - On-Street | F29: PA - Parallel
A30: 16 - 17 | B30: 9 | C30: 37 KO 534 | D30: C - Sedan | E30: OS - On-Street | F30: PP - Perpendicular
B31: 9 | C31: 37 FQ 625 | D31: C - Sedan | E31: OS - On-Street | F31: PP - Perpendicular
A32: 17 - 18 | B32: 9 | C32: - | D32: - | E32: - | F32: - | G32: -
A33: 18 - 19 | B33: 9 | C33: 02SL580 | D33: C - Sedan | E33: OS - On-Street | F33: PA - Parallel
A34: 19 - 20 | B34: 9 | C34: 89ZV889 | D34: C - Sedan | E34: OS - On-Street | F34: PA - Parallel
A35: 20 - 21 | B35: 9 | C35: 89ZV889 | D35: C - Sedan | E35: OS - On-Street | F35: PA - Parallel
A36: 21 - 22 | B36: 9 | C36: 89ZV889 | D36: C - Sedan | E36: OS - On-Street | F36: PA - Parallel
A37: 22 - 23 | B37: 9 | C37: - | D37: - | E37: - | F37: - | G37: -
A38: 23 - 24 | B38: 9 | C38: - | D38: - | E38: - | F38: - | G38: -

Sheet 10
A1: Parking Survey Sheet
A3: Date: | B3: 46176
A4: Route #: | B4: Malatia Sebastia
A5: Name/Surname: | B5: _____________
A7: Time | B7: Zone | C7: License Number | D7: Vehicle Type | E7: Location | F7: Parking Method | G7: Legal/Illegal
A8: 7=7:00 14=14:00 midnight=00:00 & etc. | B8: Zone XXX | C8: 11XX111 | D8: C - Sedan T - Truck M - Motorcycle | E8: OS - On-Street FP - Footpath SB - Setback | F8: PA - Parallel A - 45 Degree PP - Perpendicular | G8: L - Legal I - Illegal
A9: 7 - 8 | B9: 10 | C9: 37 PP 439 | D9: C - Sedan | E9: OS - On-Street | F9: A - 45 Degree | G9: L
B10: 10 | C10: 34 LM 387 | D10: C - Sedan | E10: OS - On-Street | F10: A - 45 Degree | G10: L
A11: 8 - 9 | B11: 10 | C11: - | D11: -- | E11: - | F11: - | G11: -
A12: 9 - 10 | B12: 10 | C12: no number | D12: C - Sedan | E12: OS - On-Street | F12: PA - Parallel | G12: L
B13: 10 | C13: no number | D13: C - Sedan | E13: OS - On-Street | F13: PA - Parallel | G13: L
A14: 10 - 11 | B14: 10 | C14: no number | D14: C - Sedan | E14: OS - On-Street | F14: PA - Parallel | G14: L
B15: 10 | C15: no number | D15: C - Sedan | E15: OS - On-Street | F15: PA - Parallel | G15: L
A16: 11 - 12 | B16: 10 | C16: no number | D16: C - Sedan | E16: FP - Footpath | F16: PA - Parallel | G16: L
B17: 10 | C17: no number | D17: C - Sedan | E17: FP - Footpath | F17: PA - Parallel | G17: L
A18: 12 - 13 | B18: 10 | C18: 10YY200 | D18: C - Sedan | E18: OS - On-Street | F18: PP - Perpendicular | G18: L
B19: 10 | C19: 35NP236 | D19: C - Sedan | E19: FP - Footpath | F19: PP - Perpendicular | G19: L
B20: 10 | C20: 37LV829 | D20: C - Sedan | E20: OS - On-Street | F20: PP - Perpendicular | G20: L
A21: 13 - 14 | B21: 10 | C21: 99NB998 | D21: C - Sedan | E21: OS - On-Street | F21: PP - Perpendicular | G21: L
B22: 10 | C22: 36LF337 | D22: C - Sedan | E22: OS - On-Street | F22: PP - Perpendicular | G22: L
B23: 10 | C23: 01DX055 | D23: C - Sedan | E23: OS - On-Street | F23: PP - Perpendicular | G23: L
B24: 10 | C24: 37AT498 | D24: C - Sedan | E24: OS - On-Street | F24: PP - Perpendicular | G24: L
B25: 10 | C25: 71RO007 | D25: C - Sedan | E25: OS - On-Street | F25: PP - Perpendicular | G25: L
B26: 10 | C26: 37MH690 | D26: C - Sedan | E26: OS - On-Street | F26: PP - Perpendicular | G26: L
A27: 14 - 15 | B27: 10 | C27: 22MM707 | D27: C - Sedan | E27: OS - On-Street | F27: PP - Perpendicular | G27: L
B28: 10 | C28: 10XF010 | D28: C - Sedan | E28: OS - On-Street | F28: PP - Perpendicular | G28: L
B29: 10 | C29: 55GT501 | D29: C - Sedan | E29: OS - On-Street | F29: PP - Perpendicular | G29: L
B30: 10 | C30: 37MH690 | D30: C - Sedan | E30: OS - On-Street | F30: PP - Perpendicular | G30: L
B31: 10 | C31: 37AT498 | D31: C - Sedan | E31: OS - On-Street | F31: PP - Perpendicular | G31: L
B32: 10 | C32: 01DX055 | D32: C - Sedan | E32: OS - On-Street | F32: A - 45 Degree | G32: L
B33: 10 | C33: 99NB998 | D33: C - Sedan | E33: OS - On-Street | F33: A - 45 Degree | G33: L
A34: 15 - 16 | B34: 10 | C34: 11YU011 | D34: C - Sedan | E34: OS - On-Street | F34: PA - Parallel | G34: L
B35: 10 | C35: 77QX797 | D35: C - Sedan | E35: OS - On-Street | F35: PA - Parallel | G35: L
B36: 10 | C36: 21LT002 | D36: C - Sedan | E36: OS - On-Street | F36: PA - Parallel | G36: L
A37: 16 - 17 | B37: 10 | C37: 18HV008 | D37: C - Sedan | E37: OS - On-Street | F37: PA - Parallel | G37: L
B38: 10 | C38: 78 QA 778 | D38: T - Truck | E38: OS - On-Street | F38: PP - Perpendicular | G38: L
B39: 10 | C39: 05 SH 025 | D39: C - Sedan | E39: OS - On-Street | F39: PP - Perpendicular | G39: L
A40: 17 - 18 | B40: 10 | C40: 37QH697 | D40: C - Sedan | E40: OS - On-Street | F40: PA - Parallel | G40: L
B41: 10 | C41: 21BM001 | D41: C - Sedan | E41: OS - On-Street | F41: PA - Parallel | G41: L
A42: 18 - 19 | B42: 10 | C42: 36VO332 | D42: C - Sedan | E42: OS - On-Street | F42: PA - Parallel | G42: L
B43: 10 | C43: 21BM001 | D43: C - Sedan | E43: OS - On-Street | F43: PA - Parallel | G43: L
A44: 19 - 20 | B44: 10 | C44: 88KK505 | D44: C - Sedan | E44: OS - On-Street | F44: PA - Parallel | G44: L
B45: 10 | C45: 21BM001 | D45: C - Sedan | E45: OS - On-Street | F45: PA - Parallel | G45: L
A46: 20 - 21 | B46: 10 | C46: 88KK505 | D46: C - Sedan | E46: OS - On-Street | F46: PA - Parallel | G46: L
B47: 10 | C47: 21BM001 | D47: C - Sedan | E47: OS - On-Street | F47: PA - Parallel | G47: L
B48: 10 | C48: no number | D48: C - Sedan | E48: OS - On-Street | F48: PA - Parallel | G48: L
A49: 21 - 22 | B49: 10 | C49: 37NK106 | D49: C - Sedan | E49: OS - On-Street | F49: PA - Parallel | G49: L
A50: 22 - 23 | B50: 10 | C50: - | D50: -- | E50: - | F50: - | G50: -

Sheet 11
A1: Parking Survey Sheet
A3: Date: | B3: 46176
A4: Route #: | B4: Malatia Sebastia
A5: Name/Surname: | B5: _____________
A7: Time | B7: Zone | C7: License Number | D7: Vehicle Type | E7: Location | F7: Parking Method | G7: Legal/Illegal
A8: 7=7:00 14=14:00 midnight=00:00 & etc. | B8: Zone XXX | C8: 11XX111 | D8: C - Sedan T - Truck M - Motorcycle | E8: OS - On-Street FP - Footpath SB - Setback | F8: PA - Parallel A - 45 Degree PP - Perpendicular | G8: L - Legal I - Illegal
A9: 7 - 8 | B9: 11 | C9: - | D9: - | E9: - | F9: - | G9: -
A10: 8 - 9 | B10: 11 | C10: 35VX988 | D10: C - Sedan | E10: OS - On-Street | F10: PA - Parallel | G10: L
A11: 9 - 10 | B11: 11 | C11: 35VX988 | D11: C - Sedan | E11: OS - On-Street | F11: PA - Parallel | G11: L
A12: 10 - 11 | B12: 11 | C12: 71FV711 | D12: C - Sedan | E12: OS - On-Street | F12: A - 45 Degree | G12: L
A13: 11 - 12 | B13: 11 | C13: 36VO040 | D13: C - Sedan | E13: FP - Footpath | F13: PA - Parallel | G13: L
A14: 12 - 13 | B14: 11 | C14: 37VM025 | D14: C - Sedan | E14: OS - On-Street | F14: A - 45 Degree | G14: L
B15: 11 | C15: 37NZ405 | D15: T - Truck | E15: OS - On-Street | F15: A - 45 Degree | G15: L
B16: 11 | C16: 55GG185 | D16: C - Sedan | E16: OS - On-Street | F16: A - 45 Degree | G16: L
B17: 11 | C17: 94XA900 | D17: T - Truck | E17: OS - On-Street | F17: A - 45 Degree | G17: L
B18: 11 | C18: 01CF011 | D18: C - Sedan | E18: OS - On-Street | F18: A - 45 Degree | G18: L
B19: 11 | C19: 88IU898 | D19: C - Sedan | E19: OS - On-Street | F19: A - 45 Degree | G19: L
A20: 13 - 14 | B20: 11 | C20: 35VX988 | D20: C - Sedan | E20: OS - On-Street | F20: PA - Parallel | G20: L
B21: 11 | C21: 37NZ405 | D21: T - Truck | E21: OS - On-Street | F21: A - 45 Degree | G21: L
A22: 14 - 15 | B22: 11 | C22: 55GG185 | D22: C - Sedan | E22: OS - On-Street | F22: A - 45 Degree | G22: L
B23: 11 | C23: 94XA900 | D23: T - Truck | E23: OS - On-Street | F23: A - 45 Degree | G23: L
B24: 11 | C24: 37VM025 | D24: C - Sedan | E24: OS - On-Street | F24: A - 45 Degree | G24: L
A25: 15 - 16 | B25: 11 | C25: 01CF011 | D25: C - Sedan | E25: OS - On-Street | F25: A - 45 Degree | G25: L
B26: 11 | C26: 36TG961 | D26: C - Sedan | E26: FP - Footpath | F26: PA - Parallel | G26: L
A27: 16 - 17 | B27: 11 | C27: 08OV090 | D27: C - Sedan | E27: OS - On-Street | F27: PA - Parallel | G27: L
B28: 11 | C28: 37NH359 | D28: C - Sedan | E28: OS - On-Street | F28: PA - Parallel | G28: L
B29: 11 | C29: 36QU109 | D29: C - Sedan | E29: OS - On-Street | F29: PA - Parallel | G29: L
A30: 17 - 18 | B30: 11 | C30: 81 EE 333 | D30: C - Sedan | E30: OS - On-Street | F30: PP - Perpendicular | G30: L
B31: 11 | C31: 67 UU 007 | D31: C - Sedan | E31: OS - On-Street | F31: PP - Perpendicular | G31: L
A32: 18 - 19 | B32: 11 | C32: 35VX988 | D32: C - Sedan | E32: OS - On-Street | F32: PA - Parallel | G32: L
B33: 11 | C33: 96 SG 006* | D33: T - Truck | E33: OS - On-Street | F33: PP - Perpendicular | G33: L
A34: 19 - 20 | B34: 11 | C34: 35VX988 | D34: C - Sedan | E34: OS - On-Street | F34: PA - Parallel | G34: L
A35: 20 - 21 | B35: 11 | C35: 34CC433 | D35: C - Sedan | E35: OS - On-Street | F35: PA - Parallel | G35: L
B36: 11 | C36: 35VX988 | D36: C - Sedan | E36: OS - On-Street | F36: PA - Parallel | G36: L
B37: 11 | C37: 37EV660 | D37: C - Sedan | E37: OS - On-Street | F37: PA - Parallel | G37: L
A38: 21 - 22 | B38: 11 | C38: 35VX988 | D38: C - Sedan | E38: OS - On-Street | F38: PA - Parallel | G38: L
A39: 22 - 23 | B39: 11 | C39: 37EV660 | D39: C - Sedan | E39: OS - On-Street | F39: PA - Parallel | G39: L
A40: 23 - 24 | B40: 11 | C40: 21BM001 | D40: C - Sedan | E40: FP - Footpath | F40: PA - Parallel | G40: L
B41: 11 | C41: 92AR922 | D41: C - Sedan | E41: FP - Footpath | F41: PA - Parallel | G41: L

Sheet 12
A1: Parking Survey Sheet
A3: Date: | B3: 46176
A4: Route #: | B4: Malatia Sebastia
A5: Name/Surname: | B5: _____________
A7: Time | B7: Zone | C7: License Number | D7: Vehicle Type | E7: Location | F7: Parking Method | G7: Legal/Illegal
A8: 7=7:00 14=14:00 midnight=00:00 & etc. | B8: Zone XXX | C8: 11XX111 | D8: C - Sedan T - Truck M - Motorcycle | E8: OS - On-Street FP - Footpath SB - Setback | F8: PA - Parallel A - 45 Degree PP - Perpendicular | G8: L - Legal I - Illegal
A9: 7 - 8 | B9: 12 | C9: 35 VC 218 | D9: C - Sedan | E9: OS - On-Street | F9: A - 45 Degree | G9: L
B10: 12 | C10: 96 ES 006* | D10: T - Truck | E10: OS - On-Street | F10: PP - Perpendicular | G10: L
A11: 8 - 9 | B11: 12 | C11: 61WM600 | D11: C - Sedan | E11: OS - On-Street | F11: PA - Parallel | G11: L
B12: 12 | C12: 37OJ753 | D12: C - Sedan | E12: OS - On-Street | F12: PA - Parallel | G12: L
B13: 12 | C13: 37TJ246 | D13: C - Sedan | E13: OS - On-Street | F13: PA - Parallel | G13: L
B14: 12 | C14: 37VD280 | D14: T - Truck | E14: OS - On-Street | F14: PA - Parallel | G14: L
B15: 12 | C15: 33LT221 | D15: T - Truck | E15: OS - On-Street | F15: PA - Parallel | G15: L
A16: 9 - 10 | B16: 12 | C16: 96JI996 | D16: C - Sedan | E16: OS - On-Street | F16: PA - Parallel | G16: L
B17: 12 | C17: 90TD500 | D17: C - Sedan | E17: SB - Setback | F17: PA - Parallel | G17: L
B18: 12 | C18: 61WM600 | D18: C - Sedan | E18: OS - On-Street | F18: PA - Parallel | G18: L
B19: 12 | C19: 37PI446 | D19: C - Sedan | E19: OS - On-Street | F19: PA - Parallel | G19: L
B20: 12 | C20: 37RD374 | D20: T - Truck | E20: SB - Setback | F20: PA - Parallel | G20: L
B21: 12 | C21: 37LB163 | D21: C - Sedan | E21: SB - Setback | F21: PA - Parallel | G21: L
B22: 12 | C22: 21BM001 | D22: C - Sedan | E22: OS - On-Street | F22: PA - Parallel | G22: L
B23: 12 | C23: 01TO800 | D23: C - Sedan | E23: OS - On-Street | F23: PA - Parallel | G23: L
B24: 12 | C24: 3712FI | D24: C - Sedan | E24: OS - On-Street | F24: PA - Parallel | G24: L
B25: 12 | C25: no number | D25: C - Sedan | E25: OS - On-Street | F25: PA - Parallel | G25: L
B26: 12 | C26: no number | D26: C - Sedan | E26: OS - On-Street | F26: PA - Parallel | G26: L
B27: 12 | C27: 1931FE | D27: C - Sedan | E27: OS - On-Street | F27: PA - Parallel | G27: L
A28: 10 - 11 | B28: 12 | C28: 10II051 | D28: C - Sedan | E28: OS - On-Street | F28: PA - Parallel | G28: L
B29: 12 | C29: 999ZZ86 | D29: C - Sedan | E29: OS - On-Street | F29: PA - Parallel | G29: L
B30: 12 | C30: 37OQ637 | D30: C - Sedan | E30: OS - On-Street | F30: PA - Parallel | G30: L
B31: 12 | C31: 70EN707 | D31: C - Sedan | E31: OS - On-Street | F31: PA - Parallel | G31: L
B32: 12 | C32: 37JX170 | D32: C - Sedan | E32: OS - On-Street | F32: PA - Parallel | G32: L
A33: 11 - 12 | B33: 12 | C33: 37PI446 | D33: C - Sedan | E33: FP - Footpath | F33: PA - Parallel | G33: L
B34: 12 | C34: 37RD374 | D34: T - Truck | E34: FP - Footpath | F34: PA - Parallel | G34: L
B35: 12 | C35: 35OR151 | D35: C - Sedan | E35: FP - Footpath | F35: PA - Parallel | G35: L
B36: 12 | C36: 37LP163 | D36: C - Sedan | E36: FP - Footpath | F36: PA - Parallel | G36: L
B37: 12 | C37: 21BM001 | D37: C - Sedan | E37: FP - Footpath | F37: PA - Parallel | G37: L
A38: 12 - 13 | B38: 12 | C38: 37HI033 | D38: C - Sedan | E38: OS - On-Street | F38: PA - Parallel | G38: L
B39: 12 | C39: 16LL001 | D39: C - Sedan | E39: OS - On-Street | F39: PA - Parallel | G39: L
B40: 12 | C40: 71VS071 | D40: C - Sedan | E40: OS - On-Street | F40: PA - Parallel | G40: L
A41: 13 - 14 | B41: 12 | C41: 37DN291 | D41: C - Sedan | E41: OS - On-Street | F41: A - 45 Degree | G41: L
B42: 12 | C42: 37NP540 | D42: C - Sedan | E42: OS - On-Street | F42: A - 45 Degree | G42: L
B43: 12 | C43: 36PI446 | D43: C - Sedan | E43: OS - On-Street | F43: PA - Parallel | G43: L
B44: 12 | C44: 77SA887 | D44: C - Sedan | E44: OS - On-Street | F44: PA - Parallel | G44: L
B45: 12 | C45: 37RD374 | D45: T - Truck | E45: OS - On-Street | F45: PA - Parallel | G45: L
B46: 12 | C46: 21BM001 | D46: C - Sedan | E46: OS - On-Street | F46: PA - Parallel | G46: L
B47: 12 | C47: 37LB163 | D47: C - Sedan | E47: OS - On-Street | F47: PA - Parallel | G47: L
A48: 14 - 15 | B48: 12 | C48: 35CR832 | D48: C - Sedan | E48: OS - On-Street | F48: PA - Parallel | G48: L
B49: 12 | C49: 6259AX | D49: C - Sedan | E49: OS - On-Street | F49: PA - Parallel | G49: L
B50: 12 | C50: 07DB010 | D50: C - Sedan | E50: OS - On-Street | F50: PA - Parallel | G50: L
B51: 12 | C51: 51SV100 | D51: C - Sedan | E51: OS - On-Street | F51: PA - Parallel | G51: L
A52: 15 - 16 | B52: 12 | C52: 05XA855 | D52: C - Sedan | E52: FP - Footpath | F52: PA - Parallel | G52: L
B53: 12 | C53: 37LB163 | D53: C - Sedan | E53: FP - Footpath | F53: PA - Parallel | G53: L
B54: 12 | C54: 22PP722 | D54: C - Sedan | E54: FP - Footpath | F54: PA - Parallel | G54: L
B55: 12 | C55: 37RD374 | D55: T - Truck | E55: FP - Footpath | F55: PA - Parallel | G55: L
B56: 12 | C56: 85XA855 | D56: C - Sedan | E56: FP - Footpath | F56: PA - Parallel | G56: L
B57: 12 | C57: 90TD500 | D57: C - Sedan | E57: FP - Footpath | F57: PA - Parallel | G57: L
A58: 16 - 17 | B58: 12 | C58: 09WO909 | D58: C - Sedan | E58: OS - On-Street | F58: PA - Parallel | G58: L
B59: 12 | C59: 09FO909 | D59: C - Sedan | E59: OS - On-Street | F59: PA - Parallel | G59: L
B60: 12 | C60: 35GL783 | D60: C - Sedan | E60: OS - On-Street | F60: PA - Parallel | G60: L
B61: 12 | C61: 37LB807 | D61: C - Sedan | E61: OS - On-Street | F61: PA - Parallel | G61: L
A62: 17 - 18 | B62: 12 | C62: 90TD500 | D62: C - Sedan | E62: OS - On-Street | F62: PA - Parallel | G62: L
B63: 12 | C63: 37SJ264 | D63: C - Sedan | E63: OS - On-Street | F63: PA - Parallel | G63: L
B64: 12 | C64: 37RD374 | D64: T - Truck | E64: OS - On-Street | F64: PA - Parallel | G64: L
B65: 12 | C65: 10LG005 | D65: C - Sedan | E65: OS - On-Street | F65: PA - Parallel | G65: L
B66: 12 | C66: 71ZZ071 | D66: C - Sedan | E66: OS - On-Street | F66: PA - Parallel | G66: L
B67: 12 | C67: 34RU883 | D67: C - Sedan | E67: OS - On-Street | F67: PA - Parallel | G67: L
A68: 18 - 19 | B68: 12 | C68: 16LL001 | D68: C - Sedan | E68: OS - On-Street | F68: PA - Parallel | G68: L
B69: 12 | C69: 37TJ246 | D69: C - Sedan | E69: OS - On-Street | F69: PA - Parallel | G69: L
B70: 12 | C70: 80TD500 | D70: C - Sedan | E70: OS - On-Street | F70: PA - Parallel | G70: L
B71: 12 | C71: 36VS500 | D71: C - Sedan | E71: OS - On-Street | F71: PA - Parallel | G71: L
B72: 12 | C72: 37SJ264 | D72: C - Sedan | E72: OS - On-Street | F72: PA - Parallel | G72: L
B73: 12 | C73: 37RD374 | D73: T - Truck | E73: SB - Setback | F73: PA - Parallel | G73: L
B74: 12 | C74: 10LG005 | D74: C - Sedan | E74: OS - On-Street | F74: PA - Parallel | G74: L
B75: 12 | C75: 71ZZ071 | D75: C - Sedan | E75: OS - On-Street | F75: PA - Parallel | G75: L
B76: 12 | C76: 37LB163 | D76: C - Sedan | E76: OS - On-Street | F76: PA - Parallel | G76: L
B77: 12 | C77: 40AO040 | D77: C - Sedan | E77: OS - On-Street | F77: A - 45 Degree | G77: L
A78: 19 - 20 | B78: 12 | C78: 37TJ246 | D78: C - Sedan | E78: OS - On-Street | F78: PA - Parallel | G78: L
B79: 12 | C79: 88AI801 | D79: C - Sedan | E79: OS - On-Street | F79: PA - Parallel | G79: L
B80: 12 | C80: 40XX606 | D80: C - Sedan | E80: OS - On-Street | F80: PA - Parallel | G80: L
B81: 12 | C81: 90TD500 | D81: C - Sedan | E81: OS - On-Street | F81: PA - Parallel | G81: L
B82: 12 | C82: 51FI051 | D82: C - Sedan | E82: OS - On-Street | F82: PA - Parallel | G82: L
B83: 12 | C83: 36VS500 | D83: C - Sedan | E83: OS - On-Street | F83: PA - Parallel | G83: L
B84: 12 | C84: 37SJ264 | D84: C - Sedan | E84: OS - On-Street | F84: PA - Parallel | G84: L
B85: 12 | C85: 37LW863 | D85: C - Sedan | E85: OS - On-Street | F85: PA - Parallel | G85: L
B86: 12 | C86: 37RD374 | D86: C - Sedan | E86: OS - On-Street | F86: PA - Parallel | G86: L
B87: 12 | C87: 10LG005 | D87: C - Sedan | E87: OS - On-Street | F87: PA - Parallel | G87: L
B88: 12 | C88: 37LB163 | D88: C - Sedan | E88: OS - On-Street | F88: PA - Parallel | G88: L
B89: 12 | C89: 34RU833 | D89: C - Sedan | E89: OS - On-Street | F89: PA - Parallel | G89: L
B90: 12 | C90: no number | D90: C - Sedan | E90: OS - On-Street | F90: PA - Parallel | G90: L
B91: 12 | C91: no number | D91: C - Sedan | E91: OS - On-Street | F91: PA - Parallel | G91: L
A92: 20 - 21 | B92: 12 | C92: 37TJ246 | D92: C - Sedan | E92: OS - On-Street | F92: PA - Parallel | G92: L
B93: 12 | C93: 88AI801 | D93: C - Sedan | E93: OS - On-Street | F93: PA - Parallel | G93: L
B94: 12 | C94: 40XX606 | D94: C - Sedan | E94: OS - On-Street | F94: PA - Parallel | G94: L
B95: 12 | C95: 90TD500 | D95: C - Sedan | E95: OS - On-Street | F95: PA - Parallel | G95: L
B96: 12 | C96: 51FI051 | D96: C - Sedan | E96: OS - On-Street | F96: PA - Parallel | G96: L
B97: 12 | C97: 36VS500 | D97: C - Sedan | E97: OS - On-Street | F97: PA - Parallel | G97: L
B98: 12 | C98: 37SJ264 | D98: C - Sedan | E98: OS - On-Street | F98: PA - Parallel | G98: L
B99: 12 | C99: 37LW863 | D99: C - Sedan | E99: OS - On-Street | F99: PA - Parallel | G99: L
B100: 12 | C100: 37RD374 | D100: T - Truck | E100: OS - On-Street | F100: PA - Parallel | G100: L
B101: 12 | C101: 10LG005 | D101: C - Sedan | E101: OS - On-Street | F101: PA - Parallel | G101: L
B102: 12 | C102: 37LB163 | D102: C - Sedan | E102: OS - On-Street | F102: PA - Parallel | G102: L
...

Sheet 13
A1: Parking Survey Sheet
A3: Date: | B3: 46176
A4: Route #: | B4: Malatia Sebastia
A5: Name/Surname: | B5: _____________
A7: Time | B7: Zone | C7: License Number | D7: Vehicle Type | E7: Location | F7: Parking Method | G7: Legal/Illegal
A8: 7=7:00 14=14:00 midnight=00:00 & etc. | B8: Zone XXX | C8: 11XX111 | D8: C - Sedan T - Truck M - Motorcycle | E8: OS - On-Street FP - Footpath SB - Setback | F8: PA - Parallel A - 45 Degree PP - Perpendicular | G8: L - Legal I - Illegal
A9: 7 - 9 | B9: 13 | C9: 66 OV 060 | D9: C - Sedan | E9: OS - On-Street | F9: A - 45 Degree | G9: L
A10: 8 - 9 | B10: - | C10: - | D10: - | E10: - | F10: - | G10: -
A11: 9 - 10 | B11: 13 | C11: 37CB659 | D11: C - Sedan | E11: OS - On-Street | F11: PA - Parallel | G11: L
B12: 13 | C12: 689AX61 | D12: T - Truck | E12: OS - On-Street | F12: PA - Parallel | G12: L
B13: 13 | C13: 37TV368 | D13: C - Sedan | E13: OS - On-Street | F13: PA - Parallel | G13: L
B14: 13 | C14: 11QO010 | D14: C - Sedan | E14: OS - On-Street | F14: PA - Parallel | G14: L
A15: 10 - 11 | B15: 13 | C15: - | D15: - | E15: - | F15: - | G15: -
A16: 11 - 12 | B16: 13 | C16: 36SF765 | D16: C - Sedan | E16: FP - Footpath | F16: PA - Parallel | G16: L
B17: 13 | C17: 89ZV889 | D17: C - Sedan | E17: FP - Footpath | F17: PA - Parallel | G17: L
B18: 13 | C18: 03II014 | D18: C - Sedan | E18: FP - Footpath | F18: PA - Parallel | G18: L
A19: 12 - 13 | B19: 13 | C19: 71OQ011 | D19: C - Sedan | E19: OS - On-Street | F19: PP - Perpendicular | G19: L
B20: 13 | C20: 70OG072 | D20: C - Sedan | E20: OS - On-Street | F20: PP - Perpendicular | G20: L
B21: 13 | C21: 89ZV889 | D21: C - Sedan | E21: OS - On-Street | F21: PP - Perpendicular | G21: L
A22: 13 - 14 | B22: 13 | C22: 37OJ364 | D22: C - Sedan | E22: OS - On-Street | F22: PA - Parallel | G22: L
B23: 13 | C23: 18HV008 | D23: C - Sedan | E23: OS - On-Street | F23: PA - Parallel | G23: L
B24: 13 | C24: 37TK001 | D24: C - Sedan | E24: OS - On-Street | F24: PA - Parallel | G24: L
A25: 14 - 15 | B25: 13 | C25: 37OX258 | D25: C - Sedan | E25: OS - On-Street | F25: A - 45 Degree | G25: L
B26: 13 | C26: 32WD322 | D26: C - Sedan | E26: OS - On-Street | F26: A - 45 Degree | G26: L
A27: 15 - 16 | B27: 13 | C27: 37AA079 | D27: C - Sedan | E27: OS - On-Street | F27: PA - Parallel | G27: L
B28: 13 | C28: 37GE747 | D28: C - Sedan | E28: OS - On-Street | F28: PA - Parallel | G28: L
B29: 13 | C29: 89ZB889 | D29: C - Sedan | E29: OS - On-Street | F29: PA - Parallel | G29: L
B30: 13 | C30: 37CB659 | D30: C - Sedan | E30: OS - On-Street | F30: PA - Parallel | G30: L
A31: 16 - 17 | B31: 13 | C31: 37XK926 | D31: C - Sedan | E31: OS - On-Street | F31: PA - Parallel | G31: L
B32: 13 | C32: 37HW043 | D32: C - Sedan | E32: OS - On-Street | F32: PP - Perpendicular | G32: L
B33: 13 | C33: 37JA852 | D33: C - Sedan | E33: OS - On-Street | F33: PA - Parallel | G33: L
B34: 13 | C34: 50 PP 015 | D34: C - Sedan | E34: OS - On-Street | F34: PP - Perpendicular | G34: L
B35: 13 | C35: 07 MN 001 | D35: C - Sedan | E35: OS - On-Street | F35: PP - Perpendicular | G35: L
A36: 17 - 18 | B36: 13 | C36: 21SO341 | D36: C - Sedan | E36: OS - On-Street | F36: PA - Parallel | G36: L
B37: 13 | C37: 77AW797 | D37: C - Sedan | E37: OS - On-Street | F37: PA - Parallel | G37: L
B38: 13 | C38: 32OS574 | D38: C - Sedan | E38: OS - On-Street | F38: PA - Parallel | G38: L
B39: 13 | C39: 36UD348 | D39: C - Sedan | E39: OS - On-Street | F39: PA - Parallel | G39: L
B40: 13 | C40: 81UK881 | D40: C - Sedan | E40: OS - On-Street | F40: PA - Parallel | G40: L
A41: 18 - 19 | B41: 13 | C41: 77AW797 | D41: C - Sedan | E41: OS - On-Street | F41: PA - Parallel | G41: L
B42: 13 | C42: 21SO351 | D42: C - Sedan | E42: OS - On-Street | F42: PA - Parallel | G42: L
B43: 13 | C43: 01GD505 | D43: C - Sedan | E43: OS - On-Street | F43: PA - Parallel | G43: L
B44: 13 | C44: 01LH100 | D44: C - Sedan | E44: OS - On-Street | F44: PA - Parallel | G44: L
B45: 13 | C45: 69VV696 | D45: C - Sedan | E45: OS - On-Street | F45: PA - Parallel | G45: L
B46: 13 | C46: 91HO900 | D46: C - Sedan | E46: OS - On-Street | F46: PA - Parallel | G46: L
A47: 19 - 20 | B47: 13 | C47: 08OV090 | D47: C - Sedan | E47: OS - On-Street | F47: PA - Parallel | G47: L
B48: 13 | C48: 35PN735 | D48: C - Sedan | E48: OS - On-Street | F48: PA - Parallel | G48: L
B49: 13 | C49: 21SO341 | D49: C - Sedan | E49: OS - On-Street | F49: PA - Parallel | G49: L
B50: 13 | C50: 77AW797 | D50: C - Sedan | E50: OS - On-Street | F50: PA - Parallel | G50: L
B51: 13 | C51: B999XO150 | D51: C - Sedan | E51: OS - On-Street | F51: PA - Parallel | G51: L
B52: 13 | C52: 01GD505 | D52: C - Sedan | E52: OS - On-Street | F52: PA - Parallel | G52: L
B53: 13 | C53: 22DA122 | D53: C - Sedan | E53: OS - On-Street | F53: PA - Parallel | G53: L
B54: 13 | C54: 37GS729 | D54: C - Sedan | E54: OS - On-Street | F54: PA - Parallel | G54: L
B55: 13 | C55: 36UD348 | D55: C - Sedan | E55: OS - On-Street | F55: PA - Parallel | G55: L
B56: 13 | C56: 69VV696 | D56: C - Sedan | E56: OS - On-Street | F56: PA - Parallel | G56: L
A57: 20 - 21 | B57: 13 | C57: 21SO341 | D57: C - Sedan | E57: OS - On-Street | F57: PA - Parallel | G57: L
B58: 13 | C58: B999XO150 | D58: C - Sedan | E58: OS - On-Street | F58: PA - Parallel | G58: L
B59: 13 | C59: 01GD505 | D59: C - Sedan | E59: OS - On-Street | F59: PA - Parallel | G59: L
B60: 13 | C60: 37GS729 | D60: C - Sedan | E60: OS - On-Street | F60: PA - Parallel | G60: L
B61: 13 | C61: 36UD348 | D61: C - Sedan | E61: OS - On-Street | F61: PA - Parallel | G61: L
B62: 13 | C62: 69VV696 | D62: C - Sedan | E62: OS - On-Street | F62: PA - Parallel | G62: L
A63: 21 - 22 | B63: 13 | C63: 21SO341 | D63: C - Sedan | E63: OS - On-Street | F63: PA - Parallel | G63: L
B64: 13 | C64: B999XO150 | D64: C - Sedan | E64: OS - On-Street | F64: PA - Parallel | G64: L
B65: 13 | C65: 36UD348 | D65: C - Sedan | E65: OS - On-Street | F65: PA - Parallel | G65: L
B66: 13 | C66: 69VV696 | D66: C - Sedan | E66: OS - On-Street | F66: PA - Parallel | G66: L
B67: 13 | C67: 35PC688 | D67: C - Sedan | E67: OS - On-Street | F67: PA - Parallel | G67: L
A68: 22 - 23 | B68: 13 | C68: 21SO341 | D68: C - Sedan | E68: OS - On-Street | F68: PA - Parallel | G68: L
B69: 13 | C69: 36QU109 | D69: C - Sedan | E69: OS - On-Street | F69: PA - Parallel | G69: L
B70: 13 | C70: B999XO150 | D70: C - Sedan | E70: OS - On-Street | F70: PA - Parallel | G70: L
B71: 13 | C71: 37PY581 | D71: C - Sedan | E71: OS - On-Street | F71: PA - Parallel | G71: L
B72: 13 | C72: 36UD348 | D72: C - Sedan | E72: OS - On-Street | F72: PA - Parallel | G72: L
B73: 13 | C73: 69VV696 | D73: C - Sedan | E73: OS - On-Street | F73: PA - Parallel | G73: L
B74: 13 | C74: 35PC688 | D74: C - Sedan | E74: OS - On-Street | F74: PA - Parallel | G74: L
A75: 23 - 24 | B75: 13 | C75: 21SO341 | D75: C - Sedan | E75: OS - On-Street | F75: PA - Parallel | G75: L
B76: 13 | C76: 36UD348 | D76: C - Sedan | E76: FP - Footpath | F76: PA - Parallel | G76: L

Sheet 14
A1: Parking Survey Sheet
A3: Date: | B3: 46176
A4: Route #: | B4: Malatia Sebastia
A5: Name/Surname: | B5: _____________
A7: Time | B7: Zone | C7: License Number | D7: Vehicle Type | E7: Location | F7: Parking Method | G7: Legal/Illegal
A8: 7=7:00 14=14:00 midnight=00:00 & etc. | B8: Zone XXX | C8: 11XX111 | D8: C - Sedan T - Truck M - Motorcycle | E8: OS - On-Street FP - Footpath SB - Setback | F8: PA - Parallel A - 45 Degree PP - Perpendicular | G8: L - Legal I - Illegal
A9: 7 - 8 | B9: 14 | C9: 65OQ065 | D9: C - Sedan | E9: SB - Setback | F9: PA - Parallel | G9: L
B10: 14 | C10: 66DD888 | D10: C - Sedan | E10: SB - Setback | F10: PA - Parallel | G10: L
B11: 14 | C11: 35HH728 | D11: C - Sedan | E11: SB - Setback | F11: PA - Parallel | G11: L
B12: 14 | C12: 27KK777 | D12: C - Sedan | E12: SB - Setback | F12: PA - Parallel | G12: L
B13: 14 | C13: 10OW101 | D13: C - Sedan | E13: SB - Setback | F13: PA - Parallel | G13: L
B14: 14 | C14: 26UI283 | D14: C - Sedan | E14: SB - Setback | F14: PA - Parallel | G14: L
B15: 14 | C15: 18Hs188 | D15: C - Sedan | E15: SB - Setback | F15: PA - Parallel | G15: L
B16: 14 | C16: 282UO88 | D16: T - Truck | E16: SB - Setback | F16: PA - Parallel | G16: L
B17: 14 | C17: 99ka999 | D17: C - Sedan | E17: SB - Setback | F17: PA - Parallel | G17: L
B18: 14 | C18: 27TU267 | D18: C - Sedan | E18: SB - Setback | F18: PA - Parallel | G18: L
B19: 14 | C19: 91FY727 | D19: C - Sedan | E19: SB - Setback | F19: PA - Parallel | G19: L
B20: 14 | C20: PI-222-PI | D20: C - Sedan | E20: SB - Setback | F20: PA - Parallel | G20: L
B21: 14 | C21: 78YY788 | D21: C - Sedan | E21: SB - Setback | F21: PA - Parallel | G21: L
A22: 8 - 9 | B22: 14 | C22: 34ZN239 | D22: C - Sedan | E22: SB - Setback | F22: PA - Parallel | G22: L
B23: 14 | C23: no number | D23: C - Sedan | E23: SB - Setback | F23: PA - Parallel | G23: L
B24: 14 | C24: 37EM653 | D24: C - Sedan | E24: SB - Setback | F24: PA - Parallel | G24: L
B25: 14 | C25: 37KR824 | D25: C - Sedan | E25: SB - Setback | F25: PA - Parallel | G25: L
A26: 9 - 10 | B26: 14 | C26: 34ZN239 | D26: C - Sedan | E26: SB - Setback | F26: PA - Parallel | G26: L
B27: 14 | C27: 37EM653 | D27: C - Sedan | E27: SB - Setback | F27: PA - Parallel | G27: L
B28: 14 | C28: 37KR824 | D28: C - Sedan | E28: SB - Setback | F28: PA - Parallel | G28: L
B29: 14 | C29: 37VO782 | D29: C - Sedan | E29: SB - Setback | F29: PA - Parallel | G29: L
B30: 14 | C30: 01VH770 | D30: C - Sedan | E30: SB - Setback | F30: PA - Parallel | G30: L
B31: 14 | C31: 37GN336 | D31: C - Sedan | E31: SB - Setback | F31: PA - Parallel | G31: L
A32: 10 - 11 | B32: 14 | C32: 37VO782 | D32: C - Sedan | E32: SB - Setback | F32: PA - Parallel | G32: L
B33: 14 | C33: no number | D33: C - Sedan | E33: SB - Setback | F33: PA - Parallel | G33: L
B34: 14 | C34: 01VH770 | D34: C - Sedan | E34: SB - Setback | F34: PA - Parallel | G34: L
B35: 14 | C35: 37GN336 | D35: C - Sedan | E35: SB - Setback | F35: PA - Parallel | G35: L
B36: 14 | C36: 37KR824 | D36: C - Sedan | E36: SB - Setback | F36: PA - Parallel | G36: L
B37: 14 | C37: 10RY777 | D37: C - Sedan | E37: SB - Setback | F37: PA - Parallel | G37: L
B38: 14 | C38: 72GO772 | D38: C - Sedan | E38: SB - Setback | F38: PA - Parallel | G38: L
B39: 14 | C39: 77IZ767 | D39: C - Sedan | E39: SB - Setback | F39: PA - Parallel | G39: L
B40: 14 | C40: 51TM001 | D40: C - Sedan | E40: SB - Setback | F40: PA - Parallel | G40: L
B41: 14 | C41: 78XX001 | D41: C - Sedan | E41: SB - Setback | F41: PA - Parallel | G41: L
B42: 14 | C42: 37KR824 | D42: C - Sedan | E42: SB - Setback | F42: PP - Perpendicular | G42: L
B43: 14 | C43: 10RY778 | D43: C - Sedan | E43: SB - Setback | F43: PP - Perpendicular | G43: L
B44: 14 | C44: 72GO772 | D44: C - Sedan | E44: SB - Setback | F44: PP - Perpendicular | G44: L
... B46: 14 | C46: 51TM001 | D46: C - Sedan | E46: SB - Setback | F46: A - 45 Degree | G46: L
A47: 11 - 12 | B47: 14 | C47: 37KR824 | D47: C - Sedan | E47: SB - Setback | F47: A - 45 Degree | G47: L
B48: 14 | C48: 10RY778 | D48: C - Sedan | E48: SB - Setback | F48: PP - Perpendicular | G48: L
B49: 14 | C49: 72GO772 | D49: C - Sedan | E49: SB - Setback | F49: PP - Perpendicular | G49: L
B50: 14 | C50: 77IZ767 | D50: C - Sedan | E50: SB - Setback | F50: PP - Perpendicular | G50: L
B51: 14 | C51: 51TM001 | D51: C - Sedan | E51: SB - Setback | F51: PP - Perpendicular | G51: L
B52: 14 | C52: 88FF110 | D52: C - Sedan | E52: SB - Setback | F52: PP - Perpendicular | G52: L
A53: 12 - 13 | B53: 14 | C53: 37KR824 | D53: C - Sedan | E53: SB - Setback | F53: PA - Parallel | G53: L
B54: 14 | C54: 10RY778 | D54: C - Sedan | E54: SB - Setback | F54: PA - Parallel | G54: L
B55: 14 | C55: 72GO772 | D55: C - Sedan | E55: SB - Setback | F55: PA - Parallel | G55: L
B56: 14 | C56: 77IZ767 | D56: C - Sedan | E56: SB - Setback | F56: PA - Parallel | G56: L
B57: 14 | C57: 51TM001 | D57: C - Sedan | E57: SB - Setback | F57: PA - Parallel | G57: L
B58: 14 | C58: 88FF110 | D58: C - Sedan | E58: SB - Setback | F58: PA - Parallel | G58: L
A59: 13 - 14 | B59: 14 | C59: 37KR824 | D59: C - Sedan | E59: SB - Setback | F59: PA - Parallel | G59: L
B60: 14 | C60: 10RY778 | D60: C - Sedan | E60: SB - Setback | F60: PA - Parallel | G60: L
B61: 14 | C61: 72GO772 | D61: C - Sedan | E61: SB - Setback | F61: PA - Parallel | G61: L
B62: 14 | C62: 77IZ767 | D62: C - Sedan | E62: SB - Setback | F62: PA - Parallel | G62: L
B63: 14 | C63: 51TM001 | D63: C - Sedan | E63: SB - Setback | F63: PA - Parallel | G63: L
B64: 14 | C64: 88FF110 | D64: C - Sedan | E64: SB - Setback | F64: PA - Parallel | G64: L
A65: 14 - 15 | B65: 14 | C65: 37KR824 | D65: C - Sedan | E65: SB - Setback | F65: PP - Perpendicular | G65: L
B66: 14 | C66: 10RY778 | D66: C - Sedan | E66: SB - Setback | F66: A - 45 Degree | G66: L
B67: 14 | C67: 72GO772 | D67: C - Sedan | E67: SB - Setback | F67: PP - Perpendicular | G67: L
B68: 14 | C68: 51TM001 | D68: C - Sedan | E68: SB - Setback | F68: PP - Perpendicular | G68: L
A69: 15 - 16 | B69: 14 | C69: 34ZN239 | D69: C - Sedan | E69: SB - Setback | F69: PA - Parallel | G69: L
B70: 14 | C70: 05RR057 | D70: C - Sedan | E70: SB - Setback | F70: PA - Parallel | G70: L
B71: 14 | C71: no number | D71: C - Sedan | E71: SB - Setback | F71: PA - Parallel | G71: L
B72: 14 | C72: 36MN800 | D72: C - Sedan | E72: SB - Setback | F72: PA - Parallel | G72: L
B73: 14 | C73: 37NJ477 | D73: C - Sedan | E73: SB - Setback | F73: PA - Parallel | G73: L
B74: 14 | C74: 37GN336 | D74: C - Sedan | E74: SB - Setback | F74: PA - Parallel | G74: L
B75: 14 | C75: 25TA025 | D75: C - Sedan | E75: SB - Setback | F75: PA - Parallel | G75: L
B76: 14 | C76: 37PW259 | D76: C - Sedan | E76: SB - Setback | F76: PA - Parallel | G76: L
B77: 14 | C77: 50VU100 | D77: C - Sedan | E77: SB - Setback | F77: PA - Parallel | G77: L
B78: 14 | C78: 77ZI767 | D78: C - Sedan | E78: SB - Setback | F78: PA - Parallel | G78: L
B79: 14 | C79: 72GO772 | D79: C - Sedan | E79: SB - Setback | F79: PA - Parallel | G79: L
B80: 14 | C80: 99RR933 | D80: C - Sedan | E80: SB - Setback | F80: PA - Parallel | G80: L
B81: 14 | C81: 67XX666 | D81: C - Sedan | E81: SB - Setback | F81: PA - Parallel | G81: L
... B83: 14 | C83: 37GN336 | D83: C - Sedan | E83: SB - Setback | F83: PA - Parallel | G83: L
A84: 16 - 17 | B84: 14 | C84: 175AC | D84: T - Truck | E84: SB - Setback | F84: PA - Parallel | G84: L
B85: 14 | C85: 90AD900 | D85: C - Sedan | E85: SB - Setback | F85: A - 45 Degree | G85: L
B86: 14 | C86: 90OV888 | D86: C - Sedan | E86: SB - Setback | F86: PP - Perpendicular | G86: L
B87: 14 | C87: 33SV303 | D87: C - Sedan | E87: SB - Setback | F87: A - 45 Degree | G87: L
B88: 14 | C88: 71LR555 | D88: C - Sedan | E88: SB - Setback | F88: PA - Parallel | G88: L
B89: 14 | C89: 25AT025 | D89: C - Sedan | E89: SB - Setback | F89: PA - Parallel | G89: L
B90: 14 | C90: 99RR933 | D90: C - Sedan | E90: SB - Setback | F90: PA - Parallel | G90: L
B91: 14 | C91: 37DK528 | D91: C - Sedan | E91: SB - Setback | F91: PA - Parallel | G91: L
B92: 14 | C92: 37SE836 | D92: C - Sedan | E92: SB - Setback | F92: PA - Parallel | G92: L
B93: 14 | C93: 35TU030 | D93: C - Sedan | E93: SB - Setback | F93: PA - Parallel | G93: L
B94: 14 | C94: 15OY015 | D94: C - Sedan | E94: SB - Setback | F94: PA - Parallel | G94: L
B95: 14 | C95: 37AS077 | D95: C - Sedan | E95: SB - Setback | F95: PA - Parallel | G95: L
B96: 14 | C96: 36AN994 | D96: C - Sedan | E96: SB - Setback | F96: PA - Parallel | G96: L
... B109: 14 | C109: 36AM179 | D109: C - Sedan | E109: SB - Setback | F109: PP - Perpendicular | G109: L
A110: 17 - 18 | B110: 14 | C110: 36GD684 | D110: C - Sedan | E110: SB - Setback | F110: PA - Parallel | G110: L
B111: 14 | C111: 34ZN239 | D111: C - Sedan | E111: SB - Setback | F111: PA - Parallel | G111: L
B112: 14 | C112: 36TT088 | D112: T - Truck | E112: SB - Setback | F112: PA - Parallel | G112: L
B113: 14 | C113: 88OZ770 | D113: C - Sedan | E113: SB - Setback | F113: PA - Parallel | G113: L
B114: 14 | C114: 37RJ890 | D114: C - Sedan | E114: SB - Setback | F114: PA - Parallel | G114: L
B115: 14 | C115: 02HH222 | D115: C - Sedan | E115: SB - Setback | F115: PA - Parallel | G115: L
B116: 14 | C116: 77XV773 | D116: C - Sedan | E116: SB - Setback | F116: PA - Parallel | G116: L
...

Sheet 15
A1: Parking Survey Sheet
A3: Date: | B3: 46176
A4: Route #: | B4: Malatia Sebastia
A5: Name/Surname: | B5: _____________
A7: Time | B7: Zone | C7: License Number | D7: Vehicle Type | E7: Location | F7: Parking Method | G7: Legal/Illegal
A8: 7=7:00 14=14:00 midnight=00:00 & etc. | B8: Zone XXX | C8: 11XX111 | D8: C - Sedan T - Truck M - Motorcycle | E8: OS - On-Street FP - Footpath SB - Setback | F8: PA - Parallel A - 45 Degree PP - Perpendicular | G8: L - Legal I - Illegal
A9: 7 - 8 | B9: 15 | C9: 15DT178 | D9: C - Sedan | E9: OS - On-Street | F9: PA - Parallel | G9: L
B10: 15 | C10: 27JJ819 | D10: C - Sedan | E10: OS - On-Street | F10: PA - Parallel | G10: L
B11: 15 | C11: 888IO82 | D11: C - Sedan | E11: OS - On-Street | F11: PA - Parallel | G11: L
B12: 15 | C12: 35KT418 | D12: C - Sedan | E12: OS - On-Street | F12: PA - Parallel | G12: L
B13: 15 | C13: 77TT777 | D13: C - Sedan | E13: OS - On-Street | F13: PA - Parallel | G13: L
B14: 15 | C14: 14BM263 | D14: C - Sedan | E14: OS - On-Street | F14: PA - Parallel | G14: L
B15: 15 | C15: 09XP741 | D15: C - Sedan | E15: OS - On-Street | F15: PA - Parallel | G15: L
B16: 15 | C16: 67VK390 | D16: C - Sedan | E16: OS - On-Street | F16: PA - Parallel | G16: L
A17: 8 - 9 | B17: 15 | C17: 04AO044 | D17: C - Sedan | E17: FP - Footpath | F17: PA - Parallel | G17: L
B18: 15 | C18: 37MR278 | D18: C - Sedan | E18: FP - Footpath | F18: PA - Parallel | G18: L
B19: 15 | C19: 35TO056 | D19: C - Sedan | E19: FP - Footpath | F19: PA - Parallel | G19: L
B20: 15 | C20: 37UG188 | D20: C - Sedan | E20: FP - Footpath | F20: PA - Parallel | G20: L
B21: 15 | C21: 60ZZ601 | D21: C - Sedan | E21: FP - Footpath | F21: PA - Parallel | G21: L
B22: 15 | C22: 77WI772 | D22: C - Sedan | E22: FP - Footpath | F22: PA - Parallel | G22: L
B23: 15 | C23: 05PP606 | D23: C - Sedan | E23: FP - Footpath | F23: PA - Parallel | G23: L
B24: 15 | C24: 34PZ691 | D24: T - Truck | E24: FP - Footpath | F24: PA - Parallel | G24: L
B25: 15 | C25: 37BV064 | D25: T - Truck | E25: FP - Footpath | F25: PA - Parallel | G25: L
B26: 15 | C26: 08PO808 | D26: C - Sedan | E26: FP - Footpath | F26: PA - Parallel | G26: L
B27: 15 | C27: 89XO089 | D27: C - Sedan | E27: FP - Footpath | F27: A - 45 Degree | G27: L
B28: 15 | C28: 77VX977 | D28: C - Sedan | E28: FP - Footpath | F28: A - 45 Degree | G28: L
B29: 15 | C29: 97RP001 | D29: T - Truck | E29: FP - Footpath | F29: A - 45 Degree | G29: L
... B35: 15 | C35: 57QO077 | D35: C - Sedan | E35: FP - Footpath | F35: PA - Parallel | G35: L
A36: 9 - 10 | B36: 15 | C36: 50SN078 | D36: C - Sedan | E36: OS - On-Street | F36: PA - Parallel | G36: L
B37: 15 | C37: 36FR866 | D37: C - Sedan | E37: OS - On-Street | F37: PA - Parallel | G37: L
B38: 15 | C38: 37KS142 | D38: C - Sedan | E38: OS - On-Street | F38: PA - Parallel | G38: L
B39: 15 | C39: 36DQ002 | D39: T - Truck | E39: OS - On-Street | F39: PA - Parallel | G39: L
B40: 15 | C40: 37KW952 | D40: C - Sedan | E40: OS - On-Street | F40: PA - Parallel | G40: L
B41: 15 | C41: 35NL600 | D41: C - Sedan | E41: OS - On-Street | F41: PA - Parallel | G41: L
B42: 15 | C42: 35TO056 | D42: T - Truck | E42: OS - On-Street | F42: PA - Parallel | G42: L
B43: 15 | C43: 37LN496 | D43: C - Sedan | E43: OS - On-Street | F43: A - 45 Degree | G43: L
B44: 15 | C44: 92KK888 | D44: C - Sedan | E44: OS - On-Street | F44: A - 45 Degree | G44: L
B45: 15 | C45: 37UA518 | D45: T - Truck | E45: OS - On-Street | F45: A - 45 Degree | G45: L
B46: 15 | C46: 37VK646 | D46: C - Sedan | E46: OS - On-Street | F46: PA - Parallel | G46: L
B47: 15 | C47: 60ZZ601 | D47: C - Sedan | E47: OS - On-Street | F47: A - 45 Degree | G47: L
B48: 15 | C48: 37EB877 | D48: C - Sedan | E48: OS - On-Street | F48: PA - Parallel | G48: L
... B54: 15 | C54: 08PO808 | D54: C - Sedan | E54: OS - On-Street | F54: A - 45 Degree | G54: L
A55: 10 - 11 | B55: 15 | C55: 07TJ707 | D55: C - Sedan | E55: OS - On-Street | F55: A - 45 Degree | G55: L
B56: 15 | C56: 30LL816 | D56: T - Truck | E56: OS - On-Street | F56: PA - Parallel | G56: L
B57: 15 | C57: 09GV999 | D57: C - Sedan | E57: OS - On-Street | F57: PP - Perpendicular | G57: L
B58: 15 | C58: 97RP001 | D58: C - Sedan | E58: OS - On-Street | F58: PA - Parallel | G58: L
B59: 15 | C59: 10AS055 | D59: C - Sedan | E59: OS - On-Street | F59: A - 45 Degree | G59: L
B60: 15 | C60: 01ZZ046 | D60: C - Sedan | E60: OS - On-Street | F60: PA - Parallel | G60: L
B61: 15 | C61: 70BW700 | D61: C - Sedan | E61: OS - On-Street | F61: PA - Parallel | G61: L
B62: 15 | C62: 35OT107 | D62: T - Truck | E62: OS - On-Street | F62: PA - Parallel | G62: L
B63: 15 | C63: 11SA311 | D63: C - Sedan | E63: OS - On-Street | F63: PA - Parallel | G63: L
B64: 15 | C64: 99RG995 | D64: C - Sedan | E64: OS - On-Street | F64: A - 45 Degree | G64: L
B65: 15 | C65: 35MX579 | D65: T - Truck | E65: OS - On-Street | F65: A - 45 Degree | G65: L
B66: 15 | C66: 99IL100 | D66: C - Sedan | E66: OS - On-Street | F66: A - 45 Degree | G66: L
B67: 15 | C67: 37PA065 | D67: C - Sedan | E67: OS - On-Street | F67: A - 45 Degree | G67: L
... B85: 15 | C85: 15AV155 | D85: C - Sedan | E85: OS - On-Street | F85: A - 45 Degree | G85: L
A86: 11 - 12 | B86: 15 | C86: 84NN004 | D86: C - Sedan | E86: OS - On-Street | F86: PP - Perpendicular | G86: L
B87: 15 | C87: 75AA555 | D87: C - Sedan | E87: OS - On-Street | F87: PP - Perpendicular | G87: L
B88: 15 | C88: 34SO820 | D88: C - Sedan | E88: OS - On-Street | F88: PP - Perpendicular | G88: L
B89: 15 | C89: 96BB009 | D89: C - Sedan | E89: OS - On-Street | F89: PP - Perpendicular | G89: L
B90: 15 | C90: 35LR289 | D90: C - Sedan | E90: OS - On-Street | F90: PP - Perpendicular | G90: L
B91: 15 | C91: 37MR278 | D91: C - Sedan | E91: OS - On-Street | F91: PP - Perpendicular | G91: L
B92: 15 | C92: 36VR756 | D92: C - Sedan | E92: OS - On-Street | F92: PP - Perpendicular | G92: L
B93: 15 | C93: 37UG188 | D93: C - Sedan | E93: OS - On-Street | F93: A - 45 Degree | G93: L
B94: 15 | C94: 60ZX601 | D94: C - Sedan | E94: OS - On-Street | F94: A - 45 Degree | G94: L
B95: 15 | C95: 36VL931 | D95: C - Sedan | E95: OS - On-Street | F95: A - 45 Degree | G95: L
B96: 15 | C96: 34PZ691 | D96: C - Sedan | E96: OS - On-Street | F96: A - 45 Degree | G96: L
B97: 15 | C97: 08PO808 | D97: C - Sedan | E97: OS - On-Street | F97: A - 45 Degree | G97: L
B98: 15 | C98: 07TJ707 | D98: C - Sedan | E98: OS - On-Street | F98: A - 45 Degree | G98: L
... B111: 15 | C111: 22PP262 | D111: C - Sedan | E111: OS - On-Street | F111: A - 45 Degree | G111: L
A112: 12 - 13 | B112: 15 | C112: 50SN078 | D112: C - Sedan | E112: OS - On-Street | F112: A - 45 Degree | G112: L
B113: 15 | C113: 37KS142 | D113: C - Sedan | E113: OS - On-Street | F113: A - 45 Degree | G113: L
B114: 15 | C114: 37KW952 | D114: C - Sedan | E114: OS - On-Street | F114: A - 45 Degree | G114: L
B115: 15 | C115: 36FR866 | D115: C - Sedan | E115: OS - On-Street | F115: A - 45 Degree | G115: L
B116: 15 | C116: 35TO056 | D116: C - Sedan | E116: OS - On-Street | F116: A - 45 Degree | G116: L
B117: 15 | C117: 37VK646 | D117: C - Sedan | E117: OS - On-Street | F117: A - 45 Degree | G117: L
A118: 13 - 14 | B118: 15 | C118: 37LK128 | D118: C - Sedan | E118: OS - On-Street | F118: PA - Parallel | G118: L
B119: 15 | C119: 34OV740 | D119: C - Sedan | E119: SB - Setback | F119: PP - Perpendicular | G119: L
B120: 15 | C120: 50CD550 | D120: C - Sedan | E120: SB - Setback | F120: PP - Perpendicular | G120: L
B121: 15 | C121: 37KE992 | D121: C - Sedan | E121: FP - Footpath | F121: PP - Perpendicular | G121: L
B122: 15 | C122: 37GE992 | D122: C - Sedan | E122: SB - Setback | F122: PP - Perpendicular | G122: L
B123: 15 | C123: 35RR273 | D123: C - Sedan | E123: SB - Setback | F123: PP - Perpendicular | G123: L
B124: 15 | C124: 22PP262 | D124: C - Sedan | E124: SB - Setback | F124: PP - Perpendicular | G124: L
B125: 15 | C125: 75JR775 | D125: C - Sedan | E125: OS - On-Street | F125: PA - Parallel | G125: L
B126: 15 | C126: 54AA445 | D126: C - Sedan | E126: OS - On-Street | F126: PA - Parallel | G126: L
B127: 15 | C127: 01KR070 | D127: C - Sedan | E127: OS - On-Street | F127: PA - Parallel | G127: L
B128: 15 | C128: 02TT012 | D128: C - Sedan | E128: OS - On-Street | F128: PA - Parallel | G128: L
B129: 15 | C129: 36AD702 | D129: C - Sedan | E129: OS - On-Street | F129: PA - Parallel | G129: L
B130: 15 | C130: 34UQ421 | D130: C - Sedan | E130: OS - On-Street | F130: PA - Parallel | G130: L
... B135: 15 | C135: 09KP909 | D135: C - Sedan | E135: OS - On-Street | F135: PA - Parallel | G135: L
A136: 14 - 15 | B136: 15 | C136: 98OG988 | D136: C - Sedan | E136: OS - On-Street | F136: PP - Perpendicular | G136: L
B137: 15 | C137: 88TI889 | D137: C - Sedan | E137: OS - On-Street | F137: A - 45 Degree | G137: L
B138: 15 | C138: 12OL554 | D138: C - Sedan | E138: OS - On-Street | F138: A - 45 Degree | G138: L
B139: 15 | C139: 37UG027 | D139: C - Sedan | E139: OS - On-Street | F139: A - 45 Degree | G139: L
B140: 15 | C140: 77VX712 | D140: C - Sedan | E140: OS - On-Street | F140: A - 45 Degree | G140: L
B141: 15 | C141: 01ZZ046 | D141: C - Sedan | E141: OS - On-Street | F141: A - 45 Degree | G141: L
B142: 15 | C142: 87RB001 | D142: C - Sedan | E142: OS - On-Street | F142: A - 45 Degree | G142: L
B143: 15 | C143: 09GV999 | D143: C - Sedan | E143: OS - On-Street | F143: A - 45 Degree | G143: L
B144: 15 | C144: 34PZ691 | D144: T - Truck | E144: OS - On-Street | F144: A - 45 Degree | G144: L
B145: 15 | C145: 37UG188 | D145: C - Sedan | E145: OS - On-Street | F145: A - 45 Degree | G145: L
...

Sheet 16
A1: Parking Survey Sheet
A3: Date: | B3: 46176
A4: Route #: | B4: Malatia Sebastia
A5: Name/Surname: | B5: _____________
A7: Time | B7: Zone | C7: License Number | D7: Vehicle Type | E7: Location | F7: Parking Method | G7: Legal/Illegal
A8: 7=7:00 14=14:00 midnight=00:00 & etc. | B8: Zone XXX | C8: 11XX111 | D8: C - Sedan T - Truck M - Motorcycle | E8: OS - On-Street FP - Footpath SB - Setback | F8: PA - Parallel A - 45 Degree PP - Perpendicular | G8: L - Legal I - Illegal
A9: 7 - 8 | B9: 16 | C9: 31HC574 | D9: C - Sedan | E9: OS - On-Street | F9: PA - Parallel | G9: L
B10: 16 | C10: 05TT050 | D10: C - Sedan | E10: OS - On-Street | F10: PA - Parallel | G10: L
B11: 16 | C11: 73KM821 | D11: C - Sedan | E11: OS - On-Street | F11: PA - Parallel | G11: L
B12: 16 | C12: 42PV306 | D12: C - Sedan | E12: OS - On-Street | F12: PA - Parallel | G12: L
B13: 16 | C13: 18BK647 | D13: C - Sedan | E13: OS - On-Street | F13: PA - Parallel | G13: L
B14: 16 | C14: 07MM700 | D14: C - Sedan | E14: OS - On-Street | F14: PA - Parallel | G14: L
B15: 16 | C15: 64TN283 | D15: C - Sedan | E15: OS - On-Street | F15: PA - Parallel | G15: L
B16: 16 | C16: 44EE444 | D16: C - Sedan | E16: OS - On-Street | F16: PA - Parallel | G16: L
B17: 16 | C17: 29XO158 | D17: C - Sedan | E17: OS - On-Street | F17: PA - Parallel | G17: L
B18: 16 | C18: 81KP935 | D18: C - Sedan | E18: OS - On-Street | F18: PA - Parallel | G18: L
A19: 8 - 9 | B19: 16 | C19: 34OV740 | D19: C - Sedan | E19: FP - Footpath | F19: PA - Parallel | G19: L
B20: 16 | C20: 22PP262 | D20: C - Sedan | E20: FP - Footpath | F20: PA - Parallel | G20: L
B21: 16 | C21: 28AA100 | D21: T - Truck | E21: FP - Footpath | F21: PA - Parallel | G21: L
B22: 16 | C22: 36AD702 | D22: C - Sedan | E22: FP - Footpath | F22: PA - Parallel | G22: L
B23: 16 | C23: 09WO909 | D23: C - Sedan | E23: FP - Footpath | F23: PA - Parallel | G23: L
B24: 16 | C24: 37TJ928 | D24: C - Sedan | E24: FP - Footpath | F24: PA - Parallel | G24: L
A25: 9 - 10 | B25: 16 | C25: 37PB114 | D25: C - Sedan | E25: FP - Footpath | F25: PA - Parallel | G25: L
B26: 16 | C26: 34OV740 | D26: C - Sedan | E26: FP - Footpath | F26: PA - Parallel | G26: L
B27: 16 | C27: 50HD101 | D27: C - Sedan | E27: OS - On-Street | F27: PA - Parallel | G27: L
B28: 16 | C28: 50CD550 | D28: C - Sedan | E28: OS - On-Street | F28: A - 45 Degree | G28: L
B29: 16 | C29: 35RR273 | D29: C - Sedan | E29: OS - On-Street | F29: PA - Parallel | G29: L
B30: 16 | C30: 22PP262 | D30: C - Sedan | E30: OS - On-Street | F30: PA - Parallel | G30: L
B31: 16 | C31: 21ZF221 | D31: C - Sedan | E31: OS - On-Street | F31: A - 45 Degree | G31: L
B32: 16 | C32: 54AA445 | D32: C - Sedan | E32: OS - On-Street | F32: PA - Parallel | G32: L
B33: 16 | C33: 36OT098 | D33: C - Sedan | E33: OS - On-Street | F33: PA - Parallel | G33: L
B34: 16 | C34: 28OO100 | D34: C - Sedan | E34: OS - On-Street | F34: PA - Parallel | G34: L
B35: 16 | C35: 28AA100 | D35: T - Truck | E35: OS - On-Street | F35: PA - Parallel | G35: L
B36: 16 | C36: 37QS766 | D36: C - Sedan | E36: OS - On-Street | F36: PA - Parallel | G36: L
B37: 16 | C37: 09KO909 | D37: C - Sedan | E37: OS - On-Street | F37: PA - Parallel | G37: L
B38: 16 | C38: 85UA085 | D38: C - Sedan | E38: OS - On-Street | F38: PA - Parallel | G38: L
A39: 10 - 11 | B39: 16 | C39: 50HD101 | D39: C - Sedan | E39: OS - On-Street | F39: A - 45 Degree | G39: L
B40: 16 | C40: 50CD550 | D40: C - Sedan | E40: OS - On-Street | F40: A - 45 Degree | G40: L
B41: 16 | C41: 01RT101 | D41: C - Sedan | E41: OS - On-Street | F41: A - 45 Degree | G41: L
B42: 16 | C42: 37JA852 | D42: C - Sedan | E42: OS - On-Street | F42: PA - Parallel | G42: L
B43: 16 | C43: 37KN806 | D43: C - Sedan | E43: OS - On-Street | F43: A - 45 Degree | G43: L
B44: 16 | C44: 22PP262 | D44: C - Sedan | E44: OS - On-Street | F44: A - 45 Degree | G44: L
B45: 16 | C45: 21ZF221 | D45: C - Sedan | E45: OS - On-Street | F45: A - 45 Degree | G45: L
B46: 16 | C46: 37HR363 | D46: C - Sedan | E46: OS - On-Street | F46: A - 45 Degree | G46: L
B47: 16 | C47: 28OO100 | D47: C - Sedan | E47: OS - On-Street | F47: A - 45 Degree | G47: L
B48: 16 | C48: 28AA100 | D48: T - Truck | E48: OS - On-Street | F48: A - 45 Degree | G48: L
B49: 16 | C49: 36SM725 | D49: C - Sedan | E49: OS - On-Street | F49: PA - Parallel | G49: L
B50: 16 | C50: 36QS766 | D50: C - Sedan | E50: OS - On-Street | F50: A - 45 Degree | G50: L
B51: 16 | C51: 81EA808 | D51: C - Sedan | E51: OS - On-Street | F51: A - 45 Degree | G51: L
... B65: 16 | C65: 09FO909 | D65: C - Sedan | E65: OS - On-Street | F65: A - 45 Degree | G65: L
A66: 11 - 12 | B66: 16 | C66: 50HD101 | D66: C - Sedan | E66: OS - On-Street | F66: A - 45 Degree | G66: L
B67: 16 | C67: 50CD550 | D67: C - Sedan | E67: OS - On-Street | F67: A - 45 Degree | G67: L
B68: 16 | C68: 01RT101 | D68: C - Sedan | E68: OS - On-Street | F68: A - 45 Degree | G68: L
B69: 16 | C69: 37KN806 | D69: C - Sedan | E69: OS - On-Street | F69: A - 45 Degree | G69: L
B70: 16 | C70: 75JR275 | D70: C - Sedan | E70: OS - On-Street | F70: A - 45 Degree | G70: L
B71: 16 | C71: 21ZF221 | D71: C - Sedan | E71: OS - On-Street | F71: A - 45 Degree | G71: L
B72: 16 | C72: 37HR363 | D72: C - Sedan | E72: OS - On-Street | F72: A - 45 Degree | G72: L
B73: 16 | C73: 28OO100 | D73: C - Sedan | E73: OS - On-Street | F73: A - 45 Degree | G73: L
B74: 16 | C74: 28AA100 | D74: T - Truck | E74: OS - On-Street | F74: A - 45 Degree | G74: L
B75: 16 | C75: 36QS766 | D75: C - Sedan | E75: OS - On-Street | F75: A - 45 Degree | G75: L
B76: 16 | C76: 81EA808 | D76: C - Sedan | E76: OS - On-Street | F76: A - 45 Degree | G76: L
B77: 16 | C77: 09KO909 | D77: C - Sedan | E77: OS - On-Street | F77: A - 45 Degree | G77: L
B78: 16 | C78: 35GL783 | D78: C - Sedan | E78: OS - On-Street | F78: A - 45 Degree | G78: L
... B89: 16 | C89: 09FO909 | D89: C - Sedan | E89: OS - On-Street | F89: A - 45 Degree | G89: L
A90: 12 - 13 | B90: 16 | C90: 50CD550 | D90: C - Sedan | E90: OS - On-Street | F90: A - 45 Degree | G90: L
B91: 16 | C91: 01RT101 | D91: C - Sedan | E91: OS - On-Street | F91: A - 45 Degree | G91: L
B92: 16 | C92: 37KN806 | D92: C - Sedan | E92: OS - On-Street | F92: A - 45 Degree | G92: L
B93: 16 | C93: 21ZF221 | D93: C - Sedan | E93: OS - On-Street | F93: A - 45 Degree | G93: L
B94: 16 | C94: 36QS766 | D94: C - Sedan | E94: OS - On-Street | F94: A - 45 Degree | G94: L
B95: 16 | C95: 81EA808 | D95: C - Sedan | E95: OS - On-Street | F95: A - 45 Degree | G95: L
B96: 16 | C96: 09KO909 | D96: C - Sedan | E96: OS - On-Street | F96: A - 45 Degree | G96: L
B97: 16 | C97: 35GL783 | D97: C - Sedan | E97: OS - On-Street | F97: A - 45 Degree | G97: L
A98: 13 - 14 | B98: 16 | C98: 37LK128 | D98: C - Sedan | E98: OS - On-Street | F98: A - 45 Degree | G98: L
B99: 16 | C99: 34OV740 | D99: C - Sedan | E99: OS - On-Street | F99: A - 45 Degree | G99: L
B100: 16 | C100: 50CD550 | D100: C - Sedan | E100: OS - On-Street | F100: A - 45 Degree | G100: L
B101: 16 | C101: 22PP262 | D101: C - Sedan | E101: OS - On-Street | F101: A - 45 Degree | G101: L
B102: 16 | C102: 75JR775 | D102: C - Sedan | E102: OS - On-Street | F102: A - 45 Degree | G102: L
B103: 16 | C103: 54AA445 | D103: C - Sedan | E103: OS - On-Street | F103: A - 45 Degree | G103: L
B104: 16 | C104: 36AD702 | D104: C - Sedan | E104: OS - On-Street | F104: A - 45 Degree | G104: L
B105: 16 | C105: 37VR611 | D105: C - Sedan | E105: OS - On-Street | F105: A - 45 Degree | G105: L
B106: 16 | C106: 09KP909 | D106: C - Sedan | E106: OS - On-Street | F106: A - 45 Degree | G106: L
A107: 14 - 15 | B107: 16 | C107: 09FO909 | D107: C - Sedan | E107: OS - On-Street | F107: A - 45 Degree | G107: L
B108: 16 | C108: 78ZA999 | D108: C - Sedan | E108: OS - On-Street | F108: A - 45 Degree | G108: L
B109: 16 | C109: 37GZ338 | D109: C - Sedan | E109: OS - On-Street | F109: A - 45 Degree | G109: L
B110: 16 | C110: 36SL761 | D110: C - Sedan | E110: OS - On-Street | F110: A - 45 Degree | G110: L
B111: 16 | C111: 66SG666 | D111: C - Sedan | E111: OS - On-Street | F111: A - 45 Degree | G111: L
B112: 16 | C112: 37ES982 | D112: C - Sedan | E112: OS - On-Street | F112: A - 45 Degree | G112: L
B113: 16 | C113: 77PQ778 | D113: C - Sedan | E113: OS - On-Street | F113: A - 45 Degree | G113: L
B114: 16 | C114: 22RA202 | D114: C - Sedan | E114: OS - On-Street | F114: A - 45 Degree | G114: L
B115: 16 | C115: 25UU539 | D115: C - Sedan | E115: OS - On-Street | F115: A - 45 Degree | G115: L
B116: 16 | C116: 81EA808 | D116: C - Sedan | E116: OS - On-Street | F116: A - 45 Degree | G116: L
B117: 16 | C117: 36QS766 | D117: C - Sedan | E117: OS - On-Street | F117: A - 45 Degree | G117: L
B118: 16 | C118: 28AA100 | D118: C - Sedan | E118: OS - On-Street | F118: A - 45 Degree | G118: L
B119: 16 | C119: 37KN806 | D119: C - Sedan | E119: OS - On-Street | F119: A - 45 Degree | G119: L
... B121: 16 | C121: 50HD101 | D121: C - Sedan | E121: OS - On-Street | F121: A - 45 Degree | G121: L
A122: 15 - 16 | B122: 16 | C122: 37LK128 | D122: C - Sedan | E122: OS - On-Street | F122: PA - Parallel | G122: L
B123: 16 | C123: 37BP694 | D123: C - Sedan | E123: OS - On-Street | F123: PA - Parallel | G123: L
B124: 16 | C124: 50CD550 | D124: C - Sedan | E124: OS - On-Street | F124: A - 45 Degree | G124: L
B125: 16 | C125: 01RT111 | D125: T - Truck | E125: OS - On-Street | F125: PP - Perpendicular | G125: L
B126: 16 | C126: 37JK266 | D126: C - Sedan | E126: OS - On-Street | F126: PA - Parallel | G126: L
...

Sheet 17
A1: Parking Survey Sheet
A3: Date: | B3: 46176
A4: Route #: | B4: Malatia Sebastia
A5: Name/Surname: | B5: _____________
A7: Time | B7: Zone | C7: License Number | D7: Vehicle Type | E7: Location | F7: Parking Method | G7: Legal/Illegal
A8: 7=7:00 14=14:00 midnight=00:00 & etc. | B8: Zone XXX | C8: 11XX111 | D8: C - Sedan T - Truck M - Motorcycle | E8: OS - On-Street FP - Footpath SB - Setback | F8: PA - Parallel A - 45 Degree PP - Perpendicular | G8: L - Legal I - Illegal
A9: 7 - 8 | B9: 17 | C9: 37PB439 | D9: C - Sedan | E9: SB - Setback | F9: A - 45 Degree | G9: L
B10: 17 | C10: 06AK061 | D10: C - Sedan | E10: SB - Setback | F10: A - 45 Degree | G10: L
B11: 17 | C11: 37VA502 | D11: C - Sedan | E11: SB - Setback | F11: PA - Parallel | G11: L
B12: 17 | C12: 78QA778 | D12: T - Truck | E12: SB - Setback | F12: PA - Parallel | G12: L
B13: 17 | C13: 77KK997 | D13: C - Sedan | E13: SB - Setback | F13: PA - Parallel | G13: L
B14: 17 | C14: 21JJ210 | D14: C - Sedan | E14: SB - Setback | F14: PA - Parallel | G14: L
B15: 17 | C15: 025AS61 | D15: T - Truck | E15: SB - Setback | F15: PA - Parallel | G15: L
B16: 17 | C16: 19NL009 | D16: C - Sedan | E16: SB - Setback | F16: PA - Parallel | G16: L
B17: 17 | C17: 07RM070 | D17: T - Truck | E17: SB - Setback | F17: PA - Parallel | G17: L
B18: 17 | C18: 35VY035 | D18: C - Sedan | E18: SB - Setback | F18: A - 45 Degree | G18: L
A19: 8 - 9 | B19: 17 | C19: 71OO171 | D19: C - Sedan | E19: OS - On-Street | F19: PA - Parallel | G19: L
B20: 17 | C20: 46BK251 | D20: C - Sedan | E20: OS - On-Street | F20: PA - Parallel | G20: L
B21: 17 | C21: 33CC333 | D21: C - Sedan | E21: OS - On-Street | F21: PA - Parallel | G21: L
B22: 17 | C22: 08TM694 | D22: C - Sedan | E22: OS - On-Street | F22: PA - Parallel | G22: L
B23: 17 | C23: 97VV123 | D23: C - Sedan | E23: OS - On-Street | F23: PA - Parallel | G23: L
B24: 17 | C24: 21OO012 | D24: C - Sedan | E24: OS - On-Street | F24: PA - Parallel | G24: L
B25: 17 | C25: 54HK786 | D25: C - Sedan | E25: OS - On-Street | F25: PA - Parallel | G25: L
B26: 17 | C26: 12AB340 | D26: C - Sedan | E26: OS - On-Street | F26: PA - Parallel | G26: L
B27: 17 | C27: 79OO997 | D27: C - Sedan | E27: OS - On-Street | F27: PA - Parallel | G27: L
A28: 9 - 10 | B28: 17 | C28: 37HK089 | D28: C - Sedan | E28: FP - Footpath | F28: PA - Parallel | G28: L
B29: 17 | C29: 81ON808 | D29: C - Sedan | E29: FP - Footpath | F29: PA - Parallel | G29: L
B30: 17 | C30: 71XY707 | D30: C - Sedan | E30: FP - Footpath | F30: PA - Parallel | G30: L
B31: 17 | C31: 37NI795 | D31: C - Sedan | E31: FP - Footpath | F31: PA - Parallel | G31: L
B32: 17 | C32: 36VN716 | D32: C - Sedan | E32: OS - On-Street | F32: A - 45 Degree | G32: L
B33: 17 | C33: 35OG265 | D33: C - Sedan | E33: OS - On-Street | F33: PP - Perpendicular | G33: L
B34: 17 | C34: 88UC888 | D34: C - Sedan | E34: OS - On-Street | F34: A - 45 Degree | G34: L
B35: 17 | C35: 02EL001 | D35: C - Sedan | E35: OS - On-Street | F35: A - 45 Degree | G35: L
B36: 17 | C36: 66IQ966 | D36: C - Sedan | E36: OS - On-Street | F36: A - 45 Degree | G36: L
B37: 17 | C37: 003ZO01 | D37: C - Sedan | E37: OS - On-Street | F37: PP - Perpendicular | G37: L
B38: 17 | C38: 37WM987 | D38: C - Sedan | E38: OS - On-Street | F38: A - 45 Degree | G38: L
B39: 17 | C39: 37JB987 | D39: C - Sedan | E39: OS - On-Street | F39: PP - Perpendicular | G39: L
B40: 17 | C40: 66MW666 | D40: C - Sedan | E40: OS - On-Street | F40: A - 45 Degree | G40: L
... B42: 17 | C42: 15XC155 | D42: C - Sedan | E42: OS - On-Street | F42: PP - Perpendicular | G42: L
A43: 10 - 11 | B43: 17 | C43: 01ZI007 | D43: C - Sedan | E43: OS - On-Street | F43: PP - Perpendicular | G43: L
B44: 17 | C44: 37JK047 | D44: C - Sedan | E44: OS - On-Street | F44: PP - Perpendicular | G44: L
B45: 17 | C45: 56BB100 | D45: C - Sedan | E45: OS - On-Street | F45: A - 45 Degree | G45: L
B46: 17 | C46: 37HK410 | D46: C - Sedan | E46: OS - On-Street | F46: PP - Perpendicular | G46: L
B47: 17 | C47: 29GL029 | D47: C - Sedan | E47: OS - On-Street | F47: PP - Perpendicular | G47: L
B48: 17 | C48: 17AXX008 | D48: C - Sedan | E48: OS - On-Street | F48: PP - Perpendicular | G48: L
B49: 17 | C49: 37HN452 | D49: C - Sedan | E49: OS - On-Street | F49: PP - Perpendicular | G49: L
B50: 17 | C50: 37SK957 | D50: C - Sedan | E50: OS - On-Street | F50: PP - Perpendicular | G50: L
B51: 17 | C51: 28AM228 | D51: C - Sedan | E51: OS - On-Street | F51: PP - Perpendicular | G51: L
B52: 17 | C52: 67DD999 | D52: C - Sedan | E52: OS - On-Street | F52: PP - Perpendicular | G52: L
B53: 17 | C53: 91SA999 | D53: C - Sedan | E53: OS - On-Street | F53: PP - Perpendicular | G53: L
B54: 17 | C54: 45GG055 | D54: C - Sedan | E54: OS - On-Street | F54: PP - Perpendicular | G54: L
B55: 17 | C55: 08XZ008 | D55: C - Sedan | E55: OS - On-Street | F55: A - 45 Degree | G55: L
... B58: 17 | C58: 90CO606 | D58: C - Sedan | E58: OS - On-Street | F58: PP - Perpendicular | G58: L
A59: 11 - 12 | B59: 17 | C59: 71YF700 | D59: C - Sedan | E59: OS - On-Street | F59: PA - Parallel | G59: L
B60: 17 | C60: 37HU928 | D60: C - Sedan | E60: OS - On-Street | F60: PA - Parallel | G60: L
B61: 17 | C61: 29GL029 | D61: C - Sedan | E61: OS - On-Street | F61: PA - Parallel | G61: L
B62: 17 | C62: 37UZ930 | D62: C - Sedan | E62: OS - On-Street | F62: PA - Parallel | G62: L
B63: 17 | C63: 37UZ925 | D63: C - Sedan | E63: OS - On-Street | F63: PA - Parallel | G63: L
B64: 17 | C64: 777XX68 | D64: C - Sedan | E64: OS - On-Street | F64: PA - Parallel | G64: L
B65: 17 | C65: 35QL792 | D65: C - Sedan | E65: OS - On-Street | F65: PA - Parallel | G65: L
B66: 17 | C66: 35ZF583 | D66: C - Sedan | E66: OS - On-Street | F66: PA - Parallel | G66: L
B67: 17 | C67: 37HK410 | D67: C - Sedan | E67: OS - On-Street | F67: PA - Parallel | G67: L
B68: 17 | C68: 71OD011 | D68: C - Sedan | E68: OS - On-Street | F68: PA - Parallel | G68: L
B69: 17 | C69: 40FR040 | D69: C - Sedan | E69: OS - On-Street | F69: PA - Parallel | G69: L
B70: 17 | C70: 06MM666 | D70: C - Sedan | E70: OS - On-Street | F70: PA - Parallel | G70: L
B71: 17 | C71: 91LV900 | D71: C - Sedan | E71: OS - On-Street | F71: PA - Parallel | G71: L
... B76: 17 | C76: 36VN710 | D76: C - Sedan | E76: OS - On-Street | F76: PP - Perpendicular | G76: L
A77: 12 - 13 | B77: 17 | C77: 35OG265 | D77: C - Sedan | E77: OS - On-Street | F77: A - 45 Degree | G77: L
B78: 17 | C78: 88UC888 | D78: C - Sedan | E78: OS - On-Street | F78: A - 45 Degree | G78: L
B79: 17 | C79: 66IQ966 | D79: C - Sedan | E79: OS - On-Street | F79: A - 45 Degree | G79: L
B80: 17 | C80: 50IM101 | D80: C - Sedan | E80: OS - On-Street | F80: A - 45 Degree | G80: L
B81: 17 | C81: 003ZO01 | D81: C - Sedan | E81: OS - On-Street | F81: A - 45 Degree | G81: L
B82: 17 | C82: 37WM986 | D82: C - Sedan | E82: OS - On-Street | F82: A - 45 Degree | G82: L
B83: 17 | C83: 37JB767 | D83: C - Sedan | E83: OS - On-Street | F83: A - 45 Degree | G83: L
B84: 17 | C84: 66MW666 | D84: C - Sedan | E84: OS - On-Street | F84: A - 45 Degree | G84: L
B85: 17 | C85: 99AL996 | D85: C - Sedan | E85: OS - On-Street | F85: A - 45 Degree | G85: L
B86: 17 | C86: 03LA023 | D86: C - Sedan | E86: OS - On-Street | F86: A - 45 Degree | G86: L
B87: 17 | C87: 15XC155 | D87: C - Sedan | E87: OS - On-Street | F87: A - 45 Degree | G87: L
B88: 17 | C88: 37SE532 | D88: C - Sedan | E88: OS - On-Street | F88: A - 45 Degree | G88: L
B89: 17 | C89: 01ZI007 | D89: C - Sedan | E89: OS - On-Street | F89: A - 45 Degree | G89: L
... B100: 17 | C100: 28AM228 | D100: C - Sedan | E100: OS - On-Street | F100: A - 45 Degree | G100: L
A101: 13 - 14 | B101: 17 | C101: 67DD999 | D101: C - Sedan | E101: OS - On-Street | F101: A - 45 Degree | G101: L
B102: 17 | C102: 91SA999 | D102: C - Sedan | E102: OS - On-Street | F102: A - 45 Degree | G102: L
B103: 17 | C103: 73NA777 | D103: C - Sedan | E103: OS - On-Street | F103: A - 45 Degree | G103: L
B104: 17 | C104: 08XZ008 | D104: C - Sedan | E104: OS - On-Street | F104: A - 45 Degree | G104: L
B105: 17 | C105: 45GG055 | D105: C - Sedan | E105: OS - On-Street | F105: A - 45 Degree | G105: L
B106: 17 | C106: 37LV306 | D106: C - Sedan | E106: OS - On-Street | F106: PP - Perpendicular | G106: L
B107: 17 | C107: 55NN101 | D107: C - Sedan | E107: OS - On-Street | F107: PP - Perpendicular | G107: L
B108: 17 | C108: 77NN787 | D108: C - Sedan | E108: OS - On-Street | F108: PP - Perpendicular | G108: L
B109: 17 | C109: 28OS774 | D109: C - Sedan | E109: OS - On-Street | F109: PP - Perpendicular | G109: L
B110: 17 | C110: 40FR040 | D110: C - Sedan | E110: OS - On-Street | F110: PA - Parallel | G110: L
B111: 17 | C111: 77KT777 | D111: C - Sedan | E111: OS - On-Street | F111: PA - Parallel | G111: L
B112: 17 | C112: 37HK410 | D112: C - Sedan | E112: OS - On-Street | F112: PA - Parallel | G112: L
B113: 17 | C113: 35QL792 | D113: C - Sedan | E113: OS - On-Street | F113: PA - Parallel | G113: L
... B119: 17 | C119: 89OO008 | D119: C - Sedan | E119: OS - On-Street | F119: PA - Parallel | G119: L
A120: 14 - 15 | B120: 17 | C120: 40FR040 | D120: C - Sedan | E120: OS - On-Street | F120: PA - Parallel | G120: L
B121: 17 | C121: 77KT777 | D121: C - Sedan | E121: OS - On-Street | F121: PA - Parallel | G121: L
B122: 17 | C122: 37HK410 | D122: C - Sedan | E122: OS - On-Street | F122: PA - Parallel | G122: L
B123: 17 | C123: 35QL792 | D123: C - Sedan | E123: OS - On-Street | F123: PA - Parallel | G123: L
B124: 17 | C124: 23AS233 | D124: C - Sedan | E124: OS - On-Street | F124: PA - Parallel | G124: L
...

Sheet 18
A1: Parking Survey Sheet
A3: Date: | B3: 46176
A4: Route #: | B4: Malatia Sebastia
A5: Name/Surname: | B5: _____________
A7: Time | B7: Zone | C7: License Number | D7: Vehicle Type | E7: Location | F7: Parking Method | G7: Legal/Illegal
A8: 7=7:00 14=14:00 midnight=00:00 & etc. | B8: Zone XXX | C8: 11XX111 | D8: C - Sedan T - Truck M - Motorcycle | E8: OS - On-Street FP - Footpath SB - Setback | F8: PA - Parallel A - 45 Degree PP - Perpendicular | G8: L - Legal I - Illegal
A9: 7 - 8 | B9: 18 | C9: 98DA008 | D9: C - Sedan | E9: SB - Setback | F9: PA - Parallel | G9: L
B10: 18 | C10: 36TO645 | D10: C - Sedan | E10: SB - Setback | F10: PP - Perpendicular | G10: L
B11: 18 | C11: 51TA551 | D11: C - Sedan | E11: SB - Setback | F11: PP - Perpendicular | G11: L
B12: 18 | C12: 37MZ284 | D12: C - Sedan | E12: SB - Setback | F12: PP - Perpendicular | G12: L
B13: 18 | C13: 37EW449 | D13: T - Truck | E13: SB - Setback | F13: PP - Perpendicular | G13: L
B14: 18 | C14: 36VU617 | D14: C - Sedan | E14: SB - Setback | F14: A - 45 Degree | G14: L
B15: 18 | C15: 37ST997 | D15: C - Sedan | E15: SB - Setback | F15: PA - Parallel | G15: L
B16: 18 | C16: 01VV066 | D16: C - Sedan | E16: SB - Setback | F16: PA - Parallel | G16: L
B17: 18 | C17: 25TM250 | D17: C - Sedan | E17: SB - Setback | F17: PA - Parallel | G17: L
B18: 18 | C18: 07EL011 | D18: T - Truck | E18: SB - Setback | F18: PA - Parallel | G18: L
B19: 18 | C19: 01CC017 | D19: C - Sedan | E19: SB - Setback | F19: PP - Perpendicular | G19: L
B20: 18 | C20: 01MM991 | D20: C - Sedan | E20: SB - Setback | F20: PP - Perpendicular | G20: L
B21: 18 | C21: 35TA020 | D21: C - Sedan | E21: SB - Setback | F21: PA - Parallel | G21: L
B22: 18 | C22: 36UZ475 | D22: C - Sedan | E22: SB - Setback | F22: PP - Perpendicular | G22: L
A23: 8 - 9 | B23: 18 | C23: 36NP425 | D23: C - Sedan | E23: OS - On-Street | F23: PA - Parallel | G23: L
B24: 18 | C24: 02TT200 | D24: C - Sedan | E24: OS - On-Street | F24: PA - Parallel | G24: L
B25: 18 | C25: 61KM158 | D25: C - Sedan | E25: OS - On-Street | F25: PA - Parallel | G25: L
B26: 18 | C26: 88NN888 | D26: C - Sedan | E26: OS - On-Street | F26: PA - Parallel | G26: L
B27: 18 | C27: 15XO771 | D27: C - Sedan | E27: OS - On-Street | F27: PA - Parallel | G27: L
B28: 18 | C28: 74HC206 | D28: C - Sedan | E28: OS - On-Street | F28: PA - Parallel | G28: L
B29: 18 | C29: 41MM909 | D29: C - Sedan | E29: OS - On-Street | F29: PA - Parallel | G29: L
B30: 18 | C30: 90BK111 | D30: C - Sedan | E30: OS - On-Street | F30: PA - Parallel | G30: L
B31: 18 | C31: 63VP427 | D31: C - Sedan | E31: OS - On-Street | F31: PA - Parallel | G31: L
A32: 9 - 10 | B32: 18 | C32: 22SS024 | D32: C - Sedan | E32: FP - Footpath | F32: PA - Parallel | G32: L
B33: 18 | C33: 50AN155 | D33: C - Sedan | E33: FP - Footpath | F33: PA - Parallel | G33: L
B34: 18 | C34: 37HU928 | D34: C - Sedan | E34: FP - Footpath | F34: PA - Parallel | G34: L
B35: 18 | C35: 37HK089 | D35: C - Sedan | E35: FP - Footpath | F35: PA - Parallel | G35: L
B36: 18 | C36: 02EL001 | D36: C - Sedan | E36: FP - Footpath | F36: PA - Parallel | G36: L
B37: 18 | C37: 44EY444 | D37: C - Sedan | E37: OS - On-Street | F37: PP - Perpendicular | G37: L
B38: 18 | C38: 37NK864 | D38: C - Sedan | E38: OS - On-Street | F38: PP - Perpendicular | G38: L
B39: 18 | C39: 10RT777 | D39: C - Sedan | E39: FP - Footpath | F39: PA - Parallel | G39: L
B40: 18 | C40: 95MT955 | D40: C - Sedan | E40: OS - On-Street | F40: PP - Perpendicular | G40: L
B41: 18 | C41: 12ZL012 | D41: C - Sedan | E41: OS - On-Street | F41: PP - Perpendicular | G41: L
B42: 18 | C42: 34CN890 | D42: C - Sedan | E42: FP - Footpath | F42: PA - Parallel | G42: L
B43: 18 | C43: 37LE945 | D43: C - Sedan | E43: OS - On-Street | F43: PP - Perpendicular | G43: L
B44: 18 | C44: 36PC006 | D44: T - Truck | E44: FP - Footpath | F44: PA - Parallel | G44: L
... B46: 18 | C46: 08LU881 | D46: C - Sedan | E46: FP - Footpath | F46: PA - Parallel | G46: L
A47: 10 - 11 | B47: 18 | C47: 37RT093 | D47: C - Sedan | E47: OS - On-Street | F47: PP - Perpendicular | G47: L
B48: 18 | C48: 37RZ537 | D48: C - Sedan | E48: OS - On-Street | F48: A - 45 Degree | G48: L
B49: 18 | C49: 52XX333 | D49: C - Sedan | E49: OS - On-Street | F49: PP - Perpendicular | G49: L
B50: 18 | C50: 50OH550 | D50: C - Sedan | E50: OS - On-Street | F50: PP - Perpendicular | G50: L
B51: 18 | C51: 37BJ090 | D51: C - Sedan | E51: OS - On-Street | F51: PP - Perpendicular | G51: L
B52: 18 | C52: 11ED111 | D52: C - Sedan | E52: OS - On-Street | F52: PP - Perpendicular | G52: L
B53: 18 | C53: 11GG100 | D53: T - Truck | E53: OS - On-Street | F53: PP - Perpendicular | G53: L
B54: 18 | C54: 28HH100 | D54: T - Truck | E54: OS - On-Street | F54: PP - Perpendicular | G54: L
B55: 18 | C55: 01FR012 | D55: C - Sedan | E55: OS - On-Street | F55: PP - Perpendicular | G55: L
B56: 18 | C56: 34LV930 | D56: C - Sedan | E56: OS - On-Street | F56: PP - Perpendicular | G56: L
B57: 18 | C57: 36CV297 | D57: C - Sedan | E57: OS - On-Street | F57: PP - Perpendicular | G57: L
B58: 18 | C58: 99II966 | D58: C - Sedan | E58: OS - On-Street | F58: PP - Perpendicular | G58: L
B59: 18 | C59: 76XY707 | D59: C - Sedan | E59: OS - On-Street | F59: PP - Perpendicular | G59: L
... B64: 18 | C64: 12ZT002 | D64: C - Sedan | E64: OS - On-Street | F64: PP - Perpendicular | G64: L
A65: 11 - 12 | B65: 18 | C65: 70GO005 | D65: C - Sedan | E65: OS - On-Street | F65: PA - Parallel | G65: L
B66: 18 | C66: 22PU221 | D66: C - Sedan | E66: OS - On-Street | F66: PA - Parallel | G66: L
B67: 18 | C67: 34ND788 | D67: C - Sedan | E67: OS - On-Street | F67: PA - Parallel | G67: L
B68: 18 | C68: 87MF087 | D68: C - Sedan | E68: OS - On-Street | F68: PA - Parallel | G68: L
B69: 18 | C69: 15FX115 | D69: C - Sedan | E69: OS - On-Street | F69: PA - Parallel | G69: L
B70: 18 | C70: 01CD505 | D70: C - Sedan | E70: OS - On-Street | F70: PA - Parallel | G70: L
B71: 18 | C71: 77DW775 | D71: C - Sedan | E71: OS - On-Street | F71: PA - Parallel | G71: L
B72: 18 | C72: 37DV095 | D72: T - Truck | E72: OS - On-Street | F72: PA - Parallel | G72: L
B73: 18 | C73: 01TK030 | D73: C - Sedan | E73: OS - On-Street | F73: PA - Parallel | G73: L
B74: 18 | C74: 37OC901 | D74: C - Sedan | E74: OS - On-Street | F74: PA - Parallel | G74: L
B75: 18 | C75: 97MJ007 | D75: C - Sedan | E75: OS - On-Street | F75: PA - Parallel | G75: L
B76: 18 | C76: 37PS330 | D76: C - Sedan | E76: OS - On-Street | F76: PA - Parallel | G76: L
B77: 18 | C77: 69DD006 | D77: C - Sedan | E77: OS - On-Street | F77: PA - Parallel | G77: L
... B89: 18 | C89: 50OH550 | D89: C - Sedan | E89: OS - On-Street | F89: PA - Parallel | G89: L
A90: 12 - 13 | B90: 18 | C90: 37RT093 | D90: C - Sedan | E90: OS - On-Street | F90: PP - Perpendicular | G90: L
B91: 18 | C91: 37RZ537 | D91: C - Sedan | E91: OS - On-Street | F91: PP - Perpendicular | G91: L
B92: 18 | C92: 52XX333 | D92: C - Sedan | E92: OS - On-Street | F92: PP - Perpendicular | G92: L
B93: 18 | C93: 50OH550 | D93: C - Sedan | E93: OS - On-Street | F93: A - 45 Degree | G93: L
B94: 18 | C94: 37BJ090 | D94: C - Sedan | E94: OS - On-Street | F94: A - 45 Degree | G94: L
B95: 18 | C95: 11ED111 | D95: C - Sedan | E95: OS - On-Street | F95: PP - Perpendicular | G95: L
B96: 18 | C96: 28GG100 | D96: T - Truck | E96: OS - On-Street | F96: PP - Perpendicular | G96: L
B97: 18 | C97: 28HH100 | D97: C - Sedan | E97: OS - On-Street | F97: PP - Perpendicular | G97: L
B98: 18 | C98: 01FR022 | D98: C - Sedan | E98: OS - On-Street | F98: PP - Perpendicular | G98: L
B99: 18 | C99: 35MU570 | D99: C - Sedan | E99: OS - On-Street | F99: PP - Perpendicular | G99: L
B100: 18 | C100: 36TT982 | D100: C - Sedan | E100: OS - On-Street | F100: PP - Perpendicular | G100: L
B101: 18 | C101: 90CO606 | D101: C - Sedan | E101: OS - On-Street | F101: PP - Perpendicular | G101: L
B102: 18 | C102: 34LV930 | D102: C - Sedan | E102: OS - On-Street | F102: PP - Perpendicular | G102: L
... B106: 18 | C106: 32SJ725 | D106: C - Sedan | E106: OS - On-Street | F106: PP - Perpendicular | G106: L
A107: 13 - 14 | B107: 18 | C107: 37RT033 | D107: C - Sedan | E107: OS - On-Street | F107: PA - Parallel | G107: L
B108: 18 | C108: 811AA | D108: M - Motorcycle | E108: OS - On-Street | F108: PA - Parallel | G108: L
B109: 18 | C109: 945AA005 | D109: T - Truck | E109: OS - On-Street | F109: PA - Parallel | G109: L
B110: 18 | C110: 42XX333 | D110: C - Sedan | E110: OS - On-Street | F110: PA - Parallel | G110: L
B111: 18 | C111: 055OQ55 | D111: C - Sedan | E111: OS - On-Street | F111: PP - Perpendicular | G111: L
B112: 18 | C112: 50OH550 | D112: C - Sedan | E112: OS - On-Street | F112: PA - Parallel | G112: L
B113: 18 | C113: 37BJ090 | D113: C - Sedan | E113: OS - On-Street | F113: PA - Parallel | G113: L
B114: 18 | C114: 11ED111 | D114: C - Sedan | E114: OS - On-Street | F114: PA - Parallel | G114: L
B115: 18 | C115: 539HR61 | D115: C - Sedan | E115: OS - On-Street | F115: PA - Parallel | G115: L
B116: 18 | C116: 28GG100 | D116: T - Truck | E116: OS - On-Street | F116: PA - Parallel | G116: L
B117: 18 | C117: 10OC200 | D117: C - Sedan | E117: OS - On-Street | F117: PA - Parallel | G117: L
B118: 18 | C118: 99CJ699 | D118: C - Sedan | E118: OS - On-Street | F118: PA - Parallel | G118: L
B119: 18 | C119: 227AC | D119: M - Motorcycle | E119: OS - On-Street | F119: PA - Parallel | G119: L
... B128: 18 | C128: 77AG477 | D128: C - Sedan | E128: OS - On-Street | F128: PP - Perpendicular | G128: L
A129: 14 - 15 | B129: 18 | C129: 71XY707 | D129: C - Sedan | E129: OS - On-Street | F129: PA - Parallel | G129: L
...

Sheet 19
A1: Parking Survey Sheet
A3: Date: | B3: 46176
A4: Route #: | B4: Malatia Sebastia
A5: Name/Surname: | B5: _____________
A7: Time | B7: Zone | C7: License Number | D7: Vehicle Type | E7: Location | F7: Parking Method | G7: Legal/Illegal
A8: 7=7:00 14=14:00 midnight=00:00 & etc. | B8: Zone XXX | C8: 11XX111 | D8: C - Sedan T - Truck M - Motorcycle | E8: OS - On-Street FP - Footpath SB - Setback | F8: PA - Parallel A - 45 Degree PP - Perpendicular | G8: L - Legal I - Illegal
A9: 7 - 8 | B9: 19 | C9: 36NA341 | D9: C - Sedan | E9: SB - Setback | F9: PA - Parallel | G9: L
B10: 19 | C10: 96OK900 | D10: C - Sedan | E10: SB - Setback | F10: PA - Parallel | G10: L
B11: 19 | C11: 37CJ714 | D11: C - Sedan | E11: SB - Setback | F11: PP - Perpendicular | G11: L
B12: 19 | C12: 27NN907 | D12: T - Truck | E12: SB - Setback | F12: PP - Perpendicular | G12: L
B13: 19 | C13: 90AG101 | D13: C - Sedan | E13: SB - Setback | F13: PA - Parallel | G13: L
B14: 19 | C14: 34UA809 | D14: C - Sedan | E14: SB - Setback | F14: PA - Parallel | G14: L
B15: 19 | C15: 02NZ707 | D15: C - Sedan | E15: SB - Setback | F15: PA - Parallel | G15: L
B16: 19 | C16: 36PW489 | D16: C - Sedan | E16: SB - Setback | F16: PA - Parallel | G16: L
B17: 19 | C17: 36XV057 | D17: C - Sedan | E17: SB - Setback | F17: PP - Perpendicular | G17: L
B18: 19 | C18: 40KG040 | D18: C - Sedan | E18: SB - Setback | F18: PP - Perpendicular | G18: L
B19: 19 | C19: 110XX08 | D19: C - Sedan | E19: SB - Setback | F19: PP - Perpendicular | G19: L
B20: 19 | C20: 15AM005 | D20: C - Sedan | E20: SB - Setback | F20: PP - Perpendicular | G20: L
B21: 19 | C21: 91EO900 | D21: C - Sedan | E21: SB - Setback | F21: PP - Perpendicular | G21: L
... B38: 19 | C38: 37SJ251 | D38: C - Sedan | E38: SB - Setback | F38: PP - Perpendicular | G38: L
A39: 8 - 9 | B39: 19 | C39: 03OO300 | D39: C - Sedan | E39: OS - On-Street | F39: PA - Parallel | G39: L
B40: 19 | C40: 58HC472 | D40: C - Sedan | E40: OS - On-Street | F40: PA - Parallel | G40: L
B41: 19 | C41: 76AB619 | D41: C - Sedan | E41: OS - On-Street | F41: PA - Parallel | G41: L
B42: 19 | C42: 13TT131 | D42: C - Sedan | E42: OS - On-Street | F42: PA - Parallel | G42: L
B43: 19 | C43: 92VM405 | D43: C - Sedan | E43: OS - On-Street | F43: PA - Parallel | G43: L
B44: 19 | C44: 24NK768 | D44: C - Sedan | E44: OS - On-Street | F44: PA - Parallel | G44: L
B45: 19 | C45: 39PT214 | D45: C - Sedan | E45: OS - On-Street | F45: PA - Parallel | G45: L
B46: 19 | C46: 01AA100 | D46: C - Sedan | E46: OS - On-Street | F46: PA - Parallel | G46: L
B47: 19 | C47: 85XO592 | D47: C - Sedan | E47: OS - On-Street | F47: PA - Parallel | G47: L
B48: 19 | C48: 17HC830 | D48: C - Sedan | E48: OS - On-Street | F48: PA - Parallel | G48: L
A49: 9 - 10 | B49: 19 | C49: 17XM700 | D49: C - Sedan | E49: FP - Footpath | F49: PA - Parallel | G49: L
B50: 19 | C50: 36CV297 | D50: C - Sedan | E50: FP - Footpath | F50: PA - Parallel | G50: L
B51: 19 | C51: 69DD006 | D51: C - Sedan | E51: FP - Footpath | F51: PA - Parallel | G51: L
B52: 19 | C52: 71XY707 | D52: C - Sedan | E52: FP - Footpath | F52: PA - Parallel | G52: L
B53: 19 | C53: 01AL202 | D53: C - Sedan | E53: FP - Footpath | F53: PA - Parallel | G53: L
B54: 19 | C54: 37OC901 | D54: C - Sedan | E54: FP - Footpath | F54: PA - Parallel | G54: L
B55: 19 | C55: 24LL024 | D55: C - Sedan | E55: FP - Footpath | F55: PA - Parallel | G55: L
B56: 19 | C56: 37DV095 | D56: C - Sedan | E56: FP - Footpath | F56: PA - Parallel | G56: L
B57: 19 | C57: 35OG265 | D57: C - Sedan | E57: FP - Footpath | F57: PA - Parallel | G57: L
B58: 19 | C58: 88UC988 | D58: C - Sedan | E58: FP - Footpath | F58: PA - Parallel | G58: L
B59: 19 | C59: 34MN015 | D59: C - Sedan | E59: FP - Footpath | F59: PA - Parallel | G59: L
B60: 19 | C60: 66MW666 | D60: C - Sedan | E60: FP - Footpath | F60: PA - Parallel | G60: L
B61: 19 | C61: 99AL919 | D61: C - Sedan | E61: FP - Footpath | F61: PA - Parallel | G61: L
... B63: 19 | C63: 56BB100 | D63: C - Sedan | E63: FP - Footpath | F63: PA - Parallel | G63: L
A64: 10 - 11 | B64: 19 | C64: 264DC64 | D64: C - Sedan | E64: OS - On-Street | F64: PP - Perpendicular | G64: L
B65: 19 | C65: 77IO771 | D65: C - Sedan | E65: OS - On-Street | F65: PP - Perpendicular | G65: L
B66: 19 | C66: 61RA001 | D66: C - Sedan | E66: OS - On-Street | F66: PP - Perpendicular | G66: L
B67: 19 | C67: 37VT297 | D67: C - Sedan | E67: OS - On-Street | F67: PP - Perpendicular | G67: L
B68: 19 | C68: 67RR001 | D68: C - Sedan | E68: FP - Footpath | F68: PA - Parallel | G68: L
B69: 19 | C69: 64HH044 | D69: C - Sedan | E69: FP - Footpath | F69: PA - Parallel | G69: L
B70: 19 | C70: 34SD834 | D70: C - Sedan | E70: OS - On-Street | F70: PP - Perpendicular | G70: L
B71: 19 | C71: 33NN444 | D71: C - Sedan | E71: FP - Footpath | F71: PA - Parallel | G71: L
B72: 19 | C72: 21JZ555 | D72: C - Sedan | E72: OS - On-Street | F72: PP - Perpendicular | G72: L
B73: 19 | C73: 99BS899 | D73: C - Sedan | E73: FP - Footpath | F73: PA - Parallel | G73: L
B74: 19 | C74: 72II222 | D74: C - Sedan | E74: OS - On-Street | F74: PP - Perpendicular | G74: L
B75: 19 | C75: 37EK493 | D75: C - Sedan | E75: FP - Footpath | F75: PA - Parallel | G75: L
B76: 19 | C76: 47GM274 | D76: C - Sedan | E76: OS - On-Street | F76: PP - Perpendicular | G76: L
... B89: 19 | C89: 70YN707 | D89: C - Sedan | E89: FP - Footpath | F89: PA - Parallel | G89: L
A90: 11 - 12 | B90: 19 | C90: 67RR001 | D90: C - Sedan | E90: OS - On-Street | F90: PA - Parallel | G90: L
B91: 19 | C91: 11PP006 | D91: C - Sedan | E91: OS - On-Street | F91: PA - Parallel | G91: L
B92: 19 | C92: 33NN444 | D92: C - Sedan | E92: OS - On-Street | F92: PA - Parallel | G92: L
B93: 19 | C93: 37KA527 | D93: C - Sedan | E93: OS - On-Street | F93: PA - Parallel | G93: L
B94: 19 | C94: 12US148 | D94: C - Sedan | E94: OS - On-Street | F94: PA - Parallel | G94: L
B95: 19 | C95: 01GF707 | D95: C - Sedan | E95: OS - On-Street | F95: PA - Parallel | G95: L
B96: 19 | C96: 19SO983 | D96: C - Sedan | E96: OS - On-Street | F96: PA - Parallel | G96: L
B97: 19 | C97: 77ER097 | D97: C - Sedan | E97: OS - On-Street | F97: PA - Parallel | G97: L
B98: 19 | C98: 07OQ057 | D98: C - Sedan | E98: OS - On-Street | F98: PA - Parallel | G98: L
B99: 19 | C99: 850DF61 | D99: C - Sedan | E99: OS - On-Street | F99: PA - Parallel | G99: L
B100: 19 | C100: 36GF587 | D100: C - Sedan | E100: OS - On-Street | F100: PA - Parallel | G100: L
B101: 19 | C101: 37JS444 | D101: C - Sedan | E101: OS - On-Street | F101: PA - Parallel | G101: L
B102: 19 | C102: 91XA777 | D102: C - Sedan | E102: OS - On-Street | F102: PA - Parallel | G102: L
... B120: 19 | C120: 21JZ555 | D120: C - Sedan | E120: OS - On-Street | F120: PA - Parallel | G120: L
A121: 12 - 13 | B121: 19 | C121: 264DC64 | D121: C - Sedan | E121: OS - On-Street | F121: PP - Perpendicular | G121: L
B122: 19 | C122: 44YE444 | D122: C - Sedan | E122: OS - On-Street | F122: A - 45 Degree | G122: L
B123: 19 | C123: 44YE444 | D123: C - Sedan | E123: OS - On-Street | F123: PP - Perpendicular | G123: L
B124: 19 | C124: 77IO771 | D124: C - Sedan | E124: OS - On-Street | F124: PP - Perpendicular | G124: L
B125: 19 | C125: 61RA001 | D125: C - Sedan | E125: OS - On-Street | F125: PP - Perpendicular | G125: L
B126: 19 | C126: 37VT297 | D126: C - Sedan | E126: OS - On-Street | F126: PP - Perpendicular | G126: L
B127: 19 | C127: 34SD834 | D127: C - Sedan | E127: OS - On-Street | F127: PP - Perpendicular | G127: L
B128: 19 | C128: 21JZ555 | D128: C - Sedan | E128: OS - On-Street | F128: PP - Perpendicular | G128: L
B129: 19 | C129: 72II222 | D129: C - Sedan | E129: OS - On-Street | F129: PP - Perpendicular | G129: L
B130: 19 | C130: 47GM274 | D130: C - Sedan | E130: OS - On-Street | F130: PP - Perpendicular | G130: L
B131: 19 | C131: 37FM474 | D131: C - Sedan | E131: OS - On-Street | F131: A - 45 Degree | G131: L
B132: 19 | C132: 35AM279 | D132: C - Sedan | E132: OS - On-Street | F132: PP - Perpendicular | G132: L
B133: 19 | C133: 34CN890 | D133: C - Sedan | E133: OS - On-Street | F133: PP - Perpendicular | G133: L
... B141: 19 | C141: 02EL001 | D141: C - Sedan | E141: OS - On-Street | F141: A - 45 Degree | G141: L
A142: 13 - 14 | B142: 19 | C142: 264DC64 | D142: C - Sedan | E142: OS - On-Street | F142: A - 45 Degree | G142: L
B143: 19 | C143: 44YE444 | D143: C - Sedan | E143: OS - On-Street | F143: A - 45 Degree | G143: L
B144: 19 | C144: 77IO771 | D144: C - Sedan | E144: OS - On-Street | F144: A - 45 Degree | G144: L
B145: 19 | C145: 61RA001 | D145: C - Sedan | E145: OS - On-Street | F145: A - 45 Degree | G145: L
B146: 19 | C146: 37VT297 | D146: C - Sedan | E146: OS - On-Street | F146: A - 45 Degree | G146: L
B147: 19 | C147: 34SD834 | D147: C - Sedan | E147: OS - On-Street | F147: A - 45 Degree | G147: L
B148: 19 | C148: 21JZ555 | D148: C - Sedan | E148: OS - On-Street | F148: A - 45 Degree | G148: L
B149: 19 | C149: 72II222 | D149: C - Sedan | E149: OS - On-Street | F149: A - 45 Degree | G149: L
B150: 19 | C150: 47GM274 | D150: C - Sedan | E150: OS - On-Street | F150: A - 45 Degree | G150: L
B151: 19 | C151: 37FM474 | D151: C - Sedan | E151: OS - On-Street | F151: A - 45 Degree | G151: L
B152: 19 | C152: 35AM279 | D152: C - Sedan | E152: OS - On-Street | F152: A - 45 Degree | G152: L
B153: 19 | C153: 34CN890 | D153: C - Sedan | E153: OS - On-Street | F153: A - 45 Degree | G153: L
B154: 19 | C154: 10TT777 | D154: C - Sedan | E154: OS - On-Street | F154: A - 45 Degree | G154: L
... B157: 19 | C157: 02EL001 | D157: C - Sedan | E157: OS - On-Street | F157: A - 45 Degree | G157: L
...

Sheet 20
A1: Parking Survey Sheet
A3: Date: | B3: 46176
A4: Route #: | B4: Malatia Sebastia
A5: Name/Surname: | B5: _____________
A7: Time | B7: Zone | C7: License Number | D7: Vehicle Type | E7: Location | F7: Parking Method | G7: Legal/Illegal
A8: 7=7:00 14=14:00 midnight=00:00 & etc. | B8: Zone XXX | C8: 11XX111 | D8: C - Sedan T - Truck M - Motorcycle | E8: OS - On-Street FP - Footpath SB - Setback | F8: PA - Parallel A - 45 Degree PP - Perpendicular | G8: L - Legal I - Illegal
A9: 7 - 8 | B9: 20 | C9: 25TM250 | D9: C - Sedan | E9: SB - Setback | F9: A - 45 Degree | G9: L
B10: 20 | C10: 07EL811 | D10: T - Truck | E10: SB - Setback | F10: PA - Parallel | G10: L
B11: 20 | C11: 02CC017 | D11: C - Sedan | E11: SB - Setback | F11: A - 45 Degree | G11: L
B12: 20 | C12: 01MM991 | D12: C - Sedan | E12: SB - Setback | F12: PA - Parallel | G12: L
B13: 20 | C13: 35TA020 | D13: C - Sedan | E13: SB - Setback | F13: PA - Parallel | G13: L
B14: 20 | C14: 77BO077 | D14: C - Sedan | E14: SB - Setback | F14: A - 45 Degree | G14: L
B15: 20 | C15: 19FF199 | D15: C - Sedan | E15: SB - Setback | F15: A - 45 Degree | G15: L
B16: 20 | C16: 34QQ992 | D16: T - Truck | E16: SB - Setback | F16: PA - Parallel | G16: L
B17: 20 | C17: 37SD020 | D17: C - Sedan | E17: SB - Setback | F17: PA - Parallel | G17: L
B18: 20 | C18: 05LG105 | D18: C - Sedan | E18: SB - Setback | F18: PA - Parallel | G18: L
B19: 20 | C19: 15DR777 | D19: C - Sedan | E19: SB - Setback | F19: PA - Parallel | G19: L
B20: 20 | C20: 37PM790 | D20: C - Sedan | E20: SB - Setback | F20: PA - Parallel | G20: L
B21: 20 | C21: 36RC129 | D21: C - Sedan | E21: SB - Setback | F21: PA - Parallel | G21: L
A22: 8 - 9 | B22: 20 | C22: 35 TO 445 | D22: C - Sedan | E22: SB - Setback | F22: A - 45 Degree | G22: L
B23: 20 | C23: 01 TO 077 | D23: C - Sedan | E23: SB - Setback | F23: A - 45 Degree | G23: L
B24: 20 | C24: 38 RH 996 | D24: C - Sedan | E24: SB - Setback | F24: A - 45 Degree | G24: L
B25: 20 | C25: 89 OO 089 | D25: C - Sedan | E25: SB - Setback | F25: A - 45 Degree | G25: L
B26: 20 | C26: 22 DD 220 | D26: C - Sedan | E26: SB - Setback | F26: A - 45 Degree | G26: L
A27: 9 - 10 | B27: 20 | C27: 35TO445 | D27: C - Sedan | E27: SB - Setback | F27: A - 45 Degree | G27: L
B28: 20 | C28: 01TO077 | D28: C - Sedan | E28: SB - Setback | F28: A - 45 Degree | G28: L
B29: 20 | C29: 38RH996 | D29: C - Sedan | E29: SB - Setback | F29: A - 45 Degree | G29: L
B30: 20 | C30: 89OO089 | D30: C - Sedan | E30: SB - Setback | F30: A - 45 Degree | G30: L
B31: 20 | C31: 22DD220 | D31: C - Sedan | E31: SB - Setback | F31: A - 45 Degree | G31: L
B32: 20 | C32: 36RC129 | D32: C - Sedan | E32: SB - Setback | F32: A - 45 Degree | G32: L
B33: 20 | C33: 19FF199 | D33: C - Sedan | E33: SB - Setback | F33: A - 45 Degree | G33: L
B34: 20 | C34: 35TA020 | D34: C - Sedan | E34: SB - Setback | F34: A - 45 Degree | G34: L
B35: 20 | C35: 01MM991 | D35: C - Sedan | E35: SB - Setback | F35: A - 45 Degree | G35: L
A36: 10 - 11 | B36: 20 | C36: 90MK077 | D36: C - Sedan | E36: SB - Setback | F36: A - 45 Degree | G36: L
B37: 20 | C37: 37JU345 | D37: C - Sedan | E37: SB - Setback | F37: A - 45 Degree | G37: L
B38: 20 | C38: 37QK631 | D38: C - Sedan | E38: SB - Setback | F38: A - 45 Degree | G38: L
B39: 20 | C39: PH720HP | D39: C - Sedan | E39: SB - Setback | F39: A - 45 Degree | G39: L
B40: 20 | C40: 37ZO717 | D40: C - Sedan | E40: SB - Setback | F40: A - 45 Degree | G40: L
B41: 20 | C41: 36TZ284 | D41: C - Sedan | E41: SB - Setback | F41: PP - Perpendicular | G41: L
B42: 20 | C42: 37QC724 | D42: C - Sedan | E42: SB - Setback | F42: PP - Perpendicular | G42: L
B43: 20 | C43: 77IJ277 | D43: C - Sedan | E43: SB - Setback | F43: PP - Perpendicular | G43: L
B44: 20 | C44: 99WM996 | D44: C - Sedan | E44: SB - Setback | F44: PP - Perpendicular | G44: L
B45: 20 | C45: 80OX818 | D45: C - Sedan | E45: SB - Setback | F45: PP - Perpendicular | G45: L
B46: 20 | C46: 07AL877 | D46: C - Sedan | E46: SB - Setback | F46: A - 45 Degree | G46: L
B47: 20 | C47: 53OO001 | D47: C - Sedan | E47: SB - Setback | F47: A - 45 Degree | G47: L
B48: 20 | C48: 15TM155 | D48: C - Sedan | E48: SB - Setback | F48: A - 45 Degree | G48: L
... B65: 20 | C65: 01MM991 | D65: C - Sedan | E65: SB - Setback | F65: A - 45 Degree | G65: L
A66: 11 - 12 | B66: 20 | C66: 90MK077 | D66: C - Sedan | E66: SB - Setback | F66: A - 45 Degree | G66: L
B67: 20 | C67: 37JU345 | D67: C - Sedan | E67: SB - Setback | F67: A - 45 Degree | G67: L
B68: 20 | C68: 37QK631 | D68: C - Sedan | E68: SB - Setback | F68: A - 45 Degree | G68: L
B69: 20 | C69: PH720HP | D69: C - Sedan | E69: SB - Setback | F69: A - 45 Degree | G69: L
B70: 20 | C70: 37ZO717 | D70: C - Sedan | E70: SB - Setback | F70: A - 45 Degree | G70: L
B71: 20 | C71: 36TZ284 | D71: C - Sedan | E71: SB - Setback | F71: A - 45 Degree | G71: L
B72: 20 | C72: 37QC724 | D72: C - Sedan | E72: SB - Setback | F72: A - 45 Degree | G72: L
B73: 20 | C73: 77IJ277 | D73: C - Sedan | E73: SB - Setback | F73: A - 45 Degree | G73: L
B74: 20 | C74: 99WM996 | D74: C - Sedan | E74: SB - Setback | F74: A - 45 Degree | G74: L
B75: 20 | C75: 80OX818 | D75: C - Sedan | E75: SB - Setback | F75: A - 45 Degree | G75: L
B76: 20 | C76: 07AL877 | D76: C - Sedan | E76: SB - Setback | F76: A - 45 Degree | G76: L
B77: 20 | C77: 53OO001 | D77: C - Sedan | E77: SB - Setback | F77: A - 45 Degree | G77: L
B78: 20 | C78: 15TM155 | D78: C - Sedan | E78: SB - Setback | F78: A - 45 Degree | G78: L
... B85: 20 | C85: 37EO878 | D85: C - Sedan | E85: SB - Setback | F85: A - 45 Degree | G85: L
A86: 12 - 13 | B86: 20 | C86: 36FC516 | D86: C - Sedan | E86: SB - Setback | F86: A - 45 Degree | G86: L
B87: 20 | C87: 36FG154 | D87: C - Sedan | E87: SB - Setback | F87: A - 45 Degree | G87: L
B88: 20 | C88: 81RS800 | D88: T - Truck | E88: SB - Setback | F88: A - 45 Degree | G88: L
B89: 20 | C89: 07EL011 | D89: T - Truck | E89: SB - Setback | F89: A - 45 Degree | G89: L
B90: 20 | C90: 01NI055 | D90: C - Sedan | E90: SB - Setback | F90: A - 45 Degree | G90: L
B91: 20 | C91: 02ZJ001 | D91: C - Sedan | E91: SB - Setback | F91: A - 45 Degree | G91: L
B92: 20 | C92: 76AV006 | D92: C - Sedan | E92: SB - Setback | F92: A - 45 Degree | G92: L
B93: 20 | C93: 81MC081 | D93: C - Sedan | E93: SB - Setback | F93: A - 45 Degree | G93: L
B94: 20 | C94: 11WD110 | D94: C - Sedan | E94: SB - Setback | F94: A - 45 Degree | G94: L
B95: 20 | C95: 37FQ813 | D95: C - Sedan | E95: SB - Setback | F95: A - 45 Degree | G95: L
B96: 20 | C96: 36UZ475 | D96: C - Sedan | E96: SB - Setback | F96: A - 45 Degree | G96: L
B97: 20 | C97: 36SN862 | D97: C - Sedan | E97: SB - Setback | F97: A - 45 Degree | G97: L
B98: 20 | C98: 43GG033 | D98: C - Sedan | E98: SB - Setback | F98: PA - Parallel | G98: L
... B106: 20 | C106: 37JQ624 | D106: C - Sedan | E106: SB - Setback | F106: PA - Parallel | G106: L
A107: 13 - 14 | B107: 20 | C107: 75NF005 | D107: C - Sedan | E107: SB - Setback | F107: A - 45 Degree | G107: L
B108: 20 | C108: 35LV090 | D108: C - Sedan | E108: SB - Setback | F108: A - 45 Degree | G108: L
B109: 20 | C109: 88ZS858 | D109: C - Sedan | E109: SB - Setback | F109: A - 45 Degree | G109: L
B110: 20 | C110: 11NN123 | D110: C - Sedan | E110: SB - Setback | F110: A - 45 Degree | G110: L
B111: 20 | C111: 35RD101 | D111: C - Sedan | E111: SB - Setback | F111: A - 45 Degree | G111: L
B112: 20 | C112: 36TZ284 | D112: C - Sedan | E112: SB - Setback | F112: PP - Perpendicular | G112: L
B113: 20 | C113: 37QC724 | D113: C - Sedan | E113: SB - Setback | F113: PP - Perpendicular | G113: L
B114: 20 | C114: 99WM996 | D114: C - Sedan | E114: SB - Setback | F114: PP - Perpendicular | G114: L
B115: 20 | C115: 80OX818 | D115: C - Sedan | E115: SB - Setback | F115: PP - Perpendicular | G115: L
B116: 20 | C116: 37PN559 | D116: C - Sedan | E116: SB - Setback | F116: PP - Perpendicular | G116: L
A117: 14 - 15 | B117: 20 | C117: 07AL877 | D117: C - Sedan | E117: SB - Setback | F117: A - 45 Degree | G117: L
B118: 20 | C118: 53OO001 | D118: C - Sedan | E118: SB - Setback | F118: A - 45 Degree | G118: L
B119: 20 | C119: 15TM155 | D119: C - Sedan | E119: SB - Setback | F119: A - 45 Degree | G119: L
B120: 20 | C120: 36RC129 | D120: C - Sedan | E120: SB - Setback | F120: A - 45 Degree | G120: L
B121: 20 | C121: 37PM799 | D121: C - Sedan | E121: SB - Setback | F121: A - 45 Degree | G121: L
B122: 20 | C122: 99MY899 | D122: C - Sedan | E122: SB - Setback | F122: A - 45 Degree | G122: L
B123: 20 | C123: 10HH005 | D123: C - Sedan | E123: SB - Setback | F123: A - 45 Degree | G123: L
B124: 20 | C124: 95AS005 | D124: C - Sedan | E124: SB - Setback | F124: A - 45 Degree | G124: L
B125: 20 | C125: 37KF572 | D125: C - Sedan | E125: SB - Setback | F125: A - 45 Degree | G125: L
B126: 20 | C126: 22DV227 | D126: C - Sedan | E126: SB - Setback | F126: A - 45 Degree | G126: L
B127: 20 | C127: 35TA020 | D127: C - Sedan | E127: SB - Setback | F127: A - 45 Degree | G127: L
B128: 20 | C128: 01MM991 | D128: C - Sedan | E128: SB - Setback | F128: A - 45 Degree | G128: L
B129: 20 | C129: 37TJ538 | D129: C - Sedan | E129: SB - Setback | F129: PA - Parallel | G129: L
... B142: 20 | C142: 63MA107 | D142: C - Sedan | E142: SB - Setback | F142: PA - Parallel | G142: L
A143: 15 - 16 | B143: 20 | C143: 75NF005 | D143: C - Sedan | E143: SB - Setback | F143: A - 45 Degree | G143: L
...

Sheet 21
A1: Parking Survey Sheet
A3: Date: | B3: 46176
A4: Route #: | B4: Malatia Sebastia
A5: Name/Surname: | B5: _____________
A7: Time | B7: Zone | C7: License Number | D7: Vehicle Type | E7: Location | F7: Parking Method | G7: Legal/Illegal
A8: 7=7:00 14=14:00 midnight=00:00 & etc. | B8: Zone XXX | C8: 11XX111 | D8: C - Sedan T - Truck M - Motorcycle | E8: OS - On-Street FP - Footpath SB - Setback | F8: PA - Parallel A - 45 Degree PP - Perpendicular | G8: L - Legal I - Illegal
A9: 7 - 8 | B9: 21 | C9: 15am005 | D9: T - Truck | E9: FP - Footpath | F9: PA - Parallel | G9: L
B10: 21 | C10: 91hg900 | D10: C - Sedan | E10: FP - Footpath | F10: PA - Parallel | G10: L
B11: 21 | C11: 94xa900 | D11: C - Sedan | E11: FP - Footpath | F11: A - 45 Degree | G11: L
B12: 21 | C12: 94ox900 | D12: T - Truck | E12: FP - Footpath | F12: A - 45 Degree | G12: L
B13: 21 | C13: 66ov060 | D13: C - Sedan | E13: FP - Footpath | F13: A - 45 Degree | G13: L
B14: 21 | C14: 96eo006 | D14: T - Truck | E14: FP - Footpath | F14: A - 45 Degree | G14: L
B15: 21 | C15: 96ed006 | D15: T - Truck | E15: FP - Footpath | F15: A - 45 Degree | G15: L
B16: 21 | C16: 61gc616 | D16: T - Truck | E16: FP - Footpath | F16: A - 45 Degree | G16: L
B17: 21 | C17: 96es006 | D17: C - Sedan | E17: FP - Footpath | F17: A - 45 Degree | G17: L
B18: 21 | C18: 96wm966 | D18: C - Sedan | E18: FP - Footpath | F18: A - 45 Degree | G18: L
B19: 21 | C19: 34lm388 | D19: C - Sedan | E19: FP - Footpath | F19: A - 45 Degree | G19: L
B20: 21 | C20: 77ga778 | D20: C - Sedan | E20: FP - Footpath | F20: A - 45 Degree | G20: L
B21: 21 | C21: 37lw716 | D21: C - Sedan | E21: FP - Footpath | F21: A - 45 Degree | G21: L
... B26: 21 | C26: 76SN776 | D26: C - Sedan | E26: FP - Footpath | F26: PA - Parallel | G26: L
A27: 8 - 9 | B27: 21 | C27: 66 OV 060 | D27: C - Sedan | E27: OS - On-Street | F27: A - 45 Degree | G27: L
B28: 21 | C28: 94 OX 900 | D28: T - Truck | E28: OS - On-Street | F28: PP - Perpendicular | G28: L
B29: 21 | C29: 37 DB 243 | D29: C - Sedan | E29: OS - On-Street | F29: A - 45 Degree | G29: L
B30: 21 | C30: 179 CS 61 | D30: C - Sedan | E30: OS - On-Street | F30: PP - Perpendicular | G30: L
B31: 21 | C31: 34 LV 439 | D31: T - Truck | E31: OS - On-Street | F31: PP - Perpendicular | G31: L
B32: 21 | C32: 44 DU 440 | D32: C - Sedan | E32: OS - On-Street | F32: A - 45 Degree | G32: L
B33: 21 | C33: 71 KK 007 | D33: C - Sedan | E33: OS - On-Street | F33: A - 45 Degree | G33: L
B34: 21 | C34: 37VL829 | D34: C - Sedan | E34: OS - On-Street | F34: PA - Parallel | G34: L
B35: 21 | C35: 99NB998 | D35: C - Sedan | E35: OS - On-Street | F35: PA - Parallel | G35: L
B36: 21 | C36: GL001SA | D36: C - Sedan | E36: OS - On-Street | F36: PA - Parallel | G36: L
B37: 21 | C37: 35GR103 | D37: C - Sedan | E37: OS - On-Street | F37: PA - Parallel | G37: L
B38: 21 | C38: 50QQ755 | D38: C - Sedan | E38: OS - On-Street | F38: PA - Parallel | G38: L
B39: 21 | C39: 37NA861 | D39: C - Sedan | E39: OS - On-Street | F39: PA - Parallel | G39: L
... B41: 21 | C41: 37MO034 | D41: C - Sedan | E41: OS - On-Street | F41: PA - Parallel | G41: L
A42: 9 - 10 | B42: 21 | C42: 37EK496 | D42: T - Truck | E42: OS - On-Street | F42: PP - Perpendicular | G42: L
B43: 21 | C43: 361C811 | D43: C - Sedan | E43: OS - On-Street | F43: PA - Parallel | G43: L
B44: 21 | C44: 37AT498 | D44: C - Sedan | E44: OS - On-Street | F44: PA - Parallel | G44: L
B45: 21 | C45: 37NO025 | D45: C - Sedan | E45: OS - On-Street | F45: PA - Parallel | G45: L
B46: 21 | C46: 08OO083 | D46: C - Sedan | E46: OS - On-Street | F46: A - 45 Degree | G46: L
B47: 21 | C47: 71RO007 | D47: C - Sedan | E47: OS - On-Street | F47: PA - Parallel | G47: L
B48: 21 | C48: 91GB909 | D48: T - Truck | E48: OS - On-Street | F48: A - 45 Degree | G48: L
B49: 21 | C49: 50TP077 | D49: T - Truck | E49: OS - On-Street | F49: A - 45 Degree | G49: L
B50: 21 | C50: 37MH690 | D50: C - Sedan | E50: OS - On-Street | F50: PA - Parallel | G50: L
B51: 21 | C51: 10XJ110 | D51: C - Sedan | E51: OS - On-Street | F51: A - 45 Degree | G51: L
B52: 21 | C52: 44GO045 | D52: T - Truck | E52: OS - On-Street | F52: PA - Parallel | G52: L
B53: 21 | C53: 37SE406 | D53: T - Truck | E53: OS - On-Street | F53: A - 45 Degree | G53: L
B54: 21 | C54: 71AD777 | D54: T - Truck | E54: FP - Footpath | F54: PA - Parallel | G54: L
... B88: 21 | C88: 88VP889 | D88: C - Sedan | E88: OS - On-Street | F88: PA - Parallel | G88: L
A89: 10 - 11 | B89: 21 | C89: 69PP900 | D89: C - Sedan | E89: OS - On-Street | F89: A - 45 Degree | G89: L
B90: 21 | C90: 20UL405 | D90: T - Truck | E90: OS - On-Street | F90: A - 45 Degree | G90: L
B91: 21 | C91: 34QA888 | D91: C - Sedan | E91: OS - On-Street | F91: A - 45 Degree | G91: L
B92: 21 | C92: 51KG051 | D92: C - Sedan | E92: OS - On-Street | F92: A - 45 Degree | G92: L
B93: 21 | C93: 01NK303 | D93: C - Sedan | E93: OS - On-Street | F93: A - 45 Degree | G93: L
B94: 21 | C94: 37LY333 | D94: C - Sedan | E94: OS - On-Street | F94: A - 45 Degree | G94: L
B95: 21 | C95: 7OG330 | D95: C - Sedan | E95: OS - On-Street | F95: A - 45 Degree | G95: L
B96: 21 | C96: 03FF103 | D96: C - Sedan | E96: OS - On-Street | F96: A - 45 Degree | G96: L
B97: 21 | C97: 37VC416 | D97: C - Sedan | E97: OS - On-Street | F97: A - 45 Degree | G97: L
B98: 21 | C98: 37GQ699 | D98: C - Sedan | E98: OS - On-Street | F98: A - 45 Degree | G98: L
B99: 21 | C99: 36UR759 | D99: C - Sedan | E99: OS - On-Street | F99: A - 45 Degree | G99: L
B100: 21 | C100: 53PS842 | D100: C - Sedan | E100: OS - On-Street | F100: A - 45 Degree | G100: L
B101: 21 | C101: 67OL986 | D101: C - Sedan | E101: OS - On-Street | F101: A - 45 Degree | G101: L
... B120: 21 | C120: 33II233 | D120: C - Sedan | E120: OS - On-Street | F120: A - 45 Degree | G120: L
A121: 11 - 12 | B121: 21 | C121: 01CF011 | D121: C - Sedan | E121: FP - Footpath | F121: PA - Parallel | G121: L
B122: 21 | C122: 96CG006 | D122: C - Sedan | E122: OS - On-Street | F122: PA - Parallel | G122: L
B123: 21 | C123: 96ES006 | D123: T - Truck | E123: OS - On-Street | F123: PA - Parallel | G123: L
B124: 21 | C124: 67SS123 | D124: C - Sedan | E124: OS - On-Street | F124: A - 45 Degree | G124: L
B125: 21 | C125: 01KR005 | D125: T - Truck | E125: OS - On-Street | F125: PA - Parallel | G125: L
B126: 21 | C126: 96WM966 | D126: C - Sedan | E126: OS - On-Street | F126: PA - Parallel | G126: L
B127: 21 | C127: 35GF238 | D127: C - Sedan | E127: OS - On-Street | F127: PA - Parallel | G127: L
B128: 21 | C128: 34LM388 | D128: C - Sedan | E128: OS - On-Street | F128: A - 45 Degree | G128: L
B129: 21 | C129: 34OM697 | D129: C - Sedan | E129: FP - Footpath | F129: PA - Parallel | G129: L
B130: 21 | C130: 37DE436 | D130: T - Truck | E130: OS - On-Street | F130: PA - Parallel | G130: L
B131: 21 | C131: 37PY310 | D131: C - Sedan | E131: OS - On-Street | F131: PA - Parallel | G131: L
B132: 21 | C132: 36AC540 | D132: C - Sedan | E132: OS - On-Street | F132: PA - Parallel | G132: L
B133: 21 | C133: 05CO015 | D133: C - Sedan | E133: FP - Footpath | F133: A - 45 Degree | G133: L
... B141: 21 | C141: 34VT673 | D141: T - Truck | E141: OS - On-Street | F141: PA - Parallel | G141: L
A142: 12 - 13 | B142: 21 | C142: 20LL422 | D142: T - Truck | E142: FP - Footpath | F142: PA - Parallel | G142: L
B143: 21 | C143: 10ML555 | D143: C - Sedan | E143: FP - Footpath | F143: A - 45 Degree | G143: L
B144: 21 | C144: 36DF095 | D144: C - Sedan | E144: FP - Footpath | F144: A - 45 Degree | G144: L
B145: 21 | C145: 88IU898 | D145: C - Sedan | E145: FP - Footpath | F145: PA - Parallel | G145: L
B146: 21 | C146: 96ES006 | D146: T - Truck | E146: FP - Footpath | F146: A - 45 Degree | G146: L
B147: 21 | C147: 96GG006 | D147: T - Truck | E147: FP - Footpath | F147: A - 45 Degree | G147: L
B148: 21 | C148: 01CF011 | D148: C - Sedan | E148: FP - Footpath | F148: A - 45 Degree | G148: L
B149: 21 | C149: 88PY889 | D149: T - Truck | E149: FP - Footpath | F149: A - 45 Degree | G149: L
B150: 21 | C150: 88YP889 | D150: C - Sedan | E150: FP - Footpath | F150: A - 45 Degree | G150: L
B151: 21 | C151: 36SM986 | D151: T - Truck | E151: FP - Footpath | F151: A - 45 Degree | G151: L
B152: 21 | C152: 96OO966 | D152: C - Sedan | E152: FP - Footpath | F152: A - 45 Degree | G152: L
B153: 21 | C153: 34RD981 | D153: C - Sedan | E153: FP - Footpath | F153: A - 45 Degree | G153: L
B154: 21 | C154: 96CD006 | D154: T - Truck | E154: FP - Footpath | F154: A - 45 Degree | G154: L
A155: 13 - 14 | B155: 21 | C155: 69PP900 | D155: C - Sedan | E155: OS - On-Street | F155: A - 45 Degree | G155: L
B156: 21 | C156: 34QA888 | D156: C - Sedan | E156: OS - On-Street | F156: A - 45 Degree | G156: L
B157: 21 | C157: 51KG051 | D157: C - Sedan | E157: OS - On-Street | F157: A - 45 Degree | G157: L
B158: 21 | C158: 01NK303 | D158: C - Sedan | E158: OS - On-Street | F158: A - 45 Degree | G158: L
B159: 21 | C159: 03FF103 | D159: C - Sedan | E159: OS - On-Street | F159: A - 45 Degree | G159: L
B160: 21 | C160: 77OL986 | D160: T - Truck | E160: OS - On-Street | F160: A - 45 Degree | G160: L
B161: 21 | C161: 71DI771 | D161: T - Truck | E161: OS - On-Street | F161: A - 45 Degree | G161: L
B162: 21 | C162: 06XZ060 | D162: C - Sedan | E162: OS - On-Street | F162: A - 45 Degree | G162: L
B163: 21 | C163: 20UL405 | D163: T - Truck | E163: OS - On-Street | F163: A - 45 Degree | G163: L
B164: 21 | C164: 69PP900 | D164: C - Sedan | E164: OS - On-Street | F164: A - 45 Degree | G164: L
B165: 21 | C165: 37LY333 | D165: C - Sedan | E165: OS - On-Street | F165: A - 45 Degree | G165: L
...

Sheet 22
A1: Parking Survey Sheet
A3: Date: | B3: 46176
A4: Route #: | B4: Malatia Sebastia
A5: Name/Surname: | B5: _____________
A7: Time | B7: Zone | C7: License Number | D7: Vehicle Type | E7: Location | F7: Parking Method | G7: Legal/Illegal
A8: 7=7:00 14=14:00 midnight=00:00 & etc. | B8: Zone XXX | C8: 11XX111 | D8: C - Sedan T - Truck M - Motorcycle | E8: OS - On-Street FP - Footpath SB - Setback | F8: PA - Parallel A - 45 Degree PP - Perpendicular | G8: L - Legal I - Illegal
A9: 7 - 8 | B9: 22 | C9: 35mr316 | D9: C - Sedan | E9: FP - Footpath | F9: PA - Parallel | G9: L
B10: 22 | C10: no number | D10: C - Sedan | E10: FP - Footpath | F10: PA - Parallel | G10: L
B11: 22 | C11: 35VC218 | D11: C - Sedan | E11: FP - Footpath | F11: PA - Parallel | G11: L
A12: 8 - 9 | B12: 22 | C12: 01 MC 070 | D12: C - Sedan | E12: OS - On-Street | F12: A - 45 Degree | G12: L
B13: 22 | C13: 37 DV 758 | D13: C - Sedan | E13: OS - On-Street | F13: A - 45 Degree | G13: L
B14: 22 | C14: 37 JX 157 | D14: C - Sedan | E14: OS - On-Street | F14: A - 45 Degree | G14: L
A15: 9 - 10 | B15: 22 | C15: 35VC218 | D15: C - Sedan | E15: OS - On-Street | F15: PA - Parallel | G15: L
B16: 22 | C16: 7242OQ | D16: C - Sedan | E16: OS - On-Street | F16: PA - Parallel | G16: L
B17: 22 | C17: 00000 | D17: C - Sedan | E17: OS - On-Street | F17: PA - Parallel | G17: L
B18: 22 | C18: 37VP729 | D18: C - Sedan | E18: OS - On-Street | F18: PA - Parallel | G18: L
A19: 10 - 11 | B19: 22 | C19: - | D19: - | E19: - | F19: - | G19: -
A20: 11 - 12 | B20: 22 | C20: 37JX170 | D20: C - Sedan | E20: OS - On-Street | F20: PA - Parallel | G20: L
A21: 12 - 13 | B21: 22 | C21: no number | D21: C - Sedan | E21: FP - Footpath | F21: PA - Parallel | G21: L
B22: 22 | C22: 37BI188 | D22: C - Sedan | E22: FP - Footpath | F22: PA - Parallel | G22: L
B23: 22 | C23: 37VP729 | D23: C - Sedan | E23: FP - Footpath | F23: PA - Parallel | G23: L
A24: 13 - 14 | B24: 22 | C24: 37NH439 | D24: C - Sedan | E24: OS - On-Street | F24: A - 45 Degree | G24: L
B25: 22 | C25: 37NJ867 | D25: C - Sedan | E25: OS - On-Street | F25: A - 45 Degree | G25: L
B26: 22 | C26: 10TZ010 | D26: C - Sedan | E26: OS - On-Street | F26: A - 45 Degree | G26: L
B27: 22 | C27: 75NF005 | D27: C - Sedan | E27: OS - On-Street | F27: A - 45 Degree | G27: L
B28: 22 | C28: 32WD322 | D28: C - Sedan | E28: OS - On-Street | F28: A - 45 Degree | G28: L
B29: 22 | C29: 37OX258 | D29: C - Sedan | E29: OS - On-Street | F29: A - 45 Degree | G29: L
B30: 22 | C30: 37UG027 | D30: C - Sedan | E30: OS - On-Street | F30: A - 45 Degree | G30: L
A31: 14 - 15 | B31: 22 | C31: 77WX717 | D31: C - Sedan | E31: OS - On-Street | F31: A - 45 Degree | G31: L
B32: 22 | C32: 34WW044 | D32: C - Sedan | E32: OS - On-Street | F32: A - 45 Degree | G32: L
B33: 22 | C33: 11SA311 | D33: C - Sedan | E33: OS - On-Street | F33: A - 45 Degree | G33: L
B34: 22 | C34: 37OB384 | D34: C - Sedan | E34: OS - On-Street | F34: A - 45 Degree | G34: L
B35: 22 | C35: 33HS303 | D35: C - Sedan | E35: OS - On-Street | F35: A - 45 Degree | G35: L
B36: 22 | C36: 17OQ007 | D36: C - Sedan | E36: OS - On-Street | F36: A - 45 Degree | G36: L
B37: 22 | C37: 10CQ015 | D37: C - Sedan | E37: OS - On-Street | F37: PP - Perpendicular | G37: L
A38: 15 - 16 | B38: 22 | C38: 37NJ867 | D38: C - Sedan | E38: OS - On-Street | F38: PP - Perpendicular | G38: L
B39: 22 | C39: 10TZ010 | D39: C - Sedan | E39: OS - On-Street | F39: PP - Perpendicular | G39: L
B40: 22 | C40: 10CQ015 | D40: C - Sedan | E40: OS - On-Street | F40: PP - Perpendicular | G40: L
B41: 22 | C41: 36PZ881 | D41: C - Sedan | E41: OS - On-Street | F41: PP - Perpendicular | G41: L
B42: 22 | C42: 12OL554 | D42: C - Sedan | E42: OS - On-Street | F42: PP - Perpendicular | G42: L
A43: 16 - 17 | B43: 22 | C43: 37VP729 | D43: C - Sedan | E43: FP - Footpath | F43: PA - Parallel | G43: L
B44: 22 | C44: 37NG360 | D44: C - Sedan | E44: FP - Footpath | F44: PA - Parallel | G44: L
B45: 22 | C45: 37BI188 | D45: C - Sedan | E45: FP - Footpath | F45: PA - Parallel | G45: L
B46: 22 | C46: 81ER818 | D46: C - Sedan | E46: FP - Footpath | F46: PA - Parallel | G46: L
A47: 17 - 18 | B47: 22 | C47: 35 UX 142 | D47: C - Sedan | E47: OS - On-Street | F47: PP - Perpendicular | G47: L
B48: 22 | C48: 36 MP 203 | D48: C - Sedan | E48: OS - On-Street | F48: PP - Perpendicular | G48: L
A49: 18 - 19 | B49: 22 | C49: 37BI189 | D49: C - Sedan | E49: OS - On-Street | F49: PA - Parallel | G49: L
B50: 22 | C50: 11YU011 | D50: C - Sedan | E50: OS - On-Street | F50: PA - Parallel | G50: L
A51: 20 - 21 | B51: 22 | C51: no number | D51: C - Sedan | E51: OS - On-Street | F51: PA - Parallel | G51: L
B52: 22 | C52: 37BI188 | D52: C - Sedan | E52: OS - On-Street | F52: PA - Parallel | G52: L
B53: 22 | C53: 11YU011 | D53: C - Sedan | E53: OS - On-Street | F53: PA - Parallel | G53: L
A54: 21 - 22 | B54: 22 | C54: no number | D54: C - Sedan | E54: OS - On-Street | F54: PA - Parallel | G54: L
B55: 22 | C55: 37BI188 | D55: C - Sedan | E55: OS - On-Street | F55: PA - Parallel | G55: L
B56: 22 | C56: 11YU011 | D56: C - Sedan | E56: OS - On-Street | F56: PA - Parallel | G56: L
A57: 22 - 23 | B57: 22 | C57: no number | D57: C - Sedan | E57: OS - On-Street | F57: PA - Parallel | G57: L
A58: 23 - 24 | B58: 22 | C58: no number | D58: C - Sedan | E58: OS - On-Street | F58: PA - Parallel | G58: L

Sheet 23
A1: Parking Survey Sheet
A3: Date: | B3: 46176
A4: Route #: | B4: Malatia Sebastia
A5: Name/Surname: | B5: _____________
A7: Time | B7: Zone | C7: License Number | D7: Vehicle Type | E7: Location | F7: Parking Method | G7: Legal/Illegal
A8: 7=7:00 14=14:00 midnight=00:00 & etc. | B8: Zone XXX | C8: 11XX111 | D8: C - Sedan T - Truck M - Motorcycle | E8: OS - On-Street FP - Footpath SB - Setback | F8: PA - Parallel A - 45 Degree PP - Perpendicular | G8: L - Legal I - Illegal
A9: 7 - 8 | B9: 23 | C9: 34AN188 | D9: C - Sedan | E9: FP - Footpath | F9: A - 45 Degree | G9: L
B10: 23 | C10: 01KX333 | D10: C - Sedan | E10: FP - Footpath | F10: A - 45 Degree | G10: L
B11: 23 | C11: 77ML477 | D11: C - Sedan | E11: FP - Footpath | F11: A - 45 Degree | G11: L
B12: 23 | C12: 71LT007 | D12: T - Truck | E12: FP - Footpath | F12: A - 45 Degree | G12: L
B13: 23 | C13: 77AA017 | D13: T - Truck | E13: FP - Footpath | F13: A - 45 Degree | G13: L
B14: 23 | C14: 01ZZ122 | D14: C - Sedan | E14: FP - Footpath | F14: A - 45 Degree | G14: L
B15: 23 | C15: 55OL255 | D15: C - Sedan | E15: FP - Footpath | F15: A - 45 Degree | G15: L
B16: 23 | C16: 34QM719 | D16: C - Sedan | E16: FP - Footpath | F16: A - 45 Degree | G16: L
B17: 23 | C17: 19LO362 | D17: T - Truck | E17: FP - Footpath | F17: A - 45 Degree | G17: L
B18: 23 | C18: 98YY998 | D18: C - Sedan | E18: FP - Footpath | F18: A - 45 Degree | G18: L
B19: 23 | C19: 56QQ055 | D19: C - Sedan | E19: FP - Footpath | F19: A - 45 Degree | G19: L
B20: 23 | C20: 34QN717 | D20: C - Sedan | E20: FP - Footpath | F20: A - 45 Degree | G20: L
B21: 23 | C21: 71OL007 | D21: C - Sedan | E21: FP - Footpath | F21: A - 45 Degree | G21: L
B22: 23 | C22: 35FS425 | D22: T - Truck | E22: FP - Footpath | F22: A - 45 Degree | G22: L
A23: 8 - 9 | B23: 23 | C23: 57CO577 | D23: T - Truck | E23: FP - Footpath | F23: A - 45 Degree | G23: L
B24: 23 | C24: 33PS542 | D24: T - Truck | E24: FP - Footpath | F24: A - 45 Degree | G24: L
B25: 23 | C25: 90GG005 | D25: C - Sedan | E25: FP - Footpath | F25: A - 45 Degree | G25: L
B26: 23 | C26: 34RT775 | D26: T - Truck | E26: FP - Footpath | F26: A - 45 Degree | G26: L
B27: 23 | C27: 99NQ991 | D27: C - Sedan | E27: FP - Footpath | F27: A - 45 Degree | G27: L
B28: 23 | C28: 37BS335 | D28: T - Truck | E28: FP - Footpath | F28: A - 45 Degree | G28: L
B29: 23 | C29: 37PO749 | D29: C - Sedan | E29: FP - Footpath | F29: A - 45 Degree | G29: L
B30: 23 | C30: 77HM777 | D30: C - Sedan | E30: FP - Footpath | F30: A - 45 Degree | G30: L
B31: 23 | C31: 35FP681 | D31: C - Sedan | E31: FP - Footpath | F31: A - 45 Degree | G31: L
B32: 23 | C32: 51 SV 100 | D32: C - Sedan | E32: OS - On-Street | F32: A - 45 Degree | G32: L
B33: 23 | C33: 37 QB 492 | D33: C - Sedan | E33: OS - On-Street | F33: A - 45 Degree | G33: L
B34: 23 | C34: 01 LQ 005 | D34: C - Sedan | E34: OS - On-Street | F34: A - 45 Degree | G34: L
B35: 23 | C35: 72 TT 707 | D35: C - Sedan | E35: OS - On-Street | F35: A - 45 Degree | G35: L
... B37: 23 | C37: 80 NN 878 | D37: C - Sedan | E37: OS - On-Street | F37: A - 45 Degree | G37: L
A38: 9 - 10 | B38: 23 | C38: 34AN188 | D38: C - Sedan | E38: OS - On-Street | F38: A - 45 Degree | G38: L
B39: 23 | C39: 28CO113 | D39: C - Sedan | E39: OS - On-Street | F39: PA - Parallel | G39: L
B40: 23 | C40: 37ZR146 | D40: C - Sedan | E40: OS - On-Street | F40: PA - Parallel | G40: L
B41: 23 | C41: 50LO888 | D41: C - Sedan | E41: OS - On-Street | F41: PA - Parallel | G41: L
B42: 23 | C42: 01FR022 | D42: C - Sedan | E42: OS - On-Street | F42: A - 45 Degree | G42: L
B43: 23 | C43: 75SQ005 | D43: T - Truck | E43: OS - On-Street | F43: A - 45 Degree | G43: L
B44: 23 | C44: 61CG006 | D44: C - Sedan | E44: OS - On-Street | F44: PA - Parallel | G44: L
B45: 23 | C45: 37TM238 | D45: C - Sedan | E45: OS - On-Street | F45: PA - Parallel | G45: L
B46: 23 | C46: 37BW231 | D46: C - Sedan | E46: OS - On-Street | F46: PA - Parallel | G46: L
B47: 23 | C47: 71LT007 | D47: C - Sedan | E47: OS - On-Street | F47: A - 45 Degree | G47: L
B48: 23 | C48: 10TZ010 | D48: C - Sedan | E48: OS - On-Street | F48: PA - Parallel | G48: L
B49: 23 | C49: 37VC728 | D49: C - Sedan | E49: OS - On-Street | F49: PA - Parallel | G49: L
B50: 23 | C50: 77AA017 | D50: T - Truck | E50: OS - On-Street | F50: A - 45 Degree | G50: L
... B60: 23 | C60: 03IG077 | D60: C - Sedan | E60: OS - On-Street | F60: PA - Parallel | G60: L
A61: 10 - 11 | B61: 23 | C61: 01KA077 | D61: C - Sedan | E61: OS - On-Street | F61: A - 45 Degree | G61: L
B62: 23 | C62: 41SI001 | D62: C - Sedan | E62: OS - On-Street | F62: A - 45 Degree | G62: L
B63: 23 | C63: 78SN707 | D63: C - Sedan | E63: OS - On-Street | F63: A - 45 Degree | G63: L
B64: 23 | C64: 37RK843 | D64: C - Sedan | E64: OS - On-Street | F64: A - 45 Degree | G64: L
B65: 23 | C65: 10CQ015 | D65: C - Sedan | E65: OS - On-Street | F65: A - 45 Degree | G65: L
B66: 23 | C66: 37DK626 | D66: C - Sedan | E66: OS - On-Street | F66: A - 45 Degree | G66: L
B67: 23 | C67: 36PZ861 | D67: C - Sedan | E67: OS - On-Street | F67: A - 45 Degree | G67: L
B68: 23 | C68: 55QO077 | D68: T - Truck | E68: OS - On-Street | F68: A - 45 Degree | G68: L
B69: 23 | C69: 37LZ345 | D69: C - Sedan | E69: OS - On-Street | F69: A - 45 Degree | G69: L
B70: 23 | C70: 35PZ922 | D70: C - Sedan | E70: OS - On-Street | F70: A - 45 Degree | G70: L
B71: 23 | C71: 37LH252 | D71: T - Truck | E71: OS - On-Street | F71: A - 45 Degree | G71: L
B72: 23 | C72: 88MB887 | D72: C - Sedan | E72: OS - On-Street | F72: A - 45 Degree | G72: L
B73: 23 | C73: 35ZL503 | D73: C - Sedan | E73: OS - On-Street | F73: A - 45 Degree | G73: L
... B90: 23 | C90: 33GN303 | D90: C - Sedan | E90: OS - On-Street | F90: A - 45 Degree | G90: L
A91: 12 - 13 | B91: 23 | C91: 37NJ867 | D91: C - Sedan | E91: FP - Footpath | F91: PA - Parallel | G91: L
B92: 23 | C92: 37PZ257 | D92: C - Sedan | E92: FP - Footpath | F92: A - 45 Degree | G92: L
B93: 23 | C93: 63SO511 | D93: C - Sedan | E93: FP - Footpath | F93: A - 45 Degree | G93: L
B94: 23 | C94: 01ZZ122 | D94: C - Sedan | E94: FP - Footpath | F94: A - 45 Degree | G94: L
B95: 23 | C95: 97GV007 | D95: C - Sedan | E95: FP - Footpath | F95: A - 45 Degree | G95: L
B96: 23 | C96: 37JH917 | D96: C - Sedan | E96: FP - Footpath | F96: A - 45 Degree | G96: L
B97: 23 | C97: 91PS091 | D97: T - Truck | E97: FP - Footpath | F97: A - 45 Degree | G97: L
B98: 23 | C98: 36RZ740 | D98: C - Sedan | E98: FP - Footpath | F98: A - 45 Degree | G98: L
B99: 23 | C99: 98YY998 | D99: C - Sedan | E99: FP - Footpath | F99: A - 45 Degree | G99: L
B100: 23 | C100: 10NS099 | D100: C - Sedan | E100: FP - Footpath | F100: A - 45 Degree | G100: L
B101: 23 | C101: 50SZ500 | D101: C - Sedan | E101: FP - Footpath | F101: A - 45 Degree | G101: L
B102: 23 | C102: 67OL986 | D102: C - Sedan | E102: FP - Footpath | F102: A - 45 Degree | G102: L
B103: 23 | C103: 37VS416 | D103: C - Sedan | E103: FP - Footpath | F103: A - 45 Degree | G103: L
... B110: 23 | C110: 37KS769 | D110: C - Sedan | E110: OS - On-Street | F110: PA - Parallel | G110: L
A111: 13 - 14 | B111: 23 | C111: 78SN707 | D111: C - Sedan | E111: OS - On-Street | F111: A - 45 Degree | G111: L
B112: 23 | C112: 37RK843 | D112: C - Sedan | E112: OS - On-Street | F112: A - 45 Degree | G112: L
B113: 23 | C113: 37DK626 | D113: C - Sedan | E113: OS - On-Street | F113: A - 45 Degree | G113: L
B114: 23 | C114: 55QO077 | D114: T - Truck | E114: OS - On-Street | F114: PP - Perpendicular | G114: L
B115: 23 | C115: 35PZ922 | D115: T - Truck | E115: OS - On-Street | F115: PP - Perpendicular | G115: L
B116: 23 | C116: 37LH252 | D116: T - Truck | E116: OS - On-Street | F116: A - 45 Degree | G116: L
B117: 23 | C117: 33GN303 | D117: C - Sedan | E117: OS - On-Street | F117: A - 45 Degree | G117: L
B118: 23 | C118: 34QS715 | D118: C - Sedan | E118: OS - On-Street | F118: A - 45 Degree | G118: L
B119: 23 | C119: 37NR278 | D119: C - Sedan | E119: OS - On-Street | F119: A - 45 Degree | G119: L
B120: 23 | C120: 62PP666 | D120: C - Sedan | E120: OS - On-Street | F120: A - 45 Degree | G120: L
B121: 23 | C121: 35UA518 | D121: C - Sedan | E121: OS - On-Street | F121: A - 45 Degree | G121: L
B122: 23 | C122: 37UG118 | D122: C - Sedan | E122: OS - On-Street | F122: PP - Perpendicular | G122: L
B123: 23 | C123: 35CR814 | D123: C - Sedan | E123: OS - On-Street | F123: A - 45 Degree | G123: L
... B126: 23 | C126: 97RP001 | D126: C - Sedan | E126: OS - On-Street | F126: A - 45 Degree | G126: L
A127: 14 - 15 | B127: 23 | C127: 90TY001 | D127: C - Sedan | E127: OS - On-Street | F127: PA - Parallel | G127: L
B128: 23 | C128: 37CW191 | D128: T - Truck | E128: OS - On-Street | F128: PA - Parallel | G128: L
B129: 23 | C129: 37NJ867 | D129: C - Sedan | E129: OS - On-Street | F129: PA - Parallel | G129: L
B130: 23 | C130: 36FS247 | D130: C - Sedan | E130: OS - On-Street | F130: PA - Parallel | G130: L
B131: 23 | C131: 32ED322 | D131: C - Sedan | E131: OS - On-Street | F131: PP - Perpendicular | G131: L
B132: 23 | C132: 91PS091 | D132: T - Truck | E132: OS - On-Street | F132: PP - Perpendicular | G132: L
B133: 23 | C133: 01JO999 | D133: C - Sedan | E133: OS - On-Street | F133: A - 45 Degree | G133: L
B134: 23 | C134: 36RU257 | D134: C - Sedan | E134: OS - On-Street | F134: A - 45 Degree | G134: L
B135: 23 | C135: 37QI161 | D135: C - Sedan | E135: OS - On-Street | F135: PA - Parallel | G135: L
B136: 23 | C136: 37QA403 | D136: C - Sedan | E136: OS - On-Street | F136: PA - Parallel | G136: L
...

Sheet 24
A1: Parking Survey Sheet
A3: Date: | B3: 46176
A4: Route #: | B4: Malatia Sebastia
A5: Name/Surname: | B5: _____________
A7: Time | B7: Zone | C7: License Number | D7: Vehicle Type | E7: Location | F7: Parking Method | G7: Legal/Illegal
A8: 7=7:00 14=14:00 midnight=00:00 & etc. | B8: Zone XXX | C8: 11XX111 | D8: C - Sedan T - Truck M - Motorcycle | E8: OS - On-Street FP - Footpath SB - Setback | F8: PA - Parallel A - 45 Degree PP - Perpendicular | G8: L - Legal I - Illegal
A9: 7 - 8 | B9: - | C9: - | D9: - | E9: - | F9: - | G9: -
A10: 8 - 9 | B10: - | C10: - | D10: - | E10: - | F10: - | G10: -
A11: 9 - 10 | B11: - | C11: - | D11: - | E11: - | F11: - | G11: -
A12: 11 - 12 | B12: - | C12: - | D12: - | E12: - | F12: - | G12: -
A13: 12 - 13 | B13: - | C13: - | D13: - | E13: - | F13: - | G13: -
A14: 13 - 14 | B14: - | C14: - | D14: - | E14: - | F14: - | G14: -
A15: 14 - 15 | B15: - | C15: - | D15: - | E15: - | F15: - | G15: -
A16: 15 - 16 | B16: - | C16: - | D16: - | E16: - | F16: - | G16: -
A17: 16 - 17 | B17: - | C17: - | D17: - | E17: - | F17: - | G17: -
A18: 17 - 18 | B18: - | C18: - | D18: - | E18: - | F18: - | G18: -
... A24: 23 - 24 | B24: - | C24: - | D24: - | E24: - | F24: - | G24: -

Sheet OFF
A1: Parking Survey Sheet
A3: Date: | B3: 46176
A4: Route #: | B4: Malatia Sebastia
A5: Name/Surname: | B5: _____________
A7: Time | B7: Zone | C7: License Number | D7: Vehicle Type | E7: Location | F7: Parking Method | G7: Legal/Illegal
A8: 7=7:00 14=14:00 midnight=00:00 & etc. | B8: Zone XXX | C8: 11XX111 | D8: C - Sedan T - Truck M - Motorcycle | E8: OS - On-Street FP - Footpath SB - Setback | F8: PA - Parallel A - 45 Degree PP - Perpendicular | G8: L - Legal I - Illegal
A9: 7 - 8 | B9: Off street | C9: 001IG01 | D9: C - Sedan | E9: OS - On-Street | F9: PA - Parallel | G9: L
B10: Off street | C10: 37JL595 | D10: C - Sedan | E10: OS - On-Street | F10: PA - Parallel | G10: L
B11: Off street | C11: 37SC452 | D11: C - Sedan | E11: OS - On-Street | F11: PA - Parallel | G11: L
B12: Off street | C12: 37DG689 | D12: C - Sedan | E12: OS - On-Street | F12: PA - Parallel | G12: L
B13: Off street | C13: 55ST525 | D13: C - Sedan | E13: OS - On-Street | F13: PA - Parallel | G13: L
B14: Off street | C14: 11NA110 | D14: C - Sedan | E14: OS - On-Street | F14: PA - Parallel | G14: L
B15: Off street | C15: 89YY898 | D15: C - Sedan | E15: OS - On-Street | F15: PA - Parallel | G15: L
B16: Off street | C16: 37SB092 | D16: C - Sedan | E16: OS - On-Street | F16: PA - Parallel | G16: L
B17: Off street | C17: 67EE067 | D17: C - Sedan | E17: OS - On-Street | F17: PA - Parallel | G17: L
B18: Off street | C18: 37SB092 | D18: C - Sedan | E18: OS - On-Street | F18: PA - Parallel | G18: L
B19: Off street | C19: 77ZE779 | D19: C - Sedan | E19: OS - On-Street | F19: PA - Parallel | G19: L
B20: Off street | C20: 99VB999 | D20: C - Sedan | E20: OS - On-Street | F20: PA - Parallel | G20: L
B21: Off street | C21: 33FT333 | D21: C - Sedan | E21: OS - On-Street | F21: PA - Parallel | G21: L
... B83: Off street | C83: 35MS013 | D83: C - Sedan | E83: OS - On-Street | F83: PA - Parallel | G83: L
A84: 8 - 9 | B84: Off street | C84: 01WM606 | D84: C - Sedan | E84: OS - On-Street | F84: PP - Perpendicular | G84: L
B85: Off street | C85: 82VP082 | D85: C - Sedan | E85: OS - On-Street | F85: PP - Perpendicular | G85: L
B86: Off street | C86: 99UI909 | D86: C - Sedan | E86: OS - On-Street | F86: PP - Perpendicular | G86: L
B87: Off street | C87: 29DR119 | D87: C - Sedan | E87: OS - On-Street | F87: PP - Perpendicular | G87: L
B88: Off street | C88: 11MR009 | D88: C - Sedan | E88: OS - On-Street | F88: PP - Perpendicular | G88: L
B89: Off street | C89: 89AM009 | D89: C - Sedan | E89: OS - On-Street | F89: PP - Perpendicular | G89: L
B90: Off street | C90: 67AM777 | D90: C - Sedan | E90: OS - On-Street | F90: PP - Perpendicular | G90: L
B91: Off street | C91: 077FL02 | D91: C - Sedan | E91: OS - On-Street | F91: PA - Parallel | G91: L
B92: Off street | C92: 35MS013 | D92: C - Sedan | E92: OS - On-Street | F92: PA - Parallel | G92: L
B93: Off street | C93: 37MQ766 | D93: C - Sedan | E93: OS - On-Street | F93: PP - Perpendicular | G93: L
B94: Off street | C94: 37UZ362 | D94: C - Sedan | E94: OS - On-Street | F94: PP - Perpendicular | G94: L
B95: Off street | C95: 78NX777 | D95: C - Sedan | E95: OS - On-Street | F95: PP - Perpendicular | G95: L
B96: Off street | C96: 01MH606 | D96: C - Sedan | E96: OS - On-Street | F96: PP - Perpendicular | G96: L
... B161: Off street | C161: 37Ry056 | D161: C - Sedan | E161: OS - On-Street | F161: PA - Parallel | G161: L
A162: 9 - 10 | B162: Off street | C162: 10TT010 | D162: C - Sedan | E162: OS - On-Street | F162: PA - Parallel | G162: L
B163: Off street | C163: 57AB832 | D163: C - Sedan | E163: OS - On-Street | F163: PP - Perpendicular | G163: L
B164: Off street | C164: 84XO145 | D164: C - Sedan | E164: OS - On-Street | F164: PP - Perpendicular | G164: L
B165: Off street | C165: 19KK919 | D165: C - Sedan | E165: OS - On-Street | F165: PP - Perpendicular | G165: L
B166: Off street | C166: 72HC684 | D166: C - Sedan | E166: OS - On-Street | F166: PP - Perpendicular | G166: L
B167: Off street | C167: 06OO606 | D167: C - Sedan | E167: OS - On-Street | F167: PP - Perpendicular | G167: L
B168: Off street | C168: 48TM351 | D168: C - Sedan | E168: OS - On-Street | F168: PP - Perpendicular | G168: L
B169: Off street | C169: 95AA777 | D169: C - Sedan | E169: OS - On-Street | F169: PP - Perpendicular | G169: L
B170: Off street | C170: 25BK509 | D170: C - Sedan | E170: OS - On-Street | F170: PP - Perpendicular | G170: L
B171: Off street | C171: 68VP962 | D171: C - Sedan | E171: OS - On-Street | F171: PP - Perpendicular | G171: L
B172: Off street | C172: 04MM404 | D172: C - Sedan | E172: OS - On-Street | F172: PP - Perpendicular | G172: L
B173: Off street | C173: 83HC718 | D173: C - Sedan | E173: OS - On-Street | F173: PP - Perpendicular | G173: L
B174: Off street | C174: 16OO161 | D174: C - Sedan | E174: OS - On-Street | F174: PP - Perpendicular | G174: L
... B220: Off street | C220: 37PS503 | D220: T - Truck | E220: OS - On-Street | F220: PA - Parallel | G220: L
A221: 10 - 11 | B221: Off street | C221: 81FM881 | D221: C - Sedan | E221: OS - On-Street | F221: PA - Parallel | G221: L
B222: Off street | C222: 71YV707 | D222: C - Sedan | E222: OS - On-Street | F222: PA - Parallel | G222: L
B223: Off street | C223: 80th808 | D223: C - Sedan | E223: OS - On-Street | F223: PA - Parallel | G223: L
B224: Off street | C224: 67EE067 | D224: C - Sedan | E224: OS - On-Street | F224: PA - Parallel | G224: L
B225: Off street | C225: 19VO009 | D225: C - Sedan | E225: OS - On-Street | F225: PA - Parallel | G225: L
B226: Off street | C226: 88DR880 | D226: C - Sedan | E226: OS - On-Street | F226: PA - Parallel | G226: L
B227: Off street | C227: 37DX172 | D227: T - Truck | E227: OS - On-Street | F227: PA - Parallel | G227: L
B228: Off street | C228: 20LM999 | D228: C - Sedan | E228: OS - On-Street | F228: PA - Parallel | G228: L
B229: Off street | C229: 77ZE779 | D229: C - Sedan | E229: OS - On-Street | F229: A - 45 Degree | G229: L
B230: Off street | C230: 37JR924 | D230: C - Sedan | E230: OS - On-Street | F230: A - 45 Degree | G230: L
B231: Off street | C231: 33FT333 | D231: C - Sedan | E231: OS - On-Street | F231: PA - Parallel | G231: L
B232: Off street | C232: 05MA595 | D232: C - Sedan | E232: OS - On-Street | F232: PA - Parallel | G232: L
B233: Off street | C233: 48QQ800 | D233: C - Sedan | E233: OS - On-Street | F233: PA - Parallel | G233: L
A234: 11 - 12 | B234: Off street | C234: 37JR537 | D234: C - Sedan | E234: OS - On-Street | F234: A - 45 Degree | G234: L
B235: Off street | C235: 37DV758 | D235: C - Sedan | E235: OS - On-Street | F235: A - 45 Degree | G235: L
B236: Off street | C236: 36TP788 | D236: C - Sedan | E236: OS - On-Street | F236: A - 45 Degree | G236: L
B237: Off street | C237: 37BC820 | D237: C - Sedan | E237: OS - On-Street | F237: A - 45 Degree | G237: L
B238: Off street | C238: 37FQ625 | D238: C - Sedan | E238: OS - On-Street | F238: A - 45 Degree | G238: L
B239: Off street | C239: 36V0914 | D239: C - Sedan | E239: OS - On-Street | F239: A - 45 Degree | G239: L
B240: Off street | C240: 12DA333 | D240: C - Sedan | E240: OS - On-Street | F240: A - 45 Degree | G240: L
B241: Off street | C241: 89OO008 | D241: C - Sedan | E241: OS - On-Street | F241: A - 45 Degree | G241: L
B242: Off street | C242: 36AZ540 | D242: C - Sedan | E242: OS - On-Street | F242: A - 45 Degree | G242: L
B243: Off street | C243: 37GJ509 | D243: C - Sedan | E243: OS - On-Street | F243: A - 45 Degree | G243: L
B244: Off street | C244: 340M697 | D244: C - Sedan | E244: OS - On-Street | F244: A - 45 Degree | G244: L
B245: Off street | C245: 35GF238 | D245: C - Sedan | E245: OS - On-Street | F245: A - 45 Degree | G245: L
B246: Off street | C246: 26SO240 | D246: C - Sedan | E246: OS - On-Street | F246: A - 45 Degree | G246: L
... B276: Off street | C276: 90LG090 | D276: C - Sedan | E276: OS - On-Street | F276: A - 45 Degree | G276: L
A277: 12 - 13 | B277: Off street | C277: 028CT61 | D277: T - Truck | E277: OS - On-Street | F277: PP - Perpendicular | G277: L
B278: Off street | C278: 37ZD567 | D278: C - Sedan | E278: OS - On-Street | F278: PA - Parallel | G278: L
B279: Off street | C279: е647ов97 | D279: C - Sedan | E279: OS - On-Street | F279: PP - Perpendicular | G279: L
B280: Off street | C280: 67OO672 | D280: T - Truck | E280: OS - On-Street | F280: PP - Perpendicular | G280: L
B281: Off street | C281: 50DQ006 | D281: T - Truck | E281: OS - On-Street | F281: PP - Perpendicular | G281: L
B282: Off street | C282: 818CQ61 | D282: C - Sedan | E282: OS - On-Street | F282: PP - Perpendicular | G282: L
B283: Off street | C283: no number | D283: T - Truck | E283: OS - On-Street | F283: PP - Perpendicular | G283: L
B284: Off street | C284: no number | D284: T - Truck | E284: OS - On-Street | F284: PP - Perpendicular | G284: L
B285: Off street | C285: 37CD422 | D285: C - Sedan | E285: OS - On-Street | F285: PP - Perpendicular | G285: L
A286: 13 - 14 | B286: Off street | C286: 56ZD567 | D286: C - Sedan | E286: OS - On-Street | F286: PP - Perpendicular | G286: L
B287: Off street | C287: 10CQ015 | D287: C - Sedan | E287: OS - On-Street | F287: PP - Perpendicular | G287: L
B288: Off street | C288: 36PZ881 | D288: C - Sedan | E288: OS - On-Street | F288: PP - Perpendicular | G288: L
B289: Off street | C289: 37NE275 | D289: C - Sedan | E289: OS - On-Street | F289: PP - Perpendicular | G289: L
B290: Off street | C290: 12OL554 | D290: C - Sedan | E290: OS - On-Street | F290: PP - Perpendicular | G290: L
B291: Off street | C291: 27UG347 | D291: C - Sedan | E291: OS - On-Street | F291: PP - Perpendicular | G291: L
A292: 14 - 15 | B292: Off street | C292: 01WQ077 | D292: C - Sedan | E292: OS - On-Street | F292: PP - Perpendicular | G292: L
B293: Off street | C293: no number | D293: T - Truck | E293: OS - On-Street | F293: PP - Perpendicular | G293: L
B294: Off street | C294: no number | D294: T - Truck | E294: OS - On-Street | F294: PP - Perpendicular | G294: L
B295: Off street | C295: no number | D295: T - Truck | E295: OS - On-Street | F295: PP - Perpendicular | G295: L
B296: Off street | C296: 98RM988 | D296: T - Truck | E296: OS - On-Street | F296: PP - Perpendicular | G296: L
B297: Off street | C297: 028CT61 | D297: T - Truck | E297: OS - On-Street | F297: PP - Perpendicular | G297: L
B298: Off street | C298: Е647ОВ | D298: C - Sedan | E298: OS - On-Street | F298: PP - Perpendicular | G298: L
B299: Off street | C299: 37ZD567 | D299: C - Sedan | E299: OS - On-Street | F299: PP - Perpendicular | G299: L
B300: Off street | C300: 67OO672 | D300: T - Truck | E300: OS - On-Street | F300: PP - Perpendicular | G300: L
B301: Off street | C301: 50DQ006 | D301: T - Truck | E301: OS - On-Street | F301: PP - Perpendicular | G301: L
...

Sheet United Data
A1: Time | B1: Zone | C1: License Number | D1: Vehicle Type | E1: Location | F1: Parking Method | G1: Legal/Illegal
A2: 7=7:00 14=14:00 midnight=00:00 & etc. | B2: Zone XXX | C2: 11XX111 | D2: C - Sedan T - Truck M - Motorcycle | E2: OS - On-Street FP - Footpath SB - Setback | F2: PA - Parallel A - 45 Degree PP - Perpendicular | G2: L - Legal I - Illegal
A3: 7 | B3: 2 | C3: 33 PP 640 | D3: C - Sedan | E3: OS - On-Street | F3: A - 45 Degree | G3: L
A4: 7 | B4: 2 | C4: 71 KK 007 | D4: C - Sedan | E4: OS - On-Street | F4: A - 45 Degree | G4: L
A5: 7 | B5: 2 | C5: 37HR434 | D5: C - Sedan | E5: OS - On-Street | F5: PA - Parallel | G5: L
A6: 8 | B6: 2 | C6: 34CT380 | D6: C - Sedan | E6: FP - Footpath | F6: PA - Parallel | G6: L
A7: 8 | B7: 2 | C7: 70PO070 | D7: C - Sedan | E7: FP - Footpath | F7: A - 45 Degree | G7: L
A8: 8 | B8: 2 | C8: 22DD220 | D8: C - Sedan | E8: FP - Footpath | F8: A - 45 Degree | G8: L
A9: 8 | B9: 2 | C9: 37JK738 | D9: C - Sedan | E9: FP - Footpath | F9: A - 45 Degree | G9: L
A10: 8 | B10: 2 | C10: 91SM009 | D10: C - Sedan | E10: OS - On-Street | F10: A - 45 Degree | G10: L
A11: 8 | B11: 2 | C11: 36VU470 | D11: C - Sedan | E11: FP - Footpath | F11: A - 45 Degree | G11: L
A12: 8 | B12: 2 | C12: 626CZ61 | D12: C - Sedan | E12: FP - Footpath | F12: PA - Parallel | G12: L
A13: 8 | B13: 2 | C13: 37EG610 | D13: C - Sedan | E13: FP - Footpath | F13: PA - Parallel | G13: L
A14: 8 | B14: 2 | C14: 139CR61 | D14: C - Sedan | E14: FP - Footpath | F14: PA - Parallel | G14: L
... A729: 23 | B729: 8 | C729: 03VV066 | D729: C - Sedan | E729: FP - Footpath | F729: PA - Parallel | G729: L
A730: 7 | B730: 9 | C730: 37 VA 50 | D730: C - Sedan | E730: OS - On-Street | F730: A - 45 Degree
A731: 7 | B731: 9 | C731: 37 JX 156 | D731: C - Sedan | E731: OS - On-Street | F731: A - 45 Degree
A732: 9 | B732: 9 | C732: 36UD348 | D732: C - Sedan | E732: OS - On-Street | F732: PA - Parallel
A733: 10 | B733: 9 | C733: 73BM773 | D733: C - Sedan | E733: OS - On-Street | F733: PA - Parallel
A734: 10 | B734: 9 | C734: 55HH553 | D734: C - Sedan | E734: FP - Footpath | F734: PA - Parallel
A735: 11 | B735: 9 | C735: 30GC088 | D735: C - Sedan | E735: OS - On-Street | F735: PA - Parallel
A736: 11 | B736: 9 | C736: 76BM766 | D736: C - Sedan | E736: FP - Footpath | F736: A - 45 Degree
A737: 11 | B737: 9 | C737: 16DO161 | D737: C - Sedan | E737: OS - On-Street | F737: PA - Parallel
A738: 12 | B738: 9 | C738: 27KA077 | D738: C - Sedan | E738: OS - On-Street | F738: A - 45 Degree
A739: 12 | B739: 9 | C739: 828CZ61 | D739: C - Sedan | E739: OS - On-Street | F739: PP - Perpendicular
A740: 12 | B740: 9 | C740: 37CZ636 | D740: C - Sedan | E740: OS - On-Street | F740: PP - Perpendicular
A741: 13 | B741: 9 | C741: 20KB120 | D741: C - Sedan | E741: OS - On-Street | F741: PP - Perpendicular
... A755: 21 | B755: 9 | C755: 89ZV889 | D755: C - Sedan | E755: OS - On-Street | F755: PA - Parallel
A756: 7 | B756: 10 | C756: 37 PP 439 | D756: C - Sedan | E756: OS - On-Street | F756: A - 45 Degree | G756: L
A757: 7 | B757: 10 | C757: 34 LM 387 | D757: C - Sedan | E757: OS - On-Street | F757: A - 45 Degree | G757: L
A758: 9 | B758: 10 | C758: no number 1 | D758: C - Sedan | E758: OS - On-Street | F758: PA - Parallel | G758: L
A759: 9 | B759: 10 | C759: no number 2 | D759: C - Sedan | E759: OS - On-Street | F759: PA - Parallel | G759: L
A760: 10 | B760: 10 | C760: no number 3 | D760: C - Sedan | E760: OS - On-Street | F760: PA - Parallel | G760: L
A761: 10 | B761: 10 | C761: no number 4 | D761: C - Sedan | E761: OS - On-Street | F761: PA - Parallel | G761: L
A762: 11 | B762: 10 | C762: no number 5 | D762: C - Sedan | E762: FP - Footpath | F762: PA - Parallel | G762: L
A763: 11 | B763: 10 | C763: no number 6 | D763: C - Sedan | E763: FP - Footpath | F763: PA - Parallel | G763: L
A764: 12 | B764: 10 | C764: 10YY200 | D764: C - Sedan | E764: OS - On-Street | F764: PP - Perpendicular | G764: L
A765: 12 | B765: 10 | C765: 35NP236 | D765: C - Sedan | E765: FP - Footpath | F765: PP - Perpendicular | G765: L
A766: 12 | B766: 10 | C766: 37LV829 | D766: C - Sedan | E766: OS - On-Street | F766: PP - Perpendicular | G766: L
A767: 13 | B767: 10 | C767: 99NB998 | D767: C - Sedan | E767: OS - On-Street | F767: PP - Perpendicular | G767: L
... A1966: 18 | B1966: 17 | C1966: 37MW986 | D1966: C - Sedan | E1966: OS - On-Street | F1966: PA - Parallel | G1966: L
A1967: 18 | B1967: 17 | C1967: 36MN015 | D1967: C - Sedan | E1967: OS - On-Street | F1967: PP - Perpendicular
A1968: 18 | B1968: 17 | C1968: 10VX077 | D1968: C - Sedan | E1968: OS - On-Street | F1968: PA - Parallel | G1968: L
A1969: 18 | B1969: 17 | C1969: 3 0SL768 | D1969: C - Sedan | E1969: OS - On-Street | F1969: PA - Parallel | G1969: L
A1970: 18 | B1970: 17 | C1970: 01VP117 | D1970: C - Sedan | E1970: OS - On-Street | F1970: PP - Perpendicular | G1970: L
A1971: 18 | B1971: 17 | C1971: 34RZ268 | D1971: C - Sedan | E1971: OS - On-Street | F1971: PP - Perpendicular | G1971: L
A1972: 19 | B1972: 17 | C1972: 37KZ020 | D1972: C - Sedan | E1972: OS - On-Street | F1972: PP - Perpendicular | G1972: L
A1973: 19 | B1973: 17 | C1973: 36NL630 | D1973: T - Truck | E1973: OS - On-Street | F1973: PA - Parallel | G1973: L
A1974: 19 | B1974: 17 | C1974: 44GG055 | D1974: C - Sedan | E1974: OS - On-Street | F1974: A - 45 Degree | G1974: L
A1975: 19 | B1975: 17 | C1975: 770EF77 | D1975: C - Sedan | E1975: OS - On-Street | F1975: A - 45 Degree | G1975: L
A1976: 19 | B1976: 17 | C1976: 37QP057 | D1976: C - Sedan | E1976: OS - On-Street | F1976: PA - Parallel | G1976: L
A1977: 19 | B1977: 17 | C1977: 75WW777 | D1977: C - Sedan | E1977: OS - On-Street | F1977: PA - Parallel | G1977: L
A1978: 19 | B1978: 17 | C1978: 70ZW001 | D1978: C - Sedan | E1978: OS - On-Street | F1978: A - 45 Degree | G1978: L
A1979: 19 | B1979: 17 | C1979: 03OL008 | D1979: C - Sedan | E1979: OS - On-Street | F1979: A - 45 Degree | G1979: L
... A2389: 22 | B2389: 18 | C2389: 50OH550 | D2389: C - Sedan | E2389: OS - On-Street | F2389: PA - Parallel | G2389: L
A2390: 22 | B2390: 18 | C2390: 0 | D2390: C - Sedan | E2390: OS - On-Street | F2390: A - 45 Degree | G2390: L
A2391: 22 | B2391: 18 | C2391: 91ED911 | D2391: C - Sedan | E2391: OS - On-Street | F2391: PA - Parallel | G2391: L
A2392: 22 | B2392: 18 | C2392: 55DQ500 | D2392: C - Sedan | E2392: OS - On-Street | F2392: PP - Perpendicular | G2392: L
A2393: 23 | B2393: 18 | C2393: 09KM909 | D2393: C - Sedan | E2393: OS - On-Street | F2393: PA - Parallel | G2393: L
A2394: 23 | B2394: 18 | C2394: X440BO123 | D2394: C - Sedan | E2394: OS - On-Street | F2394: PA - Parallel | G2394: L
A2395: 23 | B2395: 18 | C2395: 609AC | D2395: M - Motorcycle | E2395: OS - On-Street | F2395: PP - Perpendicular | G2395: L
A2396: 23 | B2396: 18 | C2396: 899AA | D2396: C - Sedan | E2396: OS - On-Street | F2396: PP - Perpendicular | G2396: L
A2397: 23 | B2397: 18 | C2397: 36TT982 | D2397: C - Sedan | E2397: OS - On-Street | F2397: PP - Perpendicular | G2397: L
A2398: 23 | B2398: 18 | C2398: 77ZS747 | D2398: C - Sedan | E2398: OS - On-Street | F2398: PA - Parallel | G2398: L
A2399: 23 | B2399: 18 | C2399: 37LW306 | D2399: C - Sedan | E2399: OS - On-Street | F2399: PA - Parallel | G2399: L
A2400: 23 | B2400: 18 | C2400: 09FF909 | D2400: C - Sedan | E2400: OS - On-Street | F2400: PA - Parallel | G2400: L
A2401: 23 | B2401: 18 | C2401: 01XP002 | D2401: C - Sedan | E2401: OS - On-Street | F2401: PA - Parallel | G2401: L
A2402: 23 | B2402: 18 | C2402: 11QO001 | D2402: C - Sedan | E2402: OS - On-Street | F2402: PA - Parallel | G2402: L
... A2411: 23 | B2411: 18 | C2411: 50OH550 | D2411: C - Sedan | E2411: OS - On-Street | F2411: PA - Parallel | G2411: L
A2412: 23 | B2412: 18 | C2412: 0 | D2412: C - Sedan | E2412: OS - On-Street | F2412: PP - Perpendicular | G2412: L
A2413: 23 | B2413: 18 | C2413: 91ED911 | D2413: C - Sedan | E2413: OS - On-Street | F2413: PA - Parallel | G2413: L
A2414: 23 | B2414: 18 | C2414: 37JC273 | D2414: C - Sedan | E2414: OS - On-Street | F2414: PA - Parallel | G2414: L
A2415: 7 | B2415: 19 | C2415: 36NA341 | D2415: C - Sedan | E2415: SB - Setback | F2415: PA - Parallel | G2415: L
A2416: 7 | B2416: 19 | C2416: 96OK900 | D2416: C - Sedan | E2416: SB - Setback | F2416: PA - Parallel | G2416: L
A2417: 7 | B2417: 19 | C2417: 37CJ714 | D2417: C - Sedan | E2417: SB - Setback | F2417: PP - Perpendicular | G2417: L
A2418: 7 | B2418: 19 | C2418: 27NN907 | D2418: T - Truck | E2418: SB - Setback | F2418: PP - Perpendicular | G2418: L
A2419: 7 | B2419: 19 | C2419: 90AG101 | D2419: C - Sedan | E2419: SB - Setback | F2419: PA - Parallel | G2419: L
A2420: 7 | B2420: 19 | C2420: 34UA809 | D2420: C - Sedan | E2420: SB - Setback | F2420: PA - Parallel | G2420: L
A2421: 7 | B2421: 19 | C2421: 02NZ707 | D2421: C - Sedan | E2421: SB - Setback | F2421: PA - Parallel | G2421: L
A2422: 7 | B2422: 19 | C2422: 36PW489 | D2422: C - Sedan | E2422: SB - Setback | F2422: PA - Parallel | G2422: L
A2423: 7 | B2423: 19 | C2423: 36XV057 | D2423: C - Sedan | E2423: SB - Setback | F2423: PP - Perpendicular | G2423: L
A2424: 7 | B2424: 19 | C2424: 40KG040 | D2424: C - Sedan | E2424: SB - Setback | F2424: PP - Perpendicular | G2424: L
... A2990: 19 | B2990: 20 | C2990: 37VG379 | D2990: C - Sedan | E2990: SB - Setback | F2990: PA - Parallel | G2990: L
A2991: 19 | B2991: 20 | C2991: 0 | D2991: C - Sedan | E2991: SB - Setback | F2991: PA - Parallel | G2991: L
A2992: 19 | B2992: 20 | C2992: 37OV589 | D2992: C - Sedan | E2992: SB - Setback | F2992: A - 45 Degree | G2992: L
A2993: 19 | B2993: 20 | C2993: 37TS148 | D2993: T - Truck | E2993: SB - Setback | F2993: PA - Parallel | G2993: L
A2994: 19 | B2994: 20 | C2994: 81RS800 | D2994: T - Truck | E2994: SB - Setback | F2994: PA - Parallel | G2994: L
A2995: 19 | B2995: 20 | C2995: 85KA885 | D2995: C - Sedan | E2995: SB - Setback | F2995: A - 45 Degree | G2995: L
A2996: 20 | B2996: 20 | C2996: 828CS61 | D2996: C - Sedan | E2996: SB - Setback | F2996: PA - Parallel | G2996: L
A2997: 20 | B2997: 20 | C2997: 36CT609 | D2997: C - Sedan | E2997: SB - Setback | F2997: PA - Parallel | G2997: L
A2998: 20 | B2998: 20 | C2998: 37HM631 | D2998: C - Sedan | E2998: SB - Setback | F2998: PA - Parallel | G2998: L
A2999: 20 | B2999: 20 | C2999: 81RS800 | D2999: T - Truck | E2999: SB - Setback | F2999: PA - Parallel | G2999: L
A3000: 20 | B3000: 20 | C3000: 07EL011 | D3000: T - Truck | E3000: SB - Setback | F3000: PA - Parallel | G3000: L
A3001: 20 | B3001: 20 | C3001: 37DW370 | D3001: C - Sedan | E3001: SB - Setback | F3001: PA - Parallel | G3001: L
A3002: 20 | B3002: 20 | C3002: 37DC825 | D3002: C - Sedan | E3002: SB - Setback | F3002: PA - Parallel | G3002: L
A3003: 20 | B3003: 20 | C3003: 11WD110 | D3003: C - Sedan | E3003: SB - Setback | F3003: PA - Parallel | G3003: L
... A3405: 20 | B3405: 21 | C3405: 37MZ898 | D3405: T - Truck | E3405: OS - On-Street | F3405: A - 45 Degree | G3405: L
A3406: 20 | B3406: 21 | C3406: 0 | D3406: C - Sedan | E3406: OS - On-Street | F3406: A - 45 Degree | G3406: L
A3407: 20 | B3407: 21 | C3407: 36SM986 | D3407: T - Truck | E3407: OS - On-Street | F3407: A - 45 Degree | G3407: L
A3408: 20 | B3408: 21 | C3408: 88PY889 | D3408: T - Truck | E3408: OS - On-Street | F3408: A - 45 Degree | G3408: L
...

Sheet ANALYSIS
A1: PARKING SURVEY ANALYSIS — MALATIA SEBASTIA | F1: Zone | G1: Formal capacity
A2: Methodology replicated from the Komitas (v5) ANALYSIS sheet. Zones assigned by source sheet (off-street labels normalized). | F2: 2 | G2: 14
A3: Every number below is a live formula referencing CALC Combined / CALC On-Street / CALC Off-Street (COUNTIFS against United Data). | F3: 3 | G3: 29
A4: Enter each zone's formal capacity in the yellow cells (table at right). Capacity & turnover update automatically. | F4: 4 | G4: 23
F5: 5 | G5: 9
A6: COMBINED — ALL ZONES | F6: 6 | G6: 8
A7: Unique vehicles | C7: =COUNTA('CALC Combined'!$A$2:$A$2486) -> 2485 | F7: 7 | G7: 9
A8: PARKING DURATION | F8: 8 | G8: 16
A9: Average parking duration | C9: =AVERAGE('CALC Combined'!$S$2:$S$2486) -> 1.6917505 | D9: hours | F9: 9 | G9: 8
A10: Median parking duration | C10: =MEDIAN('CALC Combined'!$S$2:$S$2486) -> 1 | D10: hours | F10: 10 | G10: 16
A11: PARKING SPACE TURNOVER | F11: 11 | G11: 8
A12: # parking events | C12: =SUM('CALC Combined'!$T$2:$T$2486) -> 3357 | F12: 12 | G12: 25
A13: Formal capacity | C13: =SUM(G2:G24) -> 973 | D13: (sum of zone capacities →) | F13: 13 | G13: 10
A14: Turnover per parking space (incl. illegal parking) | C14: =IF($C$13=0,"",C12/C13) -> 3.4501542 | D14: events per space | F14: 14 | G14: 69
