Workbook

Sheet 59
A1: Parking Survey Sheet
A3: Date: | B3: 46175
A4: Route #: | B4: Mega Mall
A5: Name/Surname: | B5: _____________
A7: Time | B7: Zone | C7: License Number | D7: Vehicle Type | E7: Location | F7: Parking Method | G7: Legal/Illegal
A8: 7=7:00 14=14:00 midnight=00:00 & etc. | B8: Zone XXX | C8: 11XX111 | D8: C - Sedan T - Truck M - Motorcycle | E8: OS - On-Street FP - Footpath SB - Setback | F8: PA - Parallel A - 45 Degree PP - Perpendicular | G8: L - Legal I - Illegal
A9: 7 - 8 | B9: - | C9: - | D9: - | E9: - | F9: - | G9: -
A10: 8 - 9 | B10: - | C10: - | D10: - | E10: - | F10: - | G10: -
A11: 9 - 10 | B11: - | C11: - | D11: - | E11: - | F11: - | G11: -
A12: 10 - 11 | B12: - | C12: - | D12: - | E12: - | F12: - | G12: -
A13: 11 - 12 | B13: - | C13: - | D13: - | E13: - | F13: - | G13: -
A14: 12 - 13 | B14: - | C14: - | D14: - | E14: - | F14: - | G14: -
A15: 13 - 14 | B15: - | C15: - | D15: - | E15: - | F15: - | G15: -
A16: 14 - 15 | B16: - | C16: - | D16: - | E16: - | F16: - | G16: -
A17: 15 - 16 | B17: - | C17: - | D17: - | E17: - | F17: - | G17: -
A18: 16 - 17 | B18: - | C18: - | D18: - | E18: - | F18: - | G18: -
... A25: 23 - 24 | B25: - | C25: - | D25: - | E25: - | F25: - | G25: -

Sheet 60
A1: Parking Survey Sheet
A3: Date: | B3: 46175
A4: Route #: | B4: Mega Mall
A5: Name/Surname: | B5: _____________
A7: Time | B7: Zone | C7: License Number | D7: Vehicle Type | E7: Location | F7: Parking Method | G7: Legal/Illegal
A8: 7=7:00 14=14:00 midnight=00:00 & etc. | B8: Zone XXX | C8: 11XX111 | D8: C - Sedan T - Truck M - Motorcycle | E8: OS - On-Street FP - Footpath SB - Setback | F8: PA - Parallel A - 45 Degree PP - Perpendicular | G8: L - Legal I - Illegal
A9: 7 - 8 | B9: 60 | C9: 07IL007 | D9: C - Sedan | E9: SB - Setback | F9: PP - Perpendicular | G9: L
B10: 60 | C10: 99PD990 | D10: C - Sedan | E10: SB - Setback | F10: PP - Perpendicular | G10: L
B11: 60 | C11: 28LS242 | D11: C - Sedan | E11: SB - Setback | F11: PP - Perpendicular | G11: L
A12: 8 - 9 | B12: - | C12: - | D12: - | E12: - | F12: - | G12: -
A13: 9 - 10 | B13: 60 | C13: 50WV551 | D13: C - Sedan | E13: OS - On-Street | F13: PA - Parallel | G13: L
A14: 11 - 12 | B14: 60 | C14: 37HJ375 | D14: C - Sedan | E14: OS - On-Street | F14: PA - Parallel | G14: L
B15: 60 | C15: 37NF169 | D15: C - Sedan | E15: OS - On-Street | F15: PA - Parallel | G15: L
B16: 60 | C16: 73DG737 | D16: C - Sedan | E16: OS - On-Street | F16: A - 45 Degree | G16: L
B17: 60 | C17: 37NF169 | D17: C - Sedan | E17: OS - On-Street | F17: PA - Parallel | G17: L
B18: 60 | C18: 37HJ375 | D18: C - Sedan | E18: OS - On-Street | F18: PA - Parallel | G18: L
A19: 12 - 13 | B19: 60 | C19: 37RI946 | D19: C - Sedan | E19: OS - On-Street | F19: PA - Parallel | G19: L
B20: 60 | C20: 37JC072 | D20: C - Sedan | E20: OS - On-Street | F20: PA - Parallel | G20: L
A21: 13 - 14 | B21: 60 | C21: 37HJ375 | D21: C - Sedan | E21: OS - On-Street | F21: PA - Parallel | G21: L
A22: 14 - 15 | B22: 60 | C22: 37HJ375 | D22: C - Sedan | E22: OS - On-Street | F22: PA - Parallel | G22: L
A23: 15 - 16 | B23: 60 | C23: 37HJ375 | D23: C - Sedan | E23: OS - On-Street | F23: PA - Parallel | G23: L
B24: 60 | C24: 14VU114 | D24: C - Sedan | E24: OS - On-Street | F24: PA - Parallel | G24: L
A25: 16 - 17 | B25: 60 | C25: 37HJ375 | D25: C - Sedan | E25: OS - On-Street | F25: A - 45 Degree | G25: L
B26: 60 | C26: 99NM929 | D26: C - Sedan | E26: OS - On-Street | F26: A - 45 Degree | G26: L
A27: 17 - 18 | B27: 60 | C27: 37NJ375 | D27: C - Sedan | E27: OS - On-Street | F27: PA - Parallel | G27: L
B28: 60 | C28: 80TC080 | D28: C - Sedan | E28: OS - On-Street | F28: PA - Parallel | G28: L
A29: 18 - 19 | B29: 60 | C29: 37HJ375 | D29: C - Sedan | E29: OS - On-Street | F29: PA - Parallel | G29: L
A30: 19 - 20 | B30: 60 | C30: 37HJ375 | D30: C - Sedan | E30: OS - On-Street | F30: PA - Parallel | G30: L
A31: 20 - 21 | B31: 60 | C31: 37HJ375 | D31: C - Sedan | E31: OS - On-Street | F31: PA - Parallel | G31: L
A32: 21 - 22 | B32: 60 | C32: 37NJ375 | D32: C - Sedan | E32: OS - On-Street | F32: PA - Parallel | G32: L
A33: 22 - 23 | B33: 60 | C33: 03XX066 | D33: C - Sedan | E33: OS - On-Street | F33: PA - Parallel | G33: L
B34: 60 | C34: 23XB001 | D34: C - Sedan | E34: OS - On-Street | F34: PA - Parallel | G34: L

Sheet 61
A1: Parking Survey Sheet
A3: Date: | B3: 46175
A4: Route #: | B4: Mega Mall
A5: Name/Surname: | B5: _____________
A7: Time | B7: Zone | C7: License Number | D7: Vehicle Type | E7: Location | F7: Parking Method | G7: Legal/Illegal
A8: 7=7:00 14=14:00 midnight=00:00 & etc. | B8: Zone XXX | C8: 11XX111 | D8: C - Sedan T - Truck M - Motorcycle | E8: OS - On-Street FP - Footpath SB - Setback | F8: PA - Parallel A - 45 Degree PP - Perpendicular | G8: L - Legal I - Illegal
A9: 7 - 8 | B9: 61 | C9: 37FL524 | D9: C - Sedan | E9: OS - On-Street | F9: PP - Perpendicular | G9: L
A10: 8 - 9 | B10: 61 | C10: 07IL007 | D10: C - Sedan | E10: OS - On-Street | F10: PP - Perpendicular | G10: L
B11: 61 | C11: 37IA928 | D11: C - Sedan | E11: OS - On-Street | F11: PP - Perpendicular | G11: L
B12: 61 | C12: 99PD990 | D12: C - Sedan | E12: OS - On-Street | F12: PP - Perpendicular | G12: L
B13: 61 | C13: 28LS242 | D13: C - Sedan | E13: OS - On-Street | F13: PP - Perpendicular | G13: L
A14: 9 - 10 | B14: 61 | C14: 07IL007 | D14: C - Sedan | E14: SB - Setback | F14: PP - Perpendicular | G14: L
B15: 61 | C15: Е300РН | D15: C - Sedan | E15: SB - Setback | F15: PP - Perpendicular | G15: L
B16: 61 | C16: 37ZS894 | D16: C - Sedan | E16: SB - Setback | F16: PP - Perpendicular | G16: L
B17: 61 | C17: 34VF410 | D17: C - Sedan | E17: SB - Setback | F17: PP - Perpendicular | G17: L
B18: 61 | C18: 37IA928 | D18: C - Sedan | E18: SB - Setback | F18: PP - Perpendicular | G18: L
B19: 61 | C19: 71TV707 | D19: C - Sedan | E19: SB - Setback | F19: PP - Perpendicular | G19: L
B20: 61 | C20: 01VO010 | D20: C - Sedan | E20: SB - Setback | F20: PP - Perpendicular | G20: L
B21: 61 | C21: 99PD990 | D21: C - Sedan | E21: SB - Setback | F21: PP - Perpendicular | G21: L
B22: 61 | C22: 37SW353 | D22: C - Sedan | E22: SB - Setback | F22: PP - Perpendicular | G22: L
B23: 61 | C23: 35TL410 | D23: C - Sedan | E23: SB - Setback | F23: PP - Perpendicular | G23: L
B24: 61 | C24: 28LS242 | D24: C - Sedan | E24: SB - Setback | F24: PP - Perpendicular | G24: L
B25: 61 | C25: 33SS101 | D25: C - Sedan | E25: SB - Setback | F25: PP - Perpendicular | G25: L
A26: 10 - 11 | B26: 61 | C26: 37HJ375 | D26: C - Sedan | E26: OS - On-Street | F26: PA - Parallel | G26: L
B27: 61 | C27: 37HJ312 | D27: C - Sedan | E27: OS - On-Street | F27: PA - Parallel | G27: L
B28: 61 | C28: 35RN692 | D28: C - Sedan | E28: OS - On-Street | F28: A - 45 Degree | G28: L
B29: 61 | C29: 07IL007 | D29: C - Sedan | E29: OS - On-Street | F29: A - 45 Degree | G29: L
B30: 61 | C30: 88GI588 | D30: C - Sedan | E30: OS - On-Street | F30: A - 45 Degree | G30: L
B31: 61 | C31: 37KW325 | D31: C - Sedan | E31: OS - On-Street | F31: A - 45 Degree | G31: L
B32: 61 | C32: 37ZS894 | D32: C - Sedan | E32: OS - On-Street | F32: PA - Parallel | G32: L
B33: 61 | C33: 34VF410 | D33: C - Sedan | E33: OS - On-Street | F33: A - 45 Degree | G33: L
B34: 61 | C34: 51AF222 | D34: C - Sedan | E34: OS - On-Street | F34: A - 45 Degree | G34: L
B35: 61 | C35: 37IA928 | D35: C - Sedan | E35: OS - On-Street | F35: A - 45 Degree | G35: L
B36: 61 | C36: 01VO010 | D36: C - Sedan | E36: OS - On-Street | F36: A - 45 Degree | G36: L
B37: 61 | C37: 36WV366 | D37: C - Sedan | E37: OS - On-Street | F37: A - 45 Degree | G37: L
B38: 61 | C38: 35RO931 | D38: C - Sedan | E38: OS - On-Street | F38: A - 45 Degree | G38: L
... B52: 61 | C52: 97TZ007 | D52: C - Sedan | E52: OS - On-Street | F52: A - 45 Degree | G52: L
A53: 11 - 12 | B53: 61 | C53: 67XX592 | D53: C - Sedan | E53: OS - On-Street | F53: PP - Perpendicular | G53: L
B54: 61 | C54: 77IR177 | D54: C - Sedan | E54: OS - On-Street | F54: PP - Perpendicular | G54: L
B55: 61 | C55: 13SS936 | D55: C - Sedan | E55: OS - On-Street | F55: PP - Perpendicular | G55: L
B56: 61 | C56: 37TS404 | D56: C - Sedan | E56: OS - On-Street | F56: PP - Perpendicular | G56: L
B57: 61 | C57: 36NX656 | D57: T - Truck | E57: OS - On-Street | F57: PP - Perpendicular | G57: L
B58: 61 | C58: 10TV505 | D58: C - Sedan | E58: OS - On-Street | F58: PP - Perpendicular | G58: L
B59: 61 | C59: 44YY554 | D59: C - Sedan | E59: OS - On-Street | F59: PP - Perpendicular | G59: L
B60: 61 | C60: T306AH250 | D60: C - Sedan | E60: OS - On-Street | F60: PP - Perpendicular | G60: L
B61: 61 | C61: 70AT770 | D61: C - Sedan | E61: OS - On-Street | F61: PP - Perpendicular | G61: L
B62: 61 | C62: 71TV707 | D62: C - Sedan | E62: OS - On-Street | F62: PP - Perpendicular | G62: L
B63: 61 | C63: 37CW635 | D63: C - Sedan | E63: OS - On-Street | F63: PP - Perpendicular | G63: L
B64: 61 | C64: 01FM010 | D64: C - Sedan | E64: OS - On-Street | F64: PP - Perpendicular | G64: L
B65: 61 | C65: 99CI991 | D65: C - Sedan | E65: OS - On-Street | F65: PP - Perpendicular | G65: L
... B71: 61 | C71: 51AF222 | D71: C - Sedan | E71: OS - On-Street | F71: A - 45 Degree | G71: L
A72: 12 - 13 | B72: 61 | C72: 74QO444 | D72: C - Sedan | E72: OS - On-Street | F72: A - 45 Degree | G72: L
B73: 61 | C73: 33SS101 | D73: C - Sedan | E73: OS - On-Street | F73: A - 45 Degree | G73: L
B74: 61 | C74: 37IA928 | D74: C - Sedan | E74: OS - On-Street | F74: A - 45 Degree | G74: L
B75: 61 | C75: 36FX038 | D75: C - Sedan | E75: OS - On-Street | F75: PA - Parallel | G75: L
B76: 61 | C76: 37EM796 | D76: C - Sedan | E76: OS - On-Street | F76: A - 45 Degree | G76: L
B77: 61 | C77: 34VF410 | D77: C - Sedan | E77: OS - On-Street | F77: A - 45 Degree | G77: L
B78: 61 | C78: 35RM692 | D78: C - Sedan | E78: OS - On-Street | F78: A - 45 Degree | G78: L
B79: 61 | C79: 37ZS894 | D79: C - Sedan | E79: OS - On-Street | F79: A - 45 Degree | G79: L
B80: 61 | C80: 07IL007 | D80: C - Sedan | E80: OS - On-Street | F80: A - 45 Degree | G80: L
B81: 61 | C81: E300PN126 | D81: C - Sedan | E81: OS - On-Street | F81: A - 45 Degree | G81: L
B82: 61 | C82: 37ZS894 | D82: C - Sedan | E82: OS - On-Street | F82: A - 45 Degree | G82: L
B83: 61 | C83: 88GI588 | D83: C - Sedan | E83: OS - On-Street | F83: A - 45 Degree | G83: L
B84: 61 | C84: 35KW325 | D84: C - Sedan | E84: OS - On-Street | F84: A - 45 Degree | G84: L
... B115: 61 | C115: 37HB097 | D115: C - Sedan | E115: OS - On-Street | F115: A - 45 Degree | G115: L
A116: 13 - 14 | B116: 61 | C116: 36FX038 | D116: C - Sedan | E116: OS - On-Street | F116: PA - Parallel | G116: L
B117: 61 | C117: 35RM692 | D117: C - Sedan | E117: OS - On-Street | F117: PP - Perpendicular | G117: L
B118: 61 | C118: 07IL007 | D118: C - Sedan | E118: OS - On-Street | F118: PP - Perpendicular | G118: L
B119: 61 | C119: E300PH126 | D119: C - Sedan | E119: OS - On-Street | F119: PP - Perpendicular | G119: L
B120: 61 | C120: 88GI588 | D120: C - Sedan | E120: OS - On-Street | F120: PP - Perpendicular | G120: L
B121: 61 | C121: 40PP404 | D121: C - Sedan | E121: OS - On-Street | F121: PP - Perpendicular | G121: L
B122: 61 | C122: 03QQ006 | D122: C - Sedan | E122: OS - On-Street | F122: PP - Perpendicular | G122: L
B123: 61 | C123: 34VF410 | D123: C - Sedan | E123: OS - On-Street | F123: PP - Perpendicular | G123: L
B124: 61 | C124: 37IA928 | D124: C - Sedan | E124: OS - On-Street | F124: PP - Perpendicular | G124: L
B125: 61 | C125: 51AF222 | D125: C - Sedan | E125: OS - On-Street | F125: PP - Perpendicular | G125: L
B126: 61 | C126: 88XX878 | D126: C - Sedan | E126: OS - On-Street | F126: A - 45 Degree | G126: L
B127: 61 | C127: 01VO010 | D127: C - Sedan | E127: OS - On-Street | F127: A - 45 Degree | G127: L
B128: 61 | C128: 06OU006 | D128: C - Sedan | E128: OS - On-Street | F128: A - 45 Degree | G128: L
... B146: 61 | C146: 37TS404 | D146: C - Sedan | E146: OS - On-Street | F146: PP - Perpendicular | G146: L
A147: 14 - 15 | B147: 61 | C147: 35RM692 | D147: C - Sedan | E147: OS - On-Street | F147: A - 45 Degree | G147: L
B148: 61 | C148: 07IL007 | D148: C - Sedan | E148: OS - On-Street | F148: A - 45 Degree | G148: L
B149: 61 | C149: E300PN126 | D149: C - Sedan | E149: OS - On-Street | F149: A - 45 Degree | G149: L
B150: 61 | C150: 88GI588 | D150: C - Sedan | E150: OS - On-Street | F150: A - 45 Degree | G150: L
B151: 61 | C151: 07AE101 | D151: C - Sedan | E151: OS - On-Street | F151: PA - Parallel | G151: L
B152: 61 | C152: 40PP404 | D152: C - Sedan | E152: OS - On-Street | F152: A - 45 Degree | G152: L
B153: 61 | C153: 37SZ894 | D153: C - Sedan | E153: OS - On-Street | F153: A - 45 Degree | G153: L
B154: 61 | C154: 36VF410 | D154: C - Sedan | E154: OS - On-Street | F154: A - 45 Degree | G154: L
B155: 61 | C155: 34OF795 | D155: C - Sedan | E155: OS - On-Street | F155: A - 45 Degree | G155: L
B156: 61 | C156: 66ER699 | D156: C - Sedan | E156: OS - On-Street | F156: A - 45 Degree | G156: L
B157: 61 | C157: 37IA928 | D157: C - Sedan | E157: OS - On-Street | F157: A - 45 Degree | G157: L
B158: 61 | C158: 88XX878 | D158: C - Sedan | E158: OS - On-Street | F158: A - 45 Degree | G158: L
B159: 61 | C159: 01VO010 | D159: C - Sedan | E159: OS - On-Street | F159: A - 45 Degree | G159: L
... B175: 61 | C175: 37TS404 | D175: C - Sedan | E175: OS - On-Street | F175: A - 45 Degree | G175: L
A176: 15 - 16 | B176: 61 | C176: 600DD90 | D176: C - Sedan | E176: OS - On-Street | F176: A - 45 Degree | G176: L
B177: 61 | C177: 07IL007 | D177: C - Sedan | E177: OS - On-Street | F177: PP - Perpendicular | G177: L
B178: 61 | C178: E300PH126 | D178: C - Sedan | E178: OS - On-Street | F178: PP - Perpendicular | G178: L
B179: 61 | C179: 88GI588 | D179: C - Sedan | E179: OS - On-Street | F179: PP - Perpendicular | G179: L
B180: 61 | C180: 40PP404 | D180: C - Sedan | E180: OS - On-Street | F180: PP - Perpendicular | G180: L
B181: 61 | C181: 37ZS894 | D181: C - Sedan | E181: OS - On-Street | F181: PP - Perpendicular | G181: L
B182: 61 | C182: 34VF410 | D182: C - Sedan | E182: OS - On-Street | F182: PP - Perpendicular | G182: L
...

Sheet 62
A1: Parking Survey Sheet
A3: Date: | B3: 46175
A4: Route #: | B4: Mega Mall
A5: Name/Surname: | B5: _____________
A7: Time | B7: Zone | C7: License Number | D7: Vehicle Type | E7: Location | F7: Parking Method | G7: Legal/Illegal
A8: 7=7:00 14=14:00 midnight=00:00 & etc. | B8: Zone XXX | C8: 11XX111 | D8: C - Sedan T - Truck M - Motorcycle | E8: OS - On-Street FP - Footpath SB - Setback | F8: PA - Parallel A - 45 Degree PP - Perpendicular | G8: L - Legal I - Illegal
A9: 7 - 8 | B9: 62 | C9: 37RI088 | D9: C - Sedan | E9: SB - Setback | F9: A - 45 Degree | G9: L
B10: 62 | C10: 36GG044 | D10: C - Sedan | E10: SB - Setback | F10: PP - Perpendicular | G10: L
B11: 62 | C11: 37DQ271 | D11: C - Sedan | E11: SB - Setback | F11: PP - Perpendicular | G11: L
B12: 62 | C12: 37QZ472 | D12: C - Sedan | E12: SB - Setback | F12: PP - Perpendicular | G12: L
A13: 8 - 9 | B13: 62 | C13: 37FL524 | D13: C - Sedan | E13: OS - On-Street | F13: PP - Perpendicular | G13: L
B14: 62 | C14: 37RI088 | D14: C - Sedan | E14: OS - On-Street | F14: A - 45 Degree | G14: L
A15: 9 - 10 | B15: 62 | C15: 37FL524 | D15: C - Sedan | E15: SB - Setback | F15: PP - Perpendicular | G15: L
B16: 62 | C16: 22XX332 | D16: C - Sedan | E16: SB - Setback | F16: A - 45 Degree | G16: L
B17: 62 | C17: 68DA688 | D17: C - Sedan | E17: SB - Setback | F17: A - 45 Degree | G17: L
B18: 62 | C18: 001RR20 | D18: C - Sedan | E18: SB - Setback | F18: A - 45 Degree | G18: L
B19: 62 | C19: 36OQ 971 | D19: C - Sedan | E19: SB - Setback | F19: A - 45 Degree | G19: L
A20: 10 - 11 | B20: 62 | C20: 35XS161 | D20: C - Sedan | E20: OS - On-Street | F20: A - 45 Degree | G20: L
B21: 62 | C21: 21YY200 | D21: C - Sedan | E21: OS - On-Street | F21: A - 45 Degree | G21: L
B22: 62 | C22: 77IT711 | D22: C - Sedan | E22: OS - On-Street | F22: A - 45 Degree | G22: L
B23: 62 | C23: 001RR20 | D23: C - Sedan | E23: OS - On-Street | F23: A - 45 Degree | G23: L
B24: 62 | C24: 10SO999 | D24: C - Sedan | E24: OS - On-Street | F24: A - 45 Degree | G24: L
B25: 62 | C25: 04OO464 | D25: C - Sedan | E25: OS - On-Street | F25: A - 45 Degree | G25: L
B26: 62 | C26: 36GG044 | D26: C - Sedan | E26: OS - On-Street | F26: A - 45 Degree | G26: L
B27: 62 | C27: 90SS777 | D27: C - Sedan | E27: OS - On-Street | F27: A - 45 Degree | G27: L
B28: 62 | C28: 99OB919 | D28: C - Sedan | E28: OS - On-Street | F28: A - 45 Degree | G28: L
B29: 62 | C29: 88AI088 | D29: C - Sedan | E29: OS - On-Street | F29: A - 45 Degree | G29: L
B30: 62 | C30: 86AR777 | D30: C - Sedan | E30: OS - On-Street | F30: A - 45 Degree | G30: L
B31: 62 | C31: 80ZI100 | D31: C - Sedan | E31: OS - On-Street | F31: A - 45 Degree | G31: L
B32: 62 | C32: 07OJ707 | D32: C - Sedan | E32: OS - On-Street | F32: A - 45 Degree | G32: L
B33: 62 | C33: 44KI144 | D33: C - Sedan | E33: OS - On-Street | F33: A - 45 Degree | G33: L
A34: 11 - 12 | B34: 62 | C34: 44KI144 | D34: C - Sedan | E34: OS - On-Street | F34: PP - Perpendicular | G34: L
B35: 62 | C35: 07OJ707 | D35: C - Sedan | E35: OS - On-Street | F35: PP - Perpendicular | G35: L
B36: 62 | C36: 80ZI100 | D36: C - Sedan | E36: OS - On-Street | F36: PP - Perpendicular | G36: L
B37: 62 | C37: 88AI088 | D37: C - Sedan | E37: OS - On-Street | F37: PP - Perpendicular | G37: L
B38: 62 | C38: 86AR777 | D38: C - Sedan | E38: OS - On-Street | F38: PP - Perpendicular | G38: L
B39: 62 | C39: 99OB919 | D39: C - Sedan | E39: OS - On-Street | F39: PP - Perpendicular | G39: L
B40: 62 | C40: 90SS777 | D40: C - Sedan | E40: OS - On-Street | F40: PP - Perpendicular | G40: L
B41: 62 | C41: 30GG044 | D41: C - Sedan | E41: OS - On-Street | F41: PP - Perpendicular | G41: L
B42: 62 | C42: 04OO464 | D42: C - Sedan | E42: OS - On-Street | F42: PP - Perpendicular | G42: L
B43: 62 | C43: 10SO999 | D43: C - Sedan | E43: OS - On-Street | F43: PP - Perpendicular | G43: L
B44: 62 | C44: 01BB711 | D44: C - Sedan | E44: OS - On-Street | F44: PP - Perpendicular | G44: L
B45: 62 | C45: 51DD010 | D45: C - Sedan | E45: OS - On-Street | F45: PP - Perpendicular | G45: L
B46: 62 | C46: 70AP170 | D46: C - Sedan | E46: OS - On-Street | F46: PP - Perpendicular | G46: L
... B55: 62 | C55: 77ZX100 | D55: C - Sedan | E55: OS - On-Street | F55: PP - Perpendicular | G55: L
A56: 12 - 13 | B56: 62 | C56: 77ZX100 | D56: C - Sedan | E56: OS - On-Street | F56: A - 45 Degree | G56: L
B57: 62 | C57: 35XZ161 | D57: C - Sedan | E57: OS - On-Street | F57: A - 45 Degree | G57: L
B58: 62 | C58: 99SA998 | D58: C - Sedan | E58: OS - On-Street | F58: A - 45 Degree | G58: L
B59: 62 | C59: 77IT711 | D59: C - Sedan | E59: OS - On-Street | F59: A - 45 Degree | G59: L
B60: 62 | C60: 001RR20 | D60: C - Sedan | E60: OS - On-Street | F60: A - 45 Degree | G60: L
B61: 62 | C61: 72BB277 | D61: C - Sedan | E61: OS - On-Street | F61: A - 45 Degree | G61: L
B62: 62 | C62: 35DC890 | D62: C - Sedan | E62: OS - On-Street | F62: A - 45 Degree | G62: L
B63: 62 | C63: 70AP170 | D63: C - Sedan | E63: OS - On-Street | F63: A - 45 Degree | G63: L
B64: 62 | C64: 51DD010 | D64: C - Sedan | E64: OS - On-Street | F64: A - 45 Degree | G64: L
B65: 62 | C65: 01BB711 | D65: C - Sedan | E65: OS - On-Street | F65: A - 45 Degree | G65: L
B66: 62 | C66: 10SO999 | D66: C - Sedan | E66: OS - On-Street | F66: A - 45 Degree | G66: L
B67: 62 | C67: 04OO464 | D67: C - Sedan | E67: OS - On-Street | F67: A - 45 Degree | G67: L
B68: 62 | C68: 35GG044 | D68: C - Sedan | E68: OS - On-Street | F68: A - 45 Degree | G68: L
... B76: 62 | C76: 44KI144 | D76: C - Sedan | E76: OS - On-Street | F76: A - 45 Degree | G76: L
A77: 13 - 14 | B77: 62 | C77: 21YY200 | D77: C - Sedan | E77: OS - On-Street | F77: PP - Perpendicular | G77: L
B78: 62 | C78: 35XS161 | D78: C - Sedan | E78: OS - On-Street | F78: PP - Perpendicular | G78: L
B79: 62 | C79: 99SA998 | D79: C - Sedan | E79: OS - On-Street | F79: PP - Perpendicular | G79: L
B80: 62 | C80: 37KW875 | D80: C - Sedan | E80: OS - On-Street | F80: PP - Perpendicular | G80: L
B81: 62 | C81: 77IT711 | D81: C - Sedan | E81: OS - On-Street | F81: PP - Perpendicular | G81: L
B82: 62 | C82: 001RR20 | D82: C - Sedan | E82: OS - On-Street | F82: PP - Perpendicular | G82: L
B83: 62 | C83: 72BB277 | D83: C - Sedan | E83: OS - On-Street | F83: PP - Perpendicular | G83: L
B84: 62 | C84: 37PC243 | D84: C - Sedan | E84: OS - On-Street | F84: A - 45 Degree | G84: L
B85: 62 | C85: 70AP170 | D85: C - Sedan | E85: OS - On-Street | F85: PP - Perpendicular | G85: L
B86: 62 | C86: 51DD010 | D86: C - Sedan | E86: OS - On-Street | F86: PP - Perpendicular | G86: L
B87: 62 | C87: 37DX201 | D87: C - Sedan | E87: OS - On-Street | F87: PP - Perpendicular | G87: L
B88: 62 | C88: 37DQ271 | D88: C - Sedan | E88: OS - On-Street | F88: PP - Perpendicular | G88: L
B89: 62 | C89: 10SO999 | D89: C - Sedan | E89: OS - On-Street | F89: PP - Perpendicular | G89: L
... B100: 62 | C100: 88DC808 | D100: C - Sedan | E100: OS - On-Street | F100: PP - Perpendicular | G100: L
A101: 14 - 15 | B101: 62 | C101: 21YY200 | D101: C - Sedan | E101: OS - On-Street | F101: A - 45 Degree | G101: L
B102: 62 | C102: 37OI894 | D102: C - Sedan | E102: OS - On-Street | F102: A - 45 Degree | G102: L
B103: 62 | C103: 35XS161 | D103: C - Sedan | E103: OS - On-Street | F103: A - 45 Degree | G103: L
B104: 62 | C104: 99SA998 | D104: C - Sedan | E104: OS - On-Street | F104: A - 45 Degree | G104: L
B105: 62 | C105: 37KW875 | D105: C - Sedan | E105: OS - On-Street | F105: A - 45 Degree | G105: L
B106: 62 | C106: 77IT711 | D106: C - Sedan | E106: OS - On-Street | F106: A - 45 Degree | G106: L
B107: 62 | C107: 37PJ736 | D107: C - Sedan | E107: OS - On-Street | F107: A - 45 Degree | G107: L
B108: 62 | C108: 37EX669 | D108: C - Sedan | E108: OS - On-Street | F108: PA - Parallel | G108: L
B109: 62 | C109: 001RR20 | D109: C - Sedan | E109: OS - On-Street | F109: A - 45 Degree | G109: L
B110: 62 | C110: 72BB277 | D110: C - Sedan | E110: OS - On-Street | F110: A - 45 Degree | G110: L
B111: 62 | C111: 45TS444 | D111: C - Sedan | E111: OS - On-Street | F111: A - 45 Degree | G111: L
B112: 62 | C112: 37AQ683 | D112: C - Sedan | E112: OS - On-Street | F112: A - 45 Degree | G112: L
B113: 62 | C113: 70AP170 | D113: C - Sedan | E113: OS - On-Street | F113: A - 45 Degree | G113: L
... B125: 62 | C125: 37HG659 | D125: C - Sedan | E125: OS - On-Street | F125: A - 45 Degree | G125: L
A126: 15 - 16 | B126: 62 | C126: 21YY200 | D126: C - Sedan | E126: OS - On-Street | F126: PP - Perpendicular | G126: L
B127: 62 | C127: 35XS161 | D127: C - Sedan | E127: OS - On-Street | F127: PP - Perpendicular | G127: L
B128: 62 | C128: 99SA998 | D128: C - Sedan | E128: OS - On-Street | F128: PP - Perpendicular | G128: L
B129: 62 | C129: 37KW875 | D129: C - Sedan | E129: OS - On-Street | F129: PP - Perpendicular | G129: L
B130: 62 | C130: 77IT711 | D130: C - Sedan | E130: OS - On-Street | F130: PP - Perpendicular | G130: L
B131: 62 | C131: 88RL388 | D131: C - Sedan | E131: OS - On-Street | F131: PP - Perpendicular | G131: L
B132: 62 | C132: 001RR20 | D132: C - Sedan | E132: OS - On-Street | F132: PP - Perpendicular | G132: L
B133: 62 | C133: 72BB277 | D133: C - Sedan | E133: OS - On-Street | F133: PP - Perpendicular | G133: L
B134: 62 | C134: 45TS444 | D134: C - Sedan | E134: OS - On-Street | F134: PP - Perpendicular | G134: L
B135: 62 | C135: 47BV007 | D135: C - Sedan | E135: OS - On-Street | F135: PP - Perpendicular | G135: L
B136: 62 | C136: 70AP170 | D136: C - Sedan | E136: OS - On-Street | F136: PP - Perpendicular | G136: L
B137: 62 | C137: 51DD010 | D137: C - Sedan | E137: OS - On-Street | F137: PA - Parallel | G137: L
B138: 62 | C138: 37ZS539 | D138: C - Sedan | E138: OS - On-Street | F138: PP - Perpendicular | G138: L
...

Sheet 63
A1: Parking Survey Sheet
A3: Date: | B3: 46175
A4: Route #: | B4: Mega Mall
A5: Name/Surname: | B5: _____________
A7: Time | B7: Zone | C7: License Number | D7: Vehicle Type | E7: Location | F7: Parking Method | G7: Legal/Illegal
A8: 7=7:00 14=14:00 midnight=00:00 & etc. | B8: Zone XXX | C8: 11XX111 | D8: C - Sedan T - Truck M - Motorcycle | E8: OS - On-Street FP - Footpath SB - Setback | F8: PA - Parallel A - 45 Degree PP - Perpendicular | G8: L - Legal I - Illegal
A9: 7 - 8 | B9: 63 | C9: 90VY099 | D9: T - Truck | E9: OS - On-Street | F9: PA - Parallel | G9: L
A10: 8 - 9 | B10: 63 | C10: 04OO464 | D10: C - Sedan | E10: OS - On-Street | F10: PP - Perpendicular | G10: L
B11: 63 | C11: 36GG044 | D11: C - Sedan | E11: OS - On-Street | F11: PP - Perpendicular | G11: L
B12: 63 | C12: 37QZ472 | D12: C - Sedan | E12: OS - On-Street | F12: A - 45 Degree | G12: L
B13: 63 | C13: 33PR333 | D13: C - Sedan | E13: OS - On-Street | F13: A - 45 Degree | G13: L
A14: 9 - 10 | B14: 63 | C14: 10SO 999 | D14: C - Sedan | E14: SB - Setback | F14: PP - Perpendicular | G14: L
B15: 63 | C15: 04OO464 | D15: C - Sedan | E15: SB - Setback | F15: PP - Perpendicular | G15: L
B16: 63 | C16: 36GG044 | D16: C - Sedan | E16: SB - Setback | F16: PP - Perpendicular | G16: L
A17: 10 - 11 | B17: 63 | C17: 08DC808 | D17: C - Sedan | E17: OS - On-Street | F17: A - 45 Degree | G17: L
B18: 63 | C18: 88DC808 | D18: C - Sedan | E18: OS - On-Street | F18: A - 45 Degree | G18: L
B19: 63 | C19: 90VY099 | D19: T - Truck | E19: OS - On-Street | F19: PA - Parallel | G19: L
A20: 11 - 12 | B20: 63 | C20: no number | D20: C - Sedan | E20: OS - On-Street | F20: PA - Parallel | G20: L
B21: 63 | C21: 90VV099 | D21: T - Truck | E21: OS - On-Street | F21: PA - Parallel | G21: L
A22: 12 - 13 | B22: 63 | C22: 08GC808 | D22: C - Sedan | E22: OS - On-Street | F22: PA - Parallel | G22: L
B23: 63 | C23: 88DC808 | D23: C - Sedan | E23: OS - On-Street | F23: A - 45 Degree | G23: L
B24: 63 | C24: 90VY099 | D24: T - Truck | E24: OS - On-Street | F24: PA - Parallel | G24: L
A25: 13 - 14 | B25: 63 | C25: 13SL110 | D25: C - Sedan | E25: OS - On-Street | F25: PA - Parallel | G25: L
B26: 63 | C26: 09II090 | D26: C - Sedan | E26: OS - On-Street | F26: PA - Parallel | G26: L
B27: 63 | C27: 90VY099 | D27: T - Truck | E27: OS - On-Street | F27: PA - Parallel | G27: L
A28: 14 - 15 | B28: 63 | C28: 08DC808 | D28: C - Sedan | E28: OS - On-Street | F28: A - 45 Degree | G28: L
B29: 63 | C29: 88DC808 | D29: C - Sedan | E29: OS - On-Street | F29: A - 45 Degree | G29: L
B30: 63 | C30: 777AG17 | D30: C - Sedan | E30: OS - On-Street | F30: PA - Parallel | G30: L
B31: 63 | C31: 99VY099 | D31: T - Truck | E31: OS - On-Street | F31: PA - Parallel | G31: L
A32: 15 - 16 | B32: 63 | C32: 90VY099 | D32: T - Truck | E32: OS - On-Street | F32: PA - Parallel | G32: L
A33: 16 - 17 | B33: 63 | C33: 08DC808 | D33: C - Sedan | E33: OS - On-Street | F33: A - 45 Degree | G33: L
B34: 63 | C34: 88DC808 | D34: C - Sedan | E34: OS - On-Street | F34: A - 45 Degree | G34: L
B35: 63 | C35: 99VY099 | D35: C - Sedan | E35: OS - On-Street | F35: PA - Parallel | G35: L
A36: 17 - 18 | B36: 63 | C36: 37RE037 | D36: C - Sedan | E36: OS - On-Street | F36: PP - Perpendicular | G36: L
B37: 63 | C37: 88DC808 | D37: C - Sedan | E37: OS - On-Street | F37: PP - Perpendicular | G37: L
A38: 18 - 19 | B38: 63 | C38: 08DC808 | D38: C - Sedan | E38: OS - On-Street | F38: A - 45 Degree | G38: L
B39: 63 | C39: 88DC808 | D39: C - Sedan | E39: OS - On-Street | F39: A - 45 Degree | G39: L
B40: 63 | C40: 86CM7777 | D40: C - Sedan | E40: OS - On-Street | F40: PA - Parallel | G40: L
B41: 63 | C41: 08AA202 | D41: C - Sedan | E41: OS - On-Street | F41: PA - Parallel | G41: L
B42: 63 | C42: 86AR777 | D42: C - Sedan | E42: OS - On-Street | F42: PA - Parallel | G42: L
B43: 63 | C43: 90VY099 | D43: T - Truck | E43: OS - On-Street | F43: PA - Parallel | G43: L
A44: 19 - 20 | B44: 63 | C44: 08DC808 | D44: C - Sedan | E44: OS - On-Street | F44: PP - Perpendicular | G44: L
B45: 63 | C45: 88DC808 | D45: C - Sedan | E45: OS - On-Street | F45: PP - Perpendicular | G45: L
A46: 20 - 21 | B46: 63 | C46: 88DC808 | D46: C - Sedan | E46: OS - On-Street | F46: PP - Perpendicular | G46: L
A47: 21 - 22 | B47: 63 | C47: 37DQ271 | D47: C - Sedan | E47: SB - Setback | F47: A - 45 Degree | G47: L
B48: 63 | C48: 37DX201 | D48: C - Sedan | E48: SB - Setback | F48: A - 45 Degree | G48: L
B49: 63 | C49: 37NX098 | D49: C - Sedan | E49: SB - Setback | F49: PP - Perpendicular | G49: L
B50: 63 | C50: 37QZ472 | D50: C - Sedan | E50: SB - Setback | F50: PP - Perpendicular | G50: L
B51: 63 | C51: 81AI811 | D51: C - Sedan | E51: SB - Setback | F51: PP - Perpendicular | G51: L
B52: 63 | C52: 37LI131 | D52: C - Sedan | E52: SB - Setback | F52: PP - Perpendicular | G52: L
B53: 63 | C53: 37BP262 | D53: C - Sedan | E53: SB - Setback | F53: PP - Perpendicular | G53: L
A54: 22 - 23 | B54: 63 | C54: 37DQ271 | D54: C - Sedan | E54: OS - On-Street | F54: A - 45 Degree | G54: L
B55: 63 | C55: 37NX098 | D55: C - Sedan | E55: OS - On-Street | F55: PP - Perpendicular | G55: L
B56: 63 | C56: 37QZ472 | D56: C - Sedan | E56: OS - On-Street | F56: PP - Perpendicular | G56: L
B57: 63 | C57: 10DJ888 | D57: C - Sedan | E57: OS - On-Street | F57: PP - Perpendicular | G57: L
B58: 63 | C58: 37BP262 | D58: C - Sedan | E58: OS - On-Street | F58: PP - Perpendicular | G58: L

Sheet 64
A1: Parking Survey Sheet
A3: Date: | B3: 46175
A4: Route #: | B4: Mega Mall
A5: Name/Surname: | B5: _____________
A7: Time | B7: Zone | C7: License Number | D7: Vehicle Type | E7: Location | F7: Parking Method | G7: Legal/Illegal
A8: 7=7:00 14=14:00 midnight=00:00 & etc. | B8: Zone XXX | C8: 11XX111 | D8: C - Sedan T - Truck M - Motorcycle | E8: OS - On-Street FP - Footpath SB - Setback | F8: PA - Parallel A - 45 Degree PP - Perpendicular | G8: L - Legal I - Illegal
A9: 7 - 8 | B9: - | C9: - | D9: - | E9: - | F9: - | G9: -
A10: 8 - 9 | B10: 64 | C10: 02SU791 | D10: C - Sedan | E10: OS - On-Street | F10: PA - Parallel | G10: L
B11: 64 | C11: 34ST490 | D11: C - Sedan | E11: OS - On-Street | F11: PA - Parallel | G11: L
A12: 9 - 10 | B12: 64 | C12: 91XO991 | D12: C - Sedan | E12: OS - On-Street | F12: PA - Parallel | G12: L
B13: 64 | C13: 34RC463 | D13: C - Sedan | E13: OS - On-Street | F13: PA - Parallel | G13: L
B14: 64 | C14: 37KT085 | D14: C - Sedan | E14: OS - On-Street | F14: PA - Parallel | G14: L
B15: 64 | C15: 30NN777 | D15: C - Sedan | E15: OS - On-Street | F15: PA - Parallel | G15: L
A16: 10 - 11 | B16: 64 | C16: 37ER139 | D16: C - Sedan | E16: OS - On-Street | F16: PA - Parallel | G16: L
B17: 64 | C17: 91XO991 | D17: C - Sedan | E17: OS - On-Street | F17: PA - Parallel | G17: L
B18: 64 | C18: 37RZ190 | D18: C - Sedan | E18: OS - On-Street | F18: PA - Parallel | G18: L
A19: 11 - 12 | B19: 64 | C19: 37IA352 | D19: C - Sedan | E19: OS - On-Street | F19: PP - Perpendicular | G19: L
B20: 64 | C20: 90GC101 | D20: C - Sedan | E20: OS - On-Street | F20: PP - Perpendicular | G20: L
B21: 64 | C21: 37PR656 | D21: C - Sedan | E21: OS - On-Street | F21: PP - Perpendicular | G21: L
B22: 64 | C22: 37HP716 | D22: C - Sedan | E22: OS - On-Street | F22: PA - Parallel | G22: L
B23: 64 | C23: 35XS841 | D23: C - Sedan | E23: OS - On-Street | F23: PA - Parallel | G23: L
B24: 64 | C24: 09RV003 | D24: C - Sedan | E24: OS - On-Street | F24: PA - Parallel | G24: L
B25: 64 | C25: 37HK906 | D25: C - Sedan | E25: OS - On-Street | F25: PA - Parallel | G25: L
B26: 64 | C26: 91XO991 | D26: C - Sedan | E26: OS - On-Street | F26: PA - Parallel | G26: L
B27: 64 | C27: 37ER139 | D27: C - Sedan | E27: OS - On-Street | F27: PA - Parallel | G27: L
B28: 64 | C28: 99JJ933 | D28: C - Sedan | E28: OS - On-Street | F28: PA - Parallel | G28: L
A29: 12 - 13 | B29: 64 | C29: 99JJ933 | D29: C - Sedan | E29: OS - On-Street | F29: PA - Parallel | G29: L
B30: 64 | C30: 37ER139 | D30: C - Sedan | E30: OS - On-Street | F30: PA - Parallel | G30: L
B31: 64 | C31: 91XO991 | D31: C - Sedan | E31: OS - On-Street | F31: PA - Parallel | G31: L
B32: 64 | C32: 77HH045 | D32: C - Sedan | E32: OS - On-Street | F32: PA - Parallel | G32: L
A33: 13 - 14 | B33: 64 | C33: 37ER139 | D33: C - Sedan | E33: OS - On-Street | F33: PA - Parallel | G33: L
B34: 64 | C34: 37AQ439 | D34: C - Sedan | E34: OS - On-Street | F34: PA - Parallel | G34: L
B35: 64 | C35: 37KZ571 | D35: C - Sedan | E35: OS - On-Street | F35: PA - Parallel | G35: L
B36: 64 | C36: 28D008AM | D36: C - Sedan | E36: OS - On-Street | F36: PA - Parallel | G36: L
B37: 64 | C37: 37OQ565 | D37: C - Sedan | E37: OS - On-Street | F37: PA - Parallel | G37: L
A38: 14 - 15 | B38: 64 | C38: 01JI505 | D38: C - Sedan | E38: OS - On-Street | F38: PA - Parallel | G38: L
B39: 64 | C39: 70MM701 | D39: C - Sedan | E39: OS - On-Street | F39: PA - Parallel | G39: L
B40: 64 | C40: 55MQ155 | D40: C - Sedan | E40: OS - On-Street | F40: PA - Parallel | G40: L
B41: 64 | C41: 88MB688 | D41: C - Sedan | E41: OS - On-Street | F41: PA - Parallel | G41: L
B42: 64 | C42: 8693FE | D42: C - Sedan | E42: OS - On-Street | F42: PA - Parallel | G42: L
A43: 15 - 16 | B43: 64 | C43: 15TA150 | D43: C - Sedan | E43: OS - On-Street | F43: PP - Perpendicular | G43: L
B44: 64 | C44: 36DA231 | D44: C - Sedan | E44: OS - On-Street | F44: PA - Parallel | G44: L
B45: 64 | C45: 90CC004 | D45: C - Sedan | E45: OS - On-Street | F45: PA - Parallel | G45: L
B46: 64 | C46: 777SM77 | D46: C - Sedan | E46: OS - On-Street | F46: PA - Parallel | G46: L
B47: 64 | C47: 37EB570 | D47: C - Sedan | E47: OS - On-Street | F47: PA - Parallel | G47: L
B48: 64 | C48: 33RF733 | D48: C - Sedan | E48: OS - On-Street | F48: PP - Perpendicular | G48: L
B49: 64 | C49: 22NN770 | D49: C - Sedan | E49: OS - On-Street | F49: PA - Parallel | G49: L
A50: 16 - 17 | B50: 64 | C50: 01UU455 | D50: C - Sedan | E50: OS - On-Street | F50: PA - Parallel | G50: L
B51: 64 | C51: 06MO060 | D51: C - Sedan | E51: OS - On-Street | F51: PA - Parallel | G51: L
B52: 64 | C52: 11VP660 | D52: C - Sedan | E52: OS - On-Street | F52: PA - Parallel | G52: L
B53: 64 | C53: MO-009-KS | D53: C - Sedan | E53: OS - On-Street | F53: PA - Parallel | G53: L
B54: 64 | C54: 37BP397 | D54: C - Sedan | E54: OS - On-Street | F54: PA - Parallel | G54: L
A55: 17 - 18 | B55: 64 | C55: 18GA888 | D55: C - Sedan | E55: OS - On-Street | F55: PA - Parallel | G55: L
B56: 64 | C56: 77MX717 | D56: C - Sedan | E56: OS - On-Street | F56: PA - Parallel | G56: L
B57: 64 | C57: 37ED788 | D57: C - Sedan | E57: OS - On-Street | F57: PA - Parallel | G57: L
B58: 64 | C58: 610CA61 | D58: C - Sedan | E58: OS - On-Street | F58: PA - Parallel | G58: L
A59: 18 - 19 | B59: 64 | C59: 77MX717 | D59: C - Sedan | E59: OS - On-Street | F59: PA - Parallel | G59: L
B60: 64 | C60: 37DB006 | D60: C - Sedan | E60: OS - On-Street | F60: PA - Parallel | G60: L
A61: 19 - 20 | B61: 64 | C61: 55HC545 | D61: C - Sedan | E61: OS - On-Street | F61: PA - Parallel | G61: L
B62: 64 | C62: 37CT178 | D62: C - Sedan | E62: OS - On-Street | F62: PA - Parallel | G62: L
B63: 64 | C63: 02SE011 | D63: C - Sedan | E63: OS - On-Street | F63: PA - Parallel | G63: L
B64: 64 | C64: 80HS088 | D64: C - Sedan | E64: OS - On-Street | F64: PA - Parallel | G64: L
B65: 64 | C65: 99QH996 | D65: C - Sedan | E65: OS - On-Street | F65: PA - Parallel | G65: L
A66: 20 - 21 | B66: 64 | C66: 37FJ925 | D66: C - Sedan | E66: OS - On-Street | F66: PA - Parallel | G66: L
B67: 64 | C67: 02VP077 | D67: C - Sedan | E67: OS - On-Street | F67: PA - Parallel | G67: L
B68: 64 | C68: 11WW202 | D68: C - Sedan | E68: OS - On-Street | F68: PA - Parallel | G68: L
B69: 64 | C69: 36FA126 | D69: C - Sedan | E69: OS - On-Street | F69: PA - Parallel | G69: L
B70: 64 | C70: 37OZ457 | D70: C - Sedan | E70: OS - On-Street | F70: PA - Parallel | G70: L
B71: 64 | C71: 37CT178 | D71: C - Sedan | E71: OS - On-Street | F71: PA - Parallel | G71: L
A72: 21 - 22 | B72: 64 | C72: 37HE340 | D72: C - Sedan | E72: OS - On-Street | F72: PA - Parallel | G72: L
B73: 64 | C73: 66RR600 | D73: C - Sedan | E73: OS - On-Street | F73: PA - Parallel | G73: L
B74: 64 | C74: 36FA126 | D74: C - Sedan | E74: OS - On-Street | F74: A - 45 Degree | G74: L
B75: 64 | C75: 37RZ190 | D75: C - Sedan | E75: OS - On-Street | F75: PA - Parallel | G75: L
B76: 64 | C76: 96PO696 | D76: C - Sedan | E76: OS - On-Street | F76: PA - Parallel | G76: L
B77: 64 | C77: 37RE890 | D77: C - Sedan | E77: OS - On-Street | F77: PA - Parallel | G77: L
A78: 22 - 23 | B78: 64 | C78: 37HE340 | D78: C - Sedan | E78: OS - On-Street | F78: PA - Parallel | G78: L
B79: 64 | C79: 37BJ434 | D79: C - Sedan | E79: OS - On-Street | F79: PA - Parallel | G79: L
B80: 64 | C80: 55FR545 | D80: C - Sedan | E80: OS - On-Street | F80: PA - Parallel | G80: L
B81: 64 | C81: 09FF800 | D81: C - Sedan | E81: OS - On-Street | F81: PA - Parallel | G81: L
B82: 64 | C82: 77BJ770 | D82: C - Sedan | E82: OS - On-Street | F82: PA - Parallel | G82: L
B83: 64 | C83: 77QS727 | D83: C - Sedan | E83: OS - On-Street | F83: PA - Parallel | G83: L

Sheet 65
A1: Parking Survey Sheet
A3: Date: | B3: 46175
A4: Route #: | B4: Mega Mall
A5: Name/Surname: | B5: _____________
A7: Time | B7: Zone | C7: License Number | D7: Vehicle Type | E7: Location | F7: Parking Method | G7: Legal/Illegal
A8: 7=7:00 14=14:00 midnight=00:00 & etc. | B8: Zone XXX | C8: 11XX111 | D8: C - Sedan T - Truck M - Motorcycle | E8: OS - On-Street FP - Footpath SB - Setback | F8: PA - Parallel A - 45 Degree PP - Perpendicular | G8: L - Legal I - Illegal
A9: 7 - 8 | B9: 65 | C9: 30NN777 | D9: C - Sedan | E9: SB - Setback | F9: PP - Perpendicular | G9: L
B10: 65 | C10: 90VV555 | D10: C - Sedan | E10: OS - On-Street | F10: PP - Perpendicular | G10: L
A11: 8 - 9 | B11: 65 | C11: 30NN777 | D11: C - Sedan | E11: SB - Setback | F11: PP - Perpendicular | G11: L
B12: 65 | C12: 90VV555 | D12: C - Sedan | E12: SB - Setback | F12: PP - Perpendicular | G12: L
A13: 9 - 10 | B13: 65 | C13: 37IA352 | D13: C - Sedan | E13: SB - Setback | F13: PP - Perpendicular | G13: L
B14: 65 | C14: 57ZX007 | D14: C - Sedan | E14: SB - Setback | F14: PP - Perpendicular | G14: L
B15: 65 | C15: 36NA858 | D15: C - Sedan | E15: SB - Setback | F15: PP - Perpendicular | G15: L
B16: 65 | C16: 35TG982 | D16: C - Sedan | E16: SB - Setback | F16: PP - Perpendicular | G16: L
B17: 65 | C17: 35QG846 | D17: C - Sedan | E17: SB - Setback | F17: PP - Perpendicular | G17: L
B18: 65 | C18: 90VV555 | D18: C - Sedan | E18: SB - Setback | F18: PP - Perpendicular | G18: L
B19: 65 | C19: 37QU344 | D19: C - Sedan | E19: SB - Setback | F19: PP - Perpendicular | G19: L
B20: 65 | C20: 020BG01 | D20: C - Sedan | E20: SB - Setback | F20: PP - Perpendicular | G20: L
B21: 65 | C21: 35MV500 | D21: C - Sedan | E21: SB - Setback | F21: PP - Perpendicular | G21: L
A22: 10 - 11 | B22: 65 | C22: 10RE001 | D22: C - Sedan | E22: OS - On-Street | F22: A - 45 Degree | G22: L
B23: 65 | C23: 90GC101 | D23: C - Sedan | E23: OS - On-Street | F23: A - 45 Degree | G23: L
B24: 65 | C24: 37GA822 | D24: C - Sedan | E24: OS - On-Street | F24: A - 45 Degree | G24: L
B25: 65 | C25: 37PR656 | D25: C - Sedan | E25: OS - On-Street | F25: PA - Parallel | G25: L
B26: 65 | C26: 37IA352 | D26: C - Sedan | E26: OS - On-Street | F26: A - 45 Degree | G26: L
B27: 65 | C27: 75LF075 | D27: C - Sedan | E27: OS - On-Street | F27: PA - Parallel | G27: L
B28: 65 | C28: 36UR091 | D28: C - Sedan | E28: OS - On-Street | F28: A - 45 Degree | G28: L
B29: 65 | C29: 08LL101 | D29: C - Sedan | E29: OS - On-Street | F29: A - 45 Degree | G29: L
B30: 65 | C30: 36NA858 | D30: C - Sedan | E30: OS - On-Street | F30: A - 45 Degree | G30: L
B31: 65 | C31: 35TG982 | D31: C - Sedan | E31: OS - On-Street | F31: A - 45 Degree | G31: L
B32: 65 | C32: 37MG865 | D32: C - Sedan | E32: OS - On-Street | F32: A - 45 Degree | G32: L
B33: 65 | C33: 37TV671 | D33: C - Sedan | E33: OS - On-Street | F33: A - 45 Degree | G33: L
B34: 65 | C34: 87HO877 | D34: C - Sedan | E34: OS - On-Street | F34: A - 45 Degree | G34: L
B35: 65 | C35: 90VV555 | D35: C - Sedan | E35: OS - On-Street | F35: A - 45 Degree | G35: L
A36: 11 - 12 | B36: 65 | C36: 37KV732 | D36: C - Sedan | E36: OS - On-Street | F36: PP - Perpendicular | G36: L
B37: 65 | C37: 87HO877 | D37: C - Sedan | E37: OS - On-Street | F37: PP - Perpendicular | G37: L
B38: 65 | C38: 36SN838 | D38: C - Sedan | E38: OS - On-Street | F38: PP - Perpendicular | G38: L
B39: 65 | C39: 37MJ865 | D39: C - Sedan | E39: OS - On-Street | F39: PP - Perpendicular | G39: L
B40: 65 | C40: 35TG982 | D40: C - Sedan | E40: OS - On-Street | F40: PP - Perpendicular | G40: L
B41: 65 | C41: 36NA858 | D41: C - Sedan | E41: OS - On-Street | F41: PP - Perpendicular | G41: L
B42: 65 | C42: 33SS232 | D42: C - Sedan | E42: OS - On-Street | F42: PP - Perpendicular | G42: L
B43: 65 | C43: 59AE500 | D43: C - Sedan | E43: OS - On-Street | F43: PP - Perpendicular | G43: L
A44: 12 - 13 | B44: 65 | C44: 37PR656 | D44: C - Sedan | E44: OS - On-Street | F44: A - 45 Degree | G44: L
B45: 65 | C45: 90GC101 | D45: C - Sedan | E45: OS - On-Street | F45: A - 45 Degree | G45: L
B46: 65 | C46: 37IA352 | D46: C - Sedan | E46: OS - On-Street | F46: A - 45 Degree | G46: L
B47: 65 | C47: 08UJ080 | D47: C - Sedan | E47: OS - On-Street | F47: PA - Parallel | G47: L
B48: 65 | C48: 37HV375 | D48: C - Sedan | E48: OS - On-Street | F48: A - 45 Degree | G48: L
B49: 65 | C49: 36NA858 | D49: C - Sedan | E49: OS - On-Street | F49: A - 45 Degree | G49: L
B50: 65 | C50: 35TG982 | D50: C - Sedan | E50: OS - On-Street | F50: A - 45 Degree | G50: L
B51: 65 | C51: 37MG865 | D51: C - Sedan | E51: OS - On-Street | F51: A - 45 Degree | G51: L
B52: 65 | C52: 87HO877 | D52: C - Sedan | E52: OS - On-Street | F52: A - 45 Degree | G52: L
B53: 65 | C53: 90VV555 | D53: C - Sedan | E53: OS - On-Street | F53: A - 45 Degree | G53: L
B54: 65 | C54: GA-838-RO | D54: C - Sedan | E54: OS - On-Street | F54: A - 45 Degree | G54: L
B55: 65 | C55: 02ON001 | D55: C - Sedan | E55: OS - On-Street | F55: A - 45 Degree | G55: L
B56: 65 | C56: 40VV101 | D56: C - Sedan | E56: OS - On-Street | F56: A - 45 Degree | G56: L
B57: 65 | C57: 37KV732 | D57: C - Sedan | E57: OS - On-Street | F57: A - 45 Degree | G57: L
A58: 13 - 14 | B58: 65 | C58: 70ZM077 | D58: C - Sedan | E58: OS - On-Street | F58: PP - Perpendicular | G58: L
B59: 65 | C59: 37FJ925 | D59: C - Sedan | E59: OS - On-Street | F59: PP - Perpendicular | G59: L
B60: 65 | C60: 36NA858 | D60: C - Sedan | E60: OS - On-Street | F60: PP - Perpendicular | G60: L
B61: 65 | C61: 35TG982 | D61: C - Sedan | E61: OS - On-Street | F61: PP - Perpendicular | G61: L
B62: 65 | C62: 37MJ865 | D62: C - Sedan | E62: OS - On-Street | F62: PP - Perpendicular | G62: L
B63: 65 | C63: 01AN112 | D63: C - Sedan | E63: OS - On-Street | F63: PP - Perpendicular | G63: L
B64: 65 | C64: 87HO877 | D64: C - Sedan | E64: OS - On-Street | F64: PP - Perpendicular | G64: L
B65: 65 | C65: 90VV555 | D65: C - Sedan | E65: OS - On-Street | F65: PP - Perpendicular | G65: L
B66: 65 | C66: GA838RO | D66: C - Sedan | E66: OS - On-Street | F66: PP - Perpendicular | G66: L
B67: 65 | C67: 89RD899 | D67: C - Sedan | E67: OS - On-Street | F67: PP - Perpendicular | G67: L
B68: 65 | C68: 140VV101 | D68: C - Sedan | E68: OS - On-Street | F68: PP - Perpendicular | G68: L
B69: 65 | C69: 37RL045 | D69: T - Truck | E69: OS - On-Street | F69: PP - Perpendicular | G69: L
B70: 65 | C70: 01SJ505 | D70: C - Sedan | E70: SB - Setback | F70: A - 45 Degree | G70: L
... B78: 65 | C78: 70RW707 | D78: C - Sedan | E78: SB - Setback | F78: A - 45 Degree | G78: L
A79: 14 - 15 | B79: 65 | C79: 77BX773 | D79: C - Sedan | E79: OS - On-Street | F79: A - 45 Degree | G79: L
B80: 65 | C80: 37PR656 | D80: C - Sedan | E80: OS - On-Street | F80: A - 45 Degree | G80: L
B81: 65 | C81: 90GC101 | D81: C - Sedan | E81: OS - On-Street | F81: A - 45 Degree | G81: L
B82: 65 | C82: 33KK393 | D82: C - Sedan | E82: OS - On-Street | F82: PA - Parallel | G82: L
B83: 65 | C83: 37IA352 | D83: C - Sedan | E83: OS - On-Street | F83: A - 45 Degree | G83: L
B84: 65 | C84: 70ZM077 | D84: C - Sedan | E84: OS - On-Street | F84: A - 45 Degree | G84: L
B85: 65 | C85: 01FI123 | D85: C - Sedan | E85: OS - On-Street | F85: A - 45 Degree | G85: L
B86: 65 | C86: 36NA858 | D86: C - Sedan | E86: OS - On-Street | F86: A - 45 Degree | G86: L
B87: 65 | C87: 37TG982 | D87: C - Sedan | E87: OS - On-Street | F87: A - 45 Degree | G87: L
B88: 65 | C88: 37MJ865 | D88: C - Sedan | E88: OS - On-Street | F88: A - 45 Degree | G88: L
B89: 65 | C89: 40GG022 | D89: C - Sedan | E89: OS - On-Street | F89: A - 45 Degree | G89: L
B90: 65 | C90: 87HO877 | D90: C - Sedan | E90: OS - On-Street | F90: A - 45 Degree | G90: L
B91: 65 | C91: 90VV555 | D91: C - Sedan | E91: OS - On-Street | F91: A - 45 Degree | G91: L
... B95: 65 | C95: 37RL045 | D95: T - Truck | E95: OS - On-Street | F95: A - 45 Degree | G95: L
A96: 15 - 16 | B96: 65 | C96: X031HP790 | D96: C - Sedan | E96: OS - On-Street | F96: PP - Perpendicular | G96: L
B97: 65 | C97: 94MM994 | D97: T - Truck | E97: OS - On-Street | F97: PP - Perpendicular | G97: L
B98: 65 | C98: 36NA858 | D98: C - Sedan | E98: OS - On-Street | F98: PP - Perpendicular | G98: L
B99: 65 | C99: 35TG982 | D99: C - Sedan | E99: OS - On-Street | F99: PP - Perpendicular | G99: L
B100: 65 | C100: 37MJ865 | D100: C - Sedan | E100: OS - On-Street | F100: PP - Perpendicular | G100: L
B101: 65 | C101: 37BS782 | D101: C - Sedan | E101: OS - On-Street | F101: PP - Perpendicular | G101: L
B102: 65 | C102: 87HO877 | D102: C - Sedan | E102: OS - On-Street | F102: PP - Perpendicular | G102: L
B103: 65 | C103: 90VV555 | D103: C - Sedan | E103: OS - On-Street | F103: PP - Perpendicular | G103: L
B104: 65 | C104: 1865L | D104: T - Truck | E104: OS - On-Street | F104: PP - Perpendicular | G104: L
B105: 65 | C105: 14FV004 | D105: C - Sedan | E105: OS - On-Street | F105: PP - Perpendicular | G105: L
B106: 65 | C106: 140VV101 | D106: C - Sedan | E106: OS - On-Street | F106: PP - Perpendicular | G106: L
B107: 65 | C107: 37RL045 | D107: T - Truck | E107: OS - On-Street | F107: PP - Perpendicular | G107: L
A108: 16 - 17 | B108: 65 | C108: 37PR656 | D108: C - Sedan | E108: OS - On-Street | F108: A - 45 Degree | G108: L
B109: 65 | C109: 30NN777 | D109: C - Sedan | E109: OS - On-Street | F109: A - 45 Degree | G109: L
B110: 65 | C110: 03BL103 | D110: C - Sedan | E110: OS - On-Street | F110: A - 45 Degree | G110: L
B111: 65 | C111: 94MM994 | D111: T - Truck | E111: OS - On-Street | F111: A - 45 Degree | G111: L
B112: 65 | C112: 36NA585 | D112: C - Sedan | E112: OS - On-Street | F112: A - 45 Degree | G112: L
...

Sheet 66
A1: Parking Survey Sheet
A3: Date: | B3: 46175
A4: Route #: | B4: Mega Mall
A5: Name/Surname: | B5: _____________
A7: Time | B7: Zone | C7: License Number | D7: Vehicle Type | E7: Location | F7: Parking Method | G7: Legal/Illegal
A8: 7=7:00 14=14:00 midnight=00:00 & etc. | B8: Zone XXX | C8: 11XX111 | D8: C - Sedan T - Truck M - Motorcycle | E8: OS - On-Street FP - Footpath SB - Setback | F8: PA - Parallel A - 45 Degree PP - Perpendicular | G8: L - Legal I - Illegal
A9: 7 - 8 | B9: 66 | C9: 88ZX909 | D9: C - Sedan | E9: OS - On-Street | F9: PP - Perpendicular | G9: L
B10: 66 | C10: 11LL199 | D10: C - Sedan | E10: OS - On-Street | F10: A - 45 Degree | G10: L
B11: 66 | C11: 06UU231 | D11: C - Sedan | E11: OS - On-Street | F11: A - 45 Degree | G11: L
B12: 66 | C12: 35FF418 | D12: C - Sedan | E12: SB - Setback | F12: A - 45 Degree | G12: L
B13: 66 | C13: 077RO01 | D13: C - Sedan | E13: SB - Setback | F13: PP - Perpendicular | G13: L
A14: 8 - 9 | B14: 66 | C14: 88ZX909 | D14: C - Sedan | E14: SB - Setback | F14: PP - Perpendicular | G14: L
B15: 66 | C15: 36VZ164 | D15: T - Truck | E15: SB - Setback | F15: PP - Perpendicular | G15: L
B16: 66 | C16: 11LL199 | D16: C - Sedan | E16: SB - Setback | F16: A - 45 Degree | G16: L
B17: 66 | C17: 34QQ734 | D17: C - Sedan | E17: SB - Setback | F17: A - 45 Degree | G17: L
B18: 66 | C18: 06UU231 | D18: C - Sedan | E18: SB - Setback | F18: A - 45 Degree | G18: L
B19: 66 | C19: 37SD003 | D19: C - Sedan | E19: SB - Setback | F19: A - 45 Degree | G19: L
B20: 66 | C20: 87KN987 | D20: C - Sedan | E20: SB - Setback | F20: A - 45 Degree | G20: L
B21: 66 | C21: 30PV020 | D21: C - Sedan | E21: SB - Setback | F21: A - 45 Degree | G21: L
B22: 66 | C22: 33PU148 | D22: C - Sedan | E22: SB - Setback | F22: A - 45 Degree | G22: L
B23: 66 | C23: 37DW348 | D23: C - Sedan | E23: SB - Setback | F23: A - 45 Degree | G23: L
B24: 66 | C24: 37CE212 | D24: C - Sedan | E24: SB - Setback | F24: A - 45 Degree | G24: L
B25: 66 | C25: 37QH790 | D25: C - Sedan | E25: SB - Setback | F25: A - 45 Degree | G25: L
A26: 9 - 10 | B26: 66 | C26: 88ZX909 | D26: C - Sedan | E26: SB - Setback | F26: A - 45 Degree | G26: L
B27: 66 | C27: 25GV005 | D27: C - Sedan | E27: SB - Setback | F27: A - 45 Degree | G27: L
B28: 66 | C28: О448ХА | D28: C - Sedan | E28: SB - Setback | F28: A - 45 Degree | G28: L
B29: 66 | C29: 44QU144 | D29: C - Sedan | E29: SB - Setback | F29: PP - Perpendicular | G29: L
B30: 66 | C30: 88ZV848 | D30: C - Sedan | E30: SB - Setback | F30: A - 45 Degree | G30: L
B31: 66 | C31: 11LL199 | D31: C - Sedan | E31: SB - Setback | F31: A - 45 Degree | G31: L
B32: 66 | C32: 824DA61 | D32: C - Sedan | E32: SB - Setback | F32: A - 45 Degree | G32: L
B33: 66 | C33: 35QG756 | D33: C - Sedan | E33: SB - Setback | F33: A - 45 Degree | G33: L
B34: 66 | C34: 34QQ734 | D34: C - Sedan | E34: SB - Setback | F34: A - 45 Degree | G34: L
B35: 66 | C35: 11AZ110 | D35: C - Sedan | E35: SB - Setback | F35: A - 45 Degree | G35: L
B36: 66 | C36: 06UU231 | D36: C - Sedan | E36: SB - Setback | F36: A - 45 Degree | G36: L
B37: 66 | C37: 206HJ61 | D37: C - Sedan | E37: SB - Setback | F37: A - 45 Degree | G37: L
B38: 66 | C38: 37NI984 | D38: C - Sedan | E38: SB - Setback | F38: A - 45 Degree | G38: L
... B48: 66 | C48: 37QH790 | D48: C - Sedan | E48: SB - Setback | F48: PP - Perpendicular | G48: L
A49: 10 - 11 | B49: 66 | C49: 06VH606 | D49: C - Sedan | E49: OS - On-Street | F49: A - 45 Degree | G49: L
B50: 66 | C50: 15GL444 | D50: C - Sedan | E50: OS - On-Street | F50: A - 45 Degree | G50: L
B51: 66 | C51: 88ZX909 | D51: C - Sedan | E51: OS - On-Street | F51: A - 45 Degree | G51: L
B52: 66 | C52: O448XA47 | D52: C - Sedan | E52: OS - On-Street | F52: A - 45 Degree | G52: L
B53: 66 | C53: 37RP384 | D53: C - Sedan | E53: OS - On-Street | F53: A - 45 Degree | G53: L
B54: 66 | C54: 88ZV848 | D54: C - Sedan | E54: OS - On-Street | F54: A - 45 Degree | G54: L
B55: 66 | C55: 37OR907 | D55: C - Sedan | E55: OS - On-Street | F55: A - 45 Degree | G55: L
B56: 66 | C56: 37GH210 | D56: C - Sedan | E56: OS - On-Street | F56: A - 45 Degree | G56: L
B57: 66 | C57: 35QG756 | D57: C - Sedan | E57: OS - On-Street | F57: A - 45 Degree | G57: L
B58: 66 | C58: 34QQ734 | D58: C - Sedan | E58: OS - On-Street | F58: A - 45 Degree | G58: L
B59: 66 | C59: 10AS404 | D59: C - Sedan | E59: OS - On-Street | F59: A - 45 Degree | G59: L
B60: 66 | C60: 06UU231 | D60: C - Sedan | E60: OS - On-Street | F60: A - 45 Degree | G60: L
B61: 66 | C61: 90NI090 | D61: C - Sedan | E61: OS - On-Street | F61: A - 45 Degree | G61: L
... B69: 66 | C69: 37QH790 | D69: C - Sedan | E69: OS - On-Street | F69: A - 45 Degree | G69: L
A70: 11 - 12 | B70: 66 | C70: 37QH790 | D70: C - Sedan | E70: OS - On-Street | F70: A - 45 Degree | G70: L
B71: 66 | C71: 37MH339 | D71: C - Sedan | E71: OS - On-Street | F71: A - 45 Degree | G71: L
B72: 66 | C72: 11HF101 | D72: C - Sedan | E72: OS - On-Street | F72: A - 45 Degree | G72: L
B73: 66 | C73: 37PV840 | D73: C - Sedan | E73: OS - On-Street | F73: A - 45 Degree | G73: L
B74: 66 | C74: 35VF041 | D74: C - Sedan | E74: OS - On-Street | F74: A - 45 Degree | G74: L
B75: 66 | C75: 01AK018 | D75: C - Sedan | E75: OS - On-Street | F75: A - 45 Degree | G75: L
B76: 66 | C76: 37KR510 | D76: C - Sedan | E76: OS - On-Street | F76: A - 45 Degree | G76: L
B77: 66 | C77: 55UL556 | D77: C - Sedan | E77: OS - On-Street | F77: A - 45 Degree | G77: L
B78: 66 | C78: 37NH868 | D78: C - Sedan | E78: OS - On-Street | F78: A - 45 Degree | G78: L
B79: 66 | C79: 37SE823 | D79: C - Sedan | E79: OS - On-Street | F79: A - 45 Degree | G79: L
B80: 66 | C80: 96AR996 | D80: C - Sedan | E80: OS - On-Street | F80: A - 45 Degree | G80: L
B81: 66 | C81: AH747 | D81: M - Motorcycle | E81: OS - On-Street | F81: PP - Perpendicular | G81: L
B82: 66 | C82: 35CS812 | D82: C - Sedan | E82: OS - On-Street | F82: A - 45 Degree | G82: L
... B101: 66 | C101: 90VV555 | D101: C - Sedan | E101: OS - On-Street | F101: PP - Perpendicular | G101: L
A102: 12 - 13 | B102: 66 | C102: 06VH606 | D102: C - Sedan | E102: OS - On-Street | F102: A - 45 Degree | G102: L
B103: 66 | C103: 15GL444 | D103: C - Sedan | E103: OS - On-Street | F103: A - 45 Degree | G103: L
B104: 66 | C104: 37JK930 | D104: C - Sedan | E104: OS - On-Street | F104: A - 45 Degree | G104: L
B105: 66 | C105: 56YY566 | D105: C - Sedan | E105: OS - On-Street | F105: A - 45 Degree | G105: L
B106: 66 | C106: 29JK029 | D106: C - Sedan | E106: OS - On-Street | F106: A - 45 Degree | G106: L
B107: 66 | C107: 20NN201 | D107: C - Sedan | E107: OS - On-Street | F107: A - 45 Degree | G107: L
B108: 66 | C108: 88ZV848 | D108: C - Sedan | E108: OS - On-Street | F108: A - 45 Degree | G108: L
B109: 66 | C109: 11CC600 | D109: C - Sedan | E109: OS - On-Street | F109: A - 45 Degree | G109: L
B110: 66 | C110: 37GH210 | D110: C - Sedan | E110: OS - On-Street | F110: A - 45 Degree | G110: L
B111: 66 | C111: 35QH756 | D111: C - Sedan | E111: OS - On-Street | F111: A - 45 Degree | G111: L
B112: 66 | C112: 34QQ734 | D112: C - Sedan | E112: OS - On-Street | F112: A - 45 Degree | G112: L
B113: 66 | C113: 79EX779 | D113: C - Sedan | E113: OS - On-Street | F113: A - 45 Degree | G113: L
B114: 66 | C114: 01AO100 | D114: C - Sedan | E114: OS - On-Street | F114: A - 45 Degree | G114: L
... B122: 66 | C122: 37QH790 | D122: C - Sedan | E122: OS - On-Street | F122: A - 45 Degree | G122: L
A123: 13 - 14 | B123: 66 | C123: 37QH790 | D123: C - Sedan | E123: OS - On-Street | F123: A - 45 Degree | G123: L
B124: 66 | C124: 37MH339 | D124: C - Sedan | E124: OS - On-Street | F124: PA - Parallel | G124: L
B125: 66 | C125: 28KK001 | D125: C - Sedan | E125: OS - On-Street | F125: A - 45 Degree | G125: L
B126: 66 | C126: 37NQ755 | D126: C - Sedan | E126: OS - On-Street | F126: A - 45 Degree | G126: L
B127: 66 | C127: 35VF041 | D127: C - Sedan | E127: OS - On-Street | F127: A - 45 Degree | G127: L
B128: 66 | C128: 36VF041 | D128: C - Sedan | E128: OS - On-Street | F128: A - 45 Degree | G128: L
B129: 66 | C129: 41RE777 | D129: C - Sedan | E129: OS - On-Street | F129: A - 45 Degree | G129: L
B130: 66 | C130: 13SU818 | D130: C - Sedan | E130: OS - On-Street | F130: A - 45 Degree | G130: L
B131: 66 | C131: 37RE251 | D131: C - Sedan | E131: OS - On-Street | F131: A - 45 Degree | G131: L
B132: 66 | C132: 37NI984 | D132: C - Sedan | E132: OS - On-Street | F132: A - 45 Degree | G132: L
B133: 66 | C133: 10AU100 | D133: C - Sedan | E133: OS - On-Street | F133: A - 45 Degree | G133: L
B134: 66 | C134: 79EX779 | D134: C - Sedan | E134: OS - On-Street | F134: A - 45 Degree | G134: L
B135: 66 | C135: 10ZA900 | D135: C - Sedan | E135: OS - On-Street | F135: A - 45 Degree | G135: L
... B146: 66 | C146: 06VH606 | D146: C - Sedan | E146: OS - On-Street | F146: A - 45 Degree | G146: L
A147: 14 - 15 | B147: 66 | C147: 16GL444 | D147: C - Sedan | E147: OS - On-Street | F147: A - 45 Degree | G147: L
B148: 66 | C148: 06VH606 | D148: C - Sedan | E148: OS - On-Street | F148: A - 45 Degree | G148: L
B149: 66 | C149: 03TT070 | D149: C - Sedan | E149: OS - On-Street | F149: A - 45 Degree | G149: L
B150: 66 | C150: 40DO401 | D150: C - Sedan | E150: OS - On-Street | F150: A - 45 Degree | G150: L
B151: 66 | C151: 36GG510 | D151: C - Sedan | E151: OS - On-Street | F151: A - 45 Degree | G151: L
B152: 66 | C152: 37KR506 | D152: C - Sedan | E152: OS - On-Street | F152: A - 45 Degree | G152: L
B153: 66 | C153: 88ZV848 | D153: C - Sedan | E153: OS - On-Street | F153: A - 45 Degree | G153: L
...

Sheet 67
A1: Parking Survey Sheet
A3: Date: | B3: 46175
A4: Route #: | B4: Mega Mall
A5: Name/Surname: | B5: _____________
A7: Time | B7: Zone | C7: License Number | D7: Vehicle Type | E7: Location | F7: Parking Method | G7: Legal/Illegal
A8: 7=7:00 14=14:00 midnight=00:00 & etc. | B8: Zone XXX | C8: 11XX111 | D8: C - Sedan T - Truck M - Motorcycle | E8: OS - On-Street FP - Footpath SB - Setback | F8: PA - Parallel A - 45 Degree PP - Perpendicular | G8: L - Legal I - Illegal
A9: 7 - 8 | B9: - | C9: - | D9: - | E9: - | F9: - | G9: -
A10: 8 - 9 | B10: 67 | C10: 71TI701 | D10: C - Sedan | E10: OS - On-Street | F10: A - 45 Degree | G10: L
B11: 67 | C11: 37RB427 | D11: C - Sedan | E11: OS - On-Street | F11: A - 45 Degree | G11: L
A12: 9 - 10 | B12: 67 | C12: 71TI701 | D12: C - Sedan | E12: SB - Setback | F12: A - 45 Degree | G12: L
B13: 67 | C13: 47HH044 | D13: C - Sedan | E13: SB - Setback | F13: A - 45 Degree | G13: L
B14: 67 | C14: 99YH199 | D14: C - Sedan | E14: SB - Setback | F14: A - 45 Degree | G14: L
B15: 67 | C15: 65OS199 | D15: C - Sedan | E15: SB - Setback | F15: A - 45 Degree | G15: L
B16: 67 | C16: 37VL773 | D16: C - Sedan | E16: SB - Setback | F16: A - 45 Degree | G16: L
B17: 67 | C17: 54LM548 | D17: C - Sedan | E17: SB - Setback | F17: A - 45 Degree | G17: L
A18: 10 - 11 | B18: 67 | C18: 71TI701 | D18: C - Sedan | E18: OS - On-Street | F18: A - 45 Degree | G18: L
B19: 67 | C19: 47HH044 | D19: C - Sedan | E19: OS - On-Street | F19: A - 45 Degree | G19: L
B20: 67 | C20: 001DD44 | D20: C - Sedan | E20: OS - On-Street | F20: A - 45 Degree | G20: L
B21: 67 | C21: 99YH199 | D21: C - Sedan | E21: OS - On-Street | F21: A - 45 Degree | G21: L
B22: 67 | C22: 35TN683 | D22: C - Sedan | E22: OS - On-Street | F22: A - 45 Degree | G22: L
B23: 67 | C23: 37LV773 | D23: C - Sedan | E23: OS - On-Street | F23: A - 45 Degree | G23: L
B24: 67 | C24: 54LM548 | D24: C - Sedan | E24: OS - On-Street | F24: A - 45 Degree | G24: L
B25: 67 | C25: 28QD029 | D25: C - Sedan | E25: OS - On-Street | F25: A - 45 Degree | G25: L
A26: 11 - 12 | B26: 67 | C26: 54LM548 | D26: C - Sedan | E26: OS - On-Street | F26: A - 45 Degree | G26: L
B27: 67 | C27: 37LV773 | D27: C - Sedan | E27: OS - On-Street | F27: A - 45 Degree | G27: L
B28: 67 | C28: 37TN683 | D28: C - Sedan | E28: OS - On-Street | F28: A - 45 Degree | G28: L
B29: 67 | C29: 99YH199 | D29: C - Sedan | E29: OS - On-Street | F29: A - 45 Degree | G29: L
B30: 67 | C30: 90MR909 | D30: C - Sedan | E30: OS - On-Street | F30: A - 45 Degree | G30: L
B31: 67 | C31: 47HH044 | D31: C - Sedan | E31: OS - On-Street | F31: A - 45 Degree | G31: L
B32: 67 | C32: 71TI701 | D32: C - Sedan | E32: OS - On-Street | F32: A - 45 Degree | G32: L
A33: 12 - 13 | B33: 67 | C33: 54 LM548 | D33: C - Sedan | E33: OS - On-Street | F33: A - 45 Degree | G33: L
B34: 67 | C34: 37LV773 | D34: C - Sedan | E34: OS - On-Street | F34: A - 45 Degree | G34: L
B35: 67 | C35: 66NN669 | D35: C - Sedan | E35: OS - On-Street | F35: A - 45 Degree | G35: L
B36: 67 | C36: 99YH199 | D36: C - Sedan | E36: OS - On-Street | F36: A - 45 Degree | G36: L
B37: 67 | C37: 19NN777 | D37: C - Sedan | E37: OS - On-Street | F37: A - 45 Degree | G37: L
B38: 67 | C38: 47HH044 | D38: C - Sedan | E38: OS - On-Street | F38: PA - Parallel | G38: L
B39: 67 | C39: 71TI701 | D39: C - Sedan | E39: OS - On-Street | F39: A - 45 Degree | G39: L
A40: 13 - 14 | B40: 67 | C40: 10OT099 | D40: C - Sedan | E40: OS - On-Street | F40: A - 45 Degree | G40: L
B41: 67 | C41: 37LV773 | D41: C - Sedan | E41: OS - On-Street | F41: A - 45 Degree | G41: L
B42: 67 | C42: 37TJ380 | D42: C - Sedan | E42: FP - Footpath | F42: A - 45 Degree | G42: L
B43: 67 | C43: 99YH199 | D43: C - Sedan | E43: OS - On-Street | F43: A - 45 Degree | G43: L
B44: 67 | C44: 19NN777 | D44: C - Sedan | E44: OS - On-Street | F44: A - 45 Degree | G44: L
B45: 67 | C45: 47HH044 | D45: C - Sedan | E45: OS - On-Street | F45: A - 45 Degree | G45: L
B46: 67 | C46: 71TI701 | D46: C - Sedan | E46: OS - On-Street | F46: A - 45 Degree | G46: L
A47: 14 - 15 | B47: 67 | C47: 97NO777 | D47: C - Sedan | E47: OS - On-Street | F47: PA - Parallel | G47: L
B48: 67 | C48: 37LV773 | D48: C - Sedan | E48: OS - On-Street | F48: PP - Perpendicular | G48: L
B49: 67 | C49: 37TJ380 | D49: C - Sedan | E49: OS - On-Street | F49: PP - Perpendicular | G49: L
B50: 67 | C50: 99YH199 | D50: C - Sedan | E50: OS - On-Street | F50: PP - Perpendicular | G50: L
B51: 67 | C51: 47HH044 | D51: C - Sedan | E51: OS - On-Street | F51: PP - Perpendicular | G51: L
B52: 67 | C52: 71TI701 | D52: C - Sedan | E52: OS - On-Street | F52: PP - Perpendicular | G52: L
A53: 15 - 16 | B53: 67 | C53: 37SH255 | D53: C - Sedan | E53: OS - On-Street | F53: A - 45 Degree | G53: L
B54: 67 | C54: 37LV773 | D54: C - Sedan | E54: OS - On-Street | F54: A - 45 Degree | G54: L
B55: 67 | C55: 01VV101 | D55: C - Sedan | E55: OS - On-Street | F55: A - 45 Degree | G55: L
B56: 67 | C56: 99YH199 | D56: C - Sedan | E56: OS - On-Street | F56: A - 45 Degree | G56: L
B57: 67 | C57: 37RI650 | D57: C - Sedan | E57: OS - On-Street | F57: A - 45 Degree | G57: L
B58: 67 | C58: 47HH044 | D58: C - Sedan | E58: OS - On-Street | F58: A - 45 Degree | G58: L
B59: 67 | C59: 71TI701 | D59: C - Sedan | E59: OS - On-Street | F59: A - 45 Degree | G59: L
A60: 16 - 17 | B60: 67 | C60: 78GG088 | D60: C - Sedan | E60: OS - On-Street | F60: PA - Parallel | G60: L
B61: 67 | C61: 47HH044 | D61: C - Sedan | E61: OS - On-Street | F61: A - 45 Degree | G61: L
B62: 67 | C62: 71TI701 | D62: C - Sedan | E62: OS - On-Street | F62: A - 45 Degree | G62: L
A63: 17 - 18 | B63: 67 | C63: 23NA023 | D63: C - Sedan | E63: OS - On-Street | F63: A - 45 Degree | G63: L
B64: 67 | C64: 88MW848 | D64: C - Sedan | E64: OS - On-Street | F64: A - 45 Degree | G64: L
B65: 67 | C65: 37LV773 | D65: C - Sedan | E65: OS - On-Street | F65: A - 45 Degree | G65: L
B66: 67 | C66: 37ZF136 | D66: C - Sedan | E66: OS - On-Street | F66: A - 45 Degree | G66: L
B67: 67 | C67: 77SO111 | D67: C - Sedan | E67: OS - On-Street | F67: A - 45 Degree | G67: L
B68: 67 | C68: 77UW717 | D68: C - Sedan | E68: OS - On-Street | F68: A - 45 Degree | G68: L
B69: 67 | C69: 47HH044 | D69: C - Sedan | E69: OS - On-Street | F69: A - 45 Degree | G69: L
B70: 67 | C70: 71TI701 | D70: C - Sedan | E70: OS - On-Street | F70: A - 45 Degree | G70: L
A71: 18 - 19 | B71: 67 | C71: 23NA023 | D71: C - Sedan | E71: OS - On-Street | F71: A - 45 Degree | G71: L
B72: 67 | C72: 02CC800 | D72: C - Sedan | E72: OS - On-Street | F72: A - 45 Degree | G72: L
B73: 67 | C73: 37LV773 | D73: C - Sedan | E73: OS - On-Street | F73: A - 45 Degree | G73: L
B74: 67 | C74: 37ZF136 | D74: C - Sedan | E74: OS - On-Street | F74: A - 45 Degree | G74: L
B75: 67 | C75: 01HI077 | D75: C - Sedan | E75: OS - On-Street | F75: PA - Parallel | G75: L
B76: 67 | C76: 36DT578 | D76: C - Sedan | E76: OS - On-Street | F76: A - 45 Degree | G76: L
B77: 67 | C77: 40FF400 | D77: C - Sedan | E77: OS - On-Street | F77: A - 45 Degree | G77: L
B78: 67 | C78: 71TI701 | D78: C - Sedan | E78: OS - On-Street | F78: A - 45 Degree | G78: L
A79: 19 - 20 | B79: 67 | C79: 23NA023 | D79: C - Sedan | E79: OS - On-Street | F79: A - 45 Degree | G79: L
B80: 67 | C80: 37LV773 | D80: C - Sedan | E80: OS - On-Street | F80: A - 45 Degree | G80: L
B81: 67 | C81: 37ZF136 | D81: C - Sedan | E81: OS - On-Street | F81: A - 45 Degree | G81: L
B82: 67 | C82: 36MA360 | D82: C - Sedan | E82: OS - On-Street | F82: A - 45 Degree | G82: L
B83: 67 | C83: 80BB807 | D83: C - Sedan | E83: OS - On-Street | F83: A - 45 Degree | G83: L
B84: 67 | C84: 70VD808 | D84: C - Sedan | E84: OS - On-Street | F84: A - 45 Degree | G84: L
A85: 20 - 21 | B85: 67 | C85: 23NA023 | D85: C - Sedan | E85: OS - On-Street | F85: A - 45 Degree | G85: L
B86: 67 | C86: 66MM770 | D86: C - Sedan | E86: OS - On-Street | F86: A - 45 Degree | G86: L
B87: 67 | C87: 37ZF136 | D87: C - Sedan | E87: OS - On-Street | F87: A - 45 Degree | G87: L
B88: 67 | C88: 07JJ047 | D88: C - Sedan | E88: OS - On-Street | F88: A - 45 Degree | G88: L
B89: 67 | C89: 37OG693 | D89: C - Sedan | E89: OS - On-Street | F89: A - 45 Degree | G89: L
B90: 67 | C90: 70VD808 | D90: C - Sedan | E90: OS - On-Street | F90: A - 45 Degree | G90: L
A91: 21 - 22 | B91: 67 | C91: 70VD808 | D91: C - Sedan | E91: OS - On-Street | F91: A - 45 Degree | G91: L
B92: 67 | C92: 10ZX022 | D92: C - Sedan | E92: OS - On-Street | F92: A - 45 Degree | G92: L
B93: 67 | C93: 19OO001 | D93: C - Sedan | E93: OS - On-Street | F93: A - 45 Degree | G93: L
B94: 67 | C94: 10VR770 | D94: C - Sedan | E94: OS - On-Street | F94: A - 45 Degree | G94: L
B95: 67 | C95: 23NA023 | D95: C - Sedan | E95: OS - On-Street | F95: A - 45 Degree | G95: L
A96: 22 - 23 | B96: 67 | C96: - | D96: - | E96: - | F96: - | G96: -

Sheet 68
A1: Parking Survey Sheet
A3: Date: | B3: 46175
A4: Route #: | B4: Mega Mall
A5: Name/Surname: | B5: _____________
A7: Time | B7: Zone | C7: License Number | D7: Vehicle Type | E7: Location | F7: Parking Method | G7: Legal/Illegal
A8: 7=7:00 14=14:00 midnight=00:00 & etc. | B8: Zone XXX | C8: 11XX111 | D8: C - Sedan T - Truck M - Motorcycle | E8: OS - On-Street FP - Footpath SB - Setback | F8: PA - Parallel A - 45 Degree PP - Perpendicular | G8: L - Legal I - Illegal
A9: 7 - 8 | B9: 68 | C9: 12AH112 | D9: C - Sedan | E9: SB - Setback | F9: PP - Perpendicular | G9: L
B10: 68 | C10: 333XX37 | D10: C - Sedan | E10: SB - Setback | F10: A - 45 Degree | G10: L
A11: 8 - 9 | B11: - | C11: - | D11: - | E11: - | F11: - | G11: -
A12: 9 - 10 | B12: 68 | C12: 34RT069 | D12: C - Sedan | E12: OS - On-Street | F12: PA - Parallel | G12: L
B13: 68 | C13: 50CC066 | D13: C - Sedan | E13: OS - On-Street | F13: PA - Parallel | G13: L
B14: 68 | C14: 97ZQ777 | D14: C - Sedan | E14: OS - On-Street | F14: PA - Parallel | G14: L
A15: 10 - 11 | B15: 68 | C15: 97ZQ777 | D15: C - Sedan | E15: OS - On-Street | F15: PA - Parallel | G15: L
B16: 68 | C16: 10IA110 | D16: C - Sedan | E16: OS - On-Street | F16: PA - Parallel | G16: L
B17: 68 | C17: 34PT069 | D17: C - Sedan | E17: OS - On-Street | F17: PA - Parallel | G17: L
B18: 68 | C18: 37JZ498 | D18: C - Sedan | E18: OS - On-Street | F18: PA - Parallel | G18: L
A19: 11 - 12 | B19: 68 | C19: 97ZQ777 | D19: C - Sedan | E19: OS - On-Street | F19: PA - Parallel | G19: L
B20: 68 | C20: 10IA110 | D20: C - Sedan | E20: OS - On-Street | F20: PA - Parallel | G20: L
B21: 68 | C21: 34PT069 | D21: C - Sedan | E21: OS - On-Street | F21: PA - Parallel | G21: L
B22: 68 | C22: 37JZ498 | D22: C - Sedan | E22: OS - On-Street | F22: PA - Parallel | G22: L
A23: 12 - 13 | B23: 68 | C23: 97ZQ777 | D23: C - Sedan | E23: OS - On-Street | F23: PA - Parallel | G23: L
B24: 68 | C24: 10IA110 | D24: C - Sedan | E24: OS - On-Street | F24: PA - Parallel | G24: L
B25: 68 | C25: 34PT069 | D25: C - Sedan | E25: OS - On-Street | F25: PA - Parallel | G25: L
B26: 68 | C26: 37JZ498 | D26: C - Sedan | E26: OS - On-Street | F26: PA - Parallel | G26: L
A27: 13 - 14 | B27: 68 | C27: 10IA110 | D27: C - Sedan | E27: OS - On-Street | F27: PA - Parallel | G27: L
B28: 68 | C28: 34PT069 | D28: C - Sedan | E28: OS - On-Street | F28: PA - Parallel | G28: L
B29: 68 | C29: 37JZ498 | D29: C - Sedan | E29: OS - On-Street | F29: PA - Parallel | G29: L
A30: 14 - 15 | B30: 68 | C30: 97ZQ777 | D30: C - Sedan | E30: OS - On-Street | F30: PA - Parallel | G30: L
B31: 68 | C31: 10IA110 | D31: C - Sedan | E31: OS - On-Street | F31: PA - Parallel | G31: L
B32: 68 | C32: 37NO669 | D32: C - Sedan | E32: OS - On-Street | F32: PP - Perpendicular | G32: L
B33: 68 | C33: 37JZ498 | D33: C - Sedan | E33: OS - On-Street | F33: PA - Parallel | G33: L
A34: 15 - 16 | B34: 68 | C34: 10IA110 | D34: C - Sedan | E34: OS - On-Street | F34: PA - Parallel | G34: L
B35: 68 | C35: 37JZ498 | D35: C - Sedan | E35: OS - On-Street | F35: PA - Parallel | G35: L
A36: 16 - 17 | B36: 68 | C36: 10AI110 | D36: C - Sedan | E36: OS - On-Street | F36: PA - Parallel | G36: L
B37: 68 | C37: 97ZQ777 | D37: C - Sedan | E37: OS - On-Street | F37: PA - Parallel | G37: L
B38: 68 | C38: 34PT069 | D38: C - Sedan | E38: OS - On-Street | F38: PA - Parallel | G38: L
B39: 68 | C39: 37JZ498 | D39: C - Sedan | E39: OS - On-Street | F39: PA - Parallel | G39: L
B40: 68 | C40: 35GV931 | D40: C - Sedan | E40: OS - On-Street | F40: PA - Parallel | G40: L
A41: 17 - 18 | B41: 68 | C41: 10IA110 | D41: C - Sedan | E41: OS - On-Street | F41: PA - Parallel | G41: L
B42: 68 | C42: 34PT069 | D42: C - Sedan | E42: OS - On-Street | F42: PA - Parallel | G42: L
B43: 68 | C43: 37JZ498 | D43: C - Sedan | E43: OS - On-Street | F43: PA - Parallel | G43: L
A44: 18 - 19 | B44: 68 | C44: 34PT069 | D44: C - Sedan | E44: OS - On-Street | F44: PA - Parallel | G44: L
A45: 19 - 20 | B45: 68 | C45: 90AG190 | D45: C - Sedan | E45: OS - On-Street | F45: PA - Parallel | G45: L
B46: 68 | C46: 13OU235 | D46: C - Sedan | E46: OS - On-Street | F46: PA - Parallel | G46: L
A47: 20 - 21 | B47: 68 | C47: - | D47: - | E47: - | F47: - | G47: -
A48: 21 - 22 | B48: 68 | C48: 88EM855 | D48: C - Sedan | E48: OS - On-Street | F48: PA - Parallel | G48: L
B49: 68 | C49: 07GH717 | D49: C - Sedan | E49: OS - On-Street | F49: PA - Parallel | G49: L
B50: 68 | C50: 97ZQ777 | D50: C - Sedan | E50: SB - Setback | F50: PA - Parallel | G50: L
B51: 68 | C51: 37PL762 | D51: C - Sedan | E51: SB - Setback | F51: PA - Parallel | G51: L
B52: 68 | C52: 21DY021 | D52: C - Sedan | E52: SB - Setback | F52: PP - Perpendicular | G52: L
B53: 68 | C53: 92OZ222 | D53: C - Sedan | E53: SB - Setback | F53: PP - Perpendicular | G53: L
B54: 68 | C54: 01VM202 | D54: C - Sedan | E54: SB - Setback | F54: A - 45 Degree | G54: L
A55: 22 - 23 | B55: 68 | C55: 44EE321 | D55: C - Sedan | E55: OS - On-Street | F55: PA - Parallel | G55: L
B56: 68 | C56: 97ZQ777 | D56: C - Sedan | E56: OS - On-Street | F56: PA - Parallel | G56: L

Sheet 69
A1: Parking Survey Sheet
A3: Date: | B3: 46175
A4: Route #: | B4: Mega Mall
A5: Name/Surname: | B5: _____________
A7: Time | B7: Zone | C7: License Number | D7: Vehicle Type | E7: Location | F7: Parking Method | G7: Legal/Illegal
A8: 7=7:00 14=14:00 midnight=00:00 & etc. | B8: Zone XXX | C8: 11XX111 | D8: C - Sedan T - Truck M - Motorcycle | E8: OS - On-Street FP - Footpath SB - Setback | F8: PA - Parallel A - 45 Degree PP - Perpendicular | G8: L - Legal I - Illegal
A9: 7 - 8 | B9: 69 | C9: 70CC075 | D9: C - Sedan | E9: SB - Setback | F9: A - 45 Degree | G9: L
B10: 69 | C10: 37ZR224 | D10: C - Sedan | E10: SB - Setback | F10: A - 45 Degree | G10: L
B11: 69 | C11: 37MH952 | D11: C - Sedan | E11: SB - Setback | F11: A - 45 Degree | G11: L
A12: 8 - 9 | B12: 69 | C12: 71IP001 | D12: C - Sedan | E12: OS - On-Street | F12: A - 45 Degree | G12: L
B13: 69 | C13: 37NH608 | D13: C - Sedan | E13: OS - On-Street | F13: A - 45 Degree | G13: L
B14: 69 | C14: 01QK055 | D14: C - Sedan | E14: OS - On-Street | F14: A - 45 Degree | G14: L
B15: 69 | C15: 37HO296 | D15: C - Sedan | E15: OS - On-Street | F15: A - 45 Degree | G15: L
B16: 69 | C16: 55XR554 | D16: C - Sedan | E16: OS - On-Street | F16: A - 45 Degree | G16: L
B17: 69 | C17: 36VC014 | D17: C - Sedan | E17: OS - On-Street | F17: A - 45 Degree | G17: L
B18: 69 | C18: 07CC101 | D18: C - Sedan | E18: OS - On-Street | F18: A - 45 Degree | G18: L
A19: 9 - 10 | B19: 69 | C19: 07CC101 | D19: C - Sedan | E19: SB - Setback | F19: A - 45 Degree | G19: L
B20: 69 | C20: 10GM300 | D20: C - Sedan | E20: SB - Setback | F20: A - 45 Degree | G20: L
B21: 69 | C21: 04AG044 | D21: C - Sedan | E21: SB - Setback | F21: A - 45 Degree | G21: L
B22: 69 | C22: 34TM867 | D22: C - Sedan | E22: SB - Setback | F22: A - 45 Degree | G22: L
B23: 69 | C23: 01GD015 | D23: C - Sedan | E23: SB - Setback | F23: A - 45 Degree | G23: L
B24: 69 | C24: 37MA228 | D24: C - Sedan | E24: SB - Setback | F24: A - 45 Degree | G24: L
B25: 69 | C25: 17QU017 | D25: C - Sedan | E25: SB - Setback | F25: A - 45 Degree | G25: L
B26: 69 | C26: 60LM088 | D26: C - Sedan | E26: SB - Setback | F26: A - 45 Degree | G26: L
B27: 69 | C27: 10NR500 | D27: C - Sedan | E27: SB - Setback | F27: A - 45 Degree | G27: L
B28: 69 | C28: 01DR044 | D28: C - Sedan | E28: SB - Setback | F28: A - 45 Degree | G28: L
A29: 10 - 11 | B29: 69 | C29: 01DR044 | D29: C - Sedan | E29: OS - On-Street | F29: PP - Perpendicular | G29: L
B30: 69 | C30: 10NR | D30: C - Sedan | E30: OS - On-Street | F30: A - 45 Degree | G30: L
B31: 69 | C31: 60LM088 | D31: C - Sedan | E31: OS - On-Street | F31: A - 45 Degree | G31: L
B32: 69 | C32: 71JZ007 | D32: C - Sedan | E32: OS - On-Street | F32: A - 45 Degree | G32: L
B33: 69 | C33: 17QU017 | D33: C - Sedan | E33: OS - On-Street | F33: A - 45 Degree | G33: L
B34: 69 | C34: 37EP315 | D34: C - Sedan | E34: OS - On-Street | F34: A - 45 Degree | G34: L
B35: 69 | C35: 50AA909 | D35: C - Sedan | E35: OS - On-Street | F35: A - 45 Degree | G35: L
B36: 69 | C36: 08UJ080 | D36: C - Sedan | E36: OS - On-Street | F36: A - 45 Degree | G36: L
B37: 69 | C37: 37PY649 | D37: C - Sedan | E37: OS - On-Street | F37: A - 45 Degree | G37: L
B38: 69 | C38: 04AG044 | D38: C - Sedan | E38: OS - On-Street | F38: A - 45 Degree | G38: L
B39: 69 | C39: 07NE077 | D39: C - Sedan | E39: OS - On-Street | F39: A - 45 Degree | G39: L
B40: 69 | C40: 07CC101 | D40: C - Sedan | E40: OS - On-Street | F40: A - 45 Degree | G40: L
B41: 69 | C41: 23AN300 | D41: C - Sedan | E41: OS - On-Street | F41: PA - Parallel | G41: L
A42: 11 - 12 | B42: 69 | C42: 01DR044 | D42: C - Sedan | E42: OS - On-Street | F42: PP - Perpendicular | G42: L
B43: 69 | C43: 10NR | D43: C - Sedan | E43: OS - On-Street | F43: A - 45 Degree | G43: L
B44: 69 | C44: 60LM088 | D44: C - Sedan | E44: OS - On-Street | F44: A - 45 Degree | G44: L
B45: 69 | C45: 71JZ007 | D45: C - Sedan | E45: OS - On-Street | F45: A - 45 Degree | G45: L
B46: 69 | C46: 17QU017 | D46: C - Sedan | E46: OS - On-Street | F46: A - 45 Degree | G46: L
B47: 69 | C47: 37EP315 | D47: C - Sedan | E47: OS - On-Street | F47: A - 45 Degree | G47: L
B48: 69 | C48: 50AA909 | D48: C - Sedan | E48: OS - On-Street | F48: A - 45 Degree | G48: L
B49: 69 | C49: 08UJ080 | D49: C - Sedan | E49: OS - On-Street | F49: A - 45 Degree | G49: L
B50: 69 | C50: 37PY649 | D50: C - Sedan | E50: OS - On-Street | F50: A - 45 Degree | G50: L
B51: 69 | C51: 04AG044 | D51: C - Sedan | E51: OS - On-Street | F51: A - 45 Degree | G51: L
B52: 69 | C52: 07NE077 | D52: C - Sedan | E52: OS - On-Street | F52: A - 45 Degree | G52: L
B53: 69 | C53: 07CC101 | D53: C - Sedan | E53: OS - On-Street | F53: A - 45 Degree | G53: L
B54: 69 | C54: 23AN300 | D54: C - Sedan | E54: OS - On-Street | F54: PA - Parallel | G54: L
A55: 12 - 13 | B55: 69 | C55: 01DR044 | D55: C - Sedan | E55: OS - On-Street | F55: A - 45 Degree | G55: L
B56: 69 | C56: 10NR500 | D56: C - Sedan | E56: OS - On-Street | F56: A - 45 Degree | G56: L
B57: 69 | C57: 60LM088 | D57: C - Sedan | E57: OS - On-Street | F57: A - 45 Degree | G57: L
B58: 69 | C58: 71JZ007 | D58: C - Sedan | E58: OS - On-Street | F58: A - 45 Degree | G58: L
B59: 69 | C59: 17QU017 | D59: C - Sedan | E59: OS - On-Street | F59: PA - Parallel | G59: L
B60: 69 | C60: 05SZ101 | D60: C - Sedan | E60: OS - On-Street | F60: A - 45 Degree | G60: L
B61: 69 | C61: 70RN011 | D61: C - Sedan | E61: OS - On-Street | F61: A - 45 Degree | G61: L
B62: 69 | C62: 37SH470 | D62: C - Sedan | E62: OS - On-Street | F62: A - 45 Degree | G62: L
B63: 69 | C63: 37OH765 | D63: C - Sedan | E63: OS - On-Street | F63: A - 45 Degree | G63: L
B64: 69 | C64: 07CC101 | D64: C - Sedan | E64: OS - On-Street | F64: A - 45 Degree | G64: L
A65: 13 - 14 | B65: 69 | C65: 10NR500 | D65: C - Sedan | E65: OS - On-Street | F65: A - 45 Degree | G65: L
B66: 69 | C66: 77OQ797 | D66: C - Sedan | E66: OS - On-Street | F66: A - 45 Degree | G66: L
B67: 69 | C67: 60LM088 | D67: C - Sedan | E67: OS - On-Street | F67: A - 45 Degree | G67: L
B68: 69 | C68: 77JZ007 | D68: C - Sedan | E68: OS - On-Street | F68: A - 45 Degree | G68: L
B69: 69 | C69: 17QU017 | D69: C - Sedan | E69: OS - On-Street | F69: A - 45 Degree | G69: L
B70: 69 | C70: 02II005 | D70: C - Sedan | E70: OS - On-Street | F70: A - 45 Degree | G70: L
B71: 69 | C71: 56AR565 | D71: C - Sedan | E71: OS - On-Street | F71: A - 45 Degree | G71: L
B72: 69 | C72: 500VVV50 | D72: C - Sedan | E72: OS - On-Street | F72: A - 45 Degree | G72: L
B73: 69 | C73: 37SH470 | D73: C - Sedan | E73: OS - On-Street | F73: A - 45 Degree | G73: L
B74: 69 | C74: 37PQ751 | D74: C - Sedan | E74: OS - On-Street | F74: A - 45 Degree | G74: L
B75: 69 | C75: 37OH765 | D75: C - Sedan | E75: OS - On-Street | F75: A - 45 Degree | G75: L
B76: 69 | C76: 07CC101 | D76: C - Sedan | E76: OS - On-Street | F76: A - 45 Degree | G76: L
A77: 14 - 15 | B77: 69 | C77: 54LM548 | D77: C - Sedan | E77: OS - On-Street | F77: A - 45 Degree | G77: L
B78: 69 | C78: 10NR500 | D78: C - Sedan | E78: OS - On-Street | F78: A - 45 Degree | G78: L
B79: 69 | C79: 60LM088 | D79: C - Sedan | E79: OS - On-Street | F79: A - 45 Degree | G79: L
B80: 69 | C80: 71JZ007 | D80: C - Sedan | E80: OS - On-Street | F80: A - 45 Degree | G80: L
B81: 69 | C81: 80HE707 | D81: C - Sedan | E81: OS - On-Street | F81: A - 45 Degree | G81: L
B82: 69 | C82: 04TT050 | D82: C - Sedan | E82: OS - On-Street | F82: A - 45 Degree | G82: L
B83: 69 | C83: 22RE221 | D83: C - Sedan | E83: OS - On-Street | F83: A - 45 Degree | G83: L
B84: 69 | C84: 10XP110 | D84: C - Sedan | E84: OS - On-Street | F84: A - 45 Degree | G84: L
B85: 69 | C85: 37SH470 | D85: C - Sedan | E85: OS - On-Street | F85: A - 45 Degree | G85: L
B86: 69 | C86: 36UZ821 | D86: C - Sedan | E86: OS - On-Street | F86: A - 45 Degree | G86: L
B87: 69 | C87: 37OH765 | D87: C - Sedan | E87: OS - On-Street | F87: A - 45 Degree | G87: L
B88: 69 | C88: 07CC101 | D88: C - Sedan | E88: OS - On-Street | F88: A - 45 Degree | G88: L
A89: 15 - 16 | B89: 69 | C89: 07CC101 | D89: C - Sedan | E89: OS - On-Street | F89: A - 45 Degree | G89: L
B90: 69 | C90: 54LM548 | D90: C - Sedan | E90: OS - On-Street | F90: A - 45 Degree | G90: L
B91: 69 | C91: 60LM088 | D91: C - Sedan | E91: OS - On-Street | F91: A - 45 Degree | G91: L
B92: 69 | C92: 10NR500 | D92: C - Sedan | E92: OS - On-Street | F92: A - 45 Degree | G92: L
B93: 69 | C93: 71JZ007 | D93: C - Sedan | E93: OS - On-Street | F93: A - 45 Degree | G93: L
B94: 69 | C94: 25YY055 | D94: C - Sedan | E94: OS - On-Street | F94: A - 45 Degree | G94: L
B95: 69 | C95: 10XP110 | D95: C - Sedan | E95: OS - On-Street | F95: A - 45 Degree | G95: L
B96: 69 | C96: 37ZX379 | D96: C - Sedan | E96: OS - On-Street | F96: A - 45 Degree | G96: L
B97: 69 | C97: 35TD182 | D97: C - Sedan | E97: OS - On-Street | F97: A - 45 Degree | G97: L
B98: 69 | C98: 37SH470 | D98: C - Sedan | E98: OS - On-Street | F98: A - 45 Degree | G98: L
B99: 69 | C99: 37HV869 | D99: C - Sedan | E99: OS - On-Street | F99: A - 45 Degree | G99: L
B100: 69 | C100: 13AA131 | D100: C - Sedan | E100: OS - On-Street | F100: A - 45 Degree | G100: L
B101: 69 | C101: 34PT069 | D101: C - Sedan | E101: OS - On-Street | F101: PA - Parallel | G101: L
A102: 16 - 17 | B102: 69 | C102: 54LM548 | D102: C - Sedan | E102: OS - On-Street | F102: A - 45 Degree | G102: L
...

Sheet P
A1: Parking Survey Sheet
A3: Date: | B3: 46175
A4: Route #: | B4: Mega Mall
A5: Name/Surname: | B5: _____________
A7: Time | B7: Zone | C7: License Number | D7: Vehicle Type | E7: Location | F7: Parking Method | G7: Legal/Illegal
A8: 7=7:00 14=14:00 midnight=00:00 & etc. | B8: Zone XXX | C8: 11XX111 | D8: C - Sedan T - Truck M - Motorcycle | E8: OS - On-Street FP - Footpath SB - Setback | F8: PA - Parallel A - 45 Degree PP - Perpendicular | G8: L - Legal I - Illegal
A9: 7 - 8 | B9: P | C9: 37SG316 | D9: C - Sedan | E9: SB - Setback | F9: PP - Perpendicular | G9: L
B10: P | C10: 13SL038 | D10: C - Sedan | E10: SB - Setback | F10: PP - Perpendicular | G10: L
B11: P | C11: 37AC595 | D11: C - Sedan | E11: SB - Setback | F11: PP - Perpendicular | G11: L
B12: P | C12: 90XY100 | D12: C - Sedan | E12: SB - Setback | F12: PP - Perpendicular | G12: L
B13: P | C13: 10OU700 | D13: C - Sedan | E13: SB - Setback | F13: PP - Perpendicular | G13: L
B14: P | C14: 11OO100 | D14: C - Sedan | E14: SB - Setback | F14: PP - Perpendicular | G14: L
B15: P | C15: 16UU777 | D15: C - Sedan | E15: SB - Setback | F15: PP - Perpendicular | G15: L
B16: P | C16: 66GG055 | D16: C - Sedan | E16: SB - Setback | F16: PP - Perpendicular | G16: L
B17: P | C17: 50AB055 | D17: C - Sedan | E17: SB - Setback | F17: PP - Perpendicular | G17: L
B18: P | C18: no number | D18: C - Sedan | E18: SB - Setback | F18: PP - Perpendicular | G18: L
A19: 8 - 9 | B19: P | C19: 11OO100 | D19: C - Sedan | E19: SB - Setback | F19: PP - Perpendicular | G19: L
B20: P | C20: no number | D20: C - Sedan | E20: SB - Setback | F20: PP - Perpendicular | G20: L
B21: P | C21: 48ZZ008 | D21: C - Sedan | E21: SB - Setback | F21: PP - Perpendicular | G21: L
B22: P | C22: 50AB055 | D22: C - Sedan | E22: SB - Setback | F22: PP - Perpendicular | G22: L
B23: P | C23: 66GG055 | D23: C - Sedan | E23: SB - Setback | F23: PP - Perpendicular | G23: L
B24: P | C24: 16UU777 | D24: C - Sedan | E24: SB - Setback | F24: PP - Perpendicular | G24: L
B25: P | C25: 34AS959 | D25: C - Sedan | E25: SB - Setback | F25: PP - Perpendicular | G25: L
B26: P | C26: 37SG316 | D26: C - Sedan | E26: SB - Setback | F26: PP - Perpendicular | G26: L
B27: P | C27: 90XY100 | D27: C - Sedan | E27: SB - Setback | F27: PP - Perpendicular | G27: L
B28: P | C28: 13SL038 | D28: C - Sedan | E28: SB - Setback | F28: PP - Perpendicular | G28: L
B29: P | C29: 37AC595 | D29: C - Sedan | E29: SB - Setback | F29: PP - Perpendicular | G29: L
B30: P | C30: 10OU700 | D30: C - Sedan | E30: SB - Setback | F30: PP - Perpendicular | G30: L
A31: 9 - 10 | B31: P | C31: 10OU700 | D31: T - Truck | E31: SB - Setback | F31: PP - Perpendicular | G31: L
B32: P | C32: 19OO001 | D32: C - Sedan | E32: SB - Setback | F32: PP - Perpendicular | G32: L
B33: P | C33: 10TT808 | D33: C - Sedan | E33: SB - Setback | F33: PP - Perpendicular | G33: L
B34: P | C34: 90XY100 | D34: C - Sedan | E34: SB - Setback | F34: PP - Perpendicular | G34: L
B35: P | C35: 37AC595 | D35: C - Sedan | E35: SB - Setback | F35: PP - Perpendicular | G35: L
B36: P | C36: 90XH100 | D36: C - Sedan | E36: SB - Setback | F36: PP - Perpendicular | G36: L
B37: P | C37: 13SL038 | D37: C - Sedan | E37: SB - Setback | F37: PP - Perpendicular | G37: L
B38: P | C38: 37SG316 | D38: C - Sedan | E38: SB - Setback | F38: PP - Perpendicular | G38: L
B39: P | C39: 30LL677 | D39: C - Sedan | E39: SB - Setback | F39: PP - Perpendicular | G39: L
B40: P | C40: 37CW708 | D40: C - Sedan | E40: SB - Setback | F40: PP - Perpendicular | G40: L
B41: P | C41: 34AS959 | D41: C - Sedan | E41: SB - Setback | F41: PP - Perpendicular | G41: L
B42: P | C42: 16UU777 | D42: C - Sedan | E42: SB - Setback | F42: PP - Perpendicular | G42: L
B43: P | C43: 66GG055 | D43: C - Sedan | E43: SB - Setback | F43: PP - Perpendicular | G43: L
... B48: P | C48: 48ZZ008 | D48: C - Sedan | E48: SB - Setback | F48: PP - Perpendicular | G48: L
A49: 10 - 11 | B49: P | C49: 50AB055 | D49: C - Sedan | E49: OS - On-Street | F49: PP - Perpendicular | G49: L
B50: P | C50: 66GG055 | D50: C - Sedan | E50: OS - On-Street | F50: PP - Perpendicular | G50: L
B51: P | C51: 16UU777 | D51: C - Sedan | E51: OS - On-Street | F51: PP - Perpendicular | G51: L
B52: P | C52: 34AS959 | D52: C - Sedan | E52: OS - On-Street | F52: PP - Perpendicular | G52: L
B53: P | C53: 08QL808 | D53: C - Sedan | E53: OS - On-Street | F53: PP - Perpendicular | G53: L
B54: P | C54: 36FX358 | D54: C - Sedan | E54: OS - On-Street | F54: PP - Perpendicular | G54: L
B55: P | C55: 37CW708 | D55: C - Sedan | E55: OS - On-Street | F55: PP - Perpendicular | G55: L
B56: P | C56: 30LL677 | D56: C - Sedan | E56: OS - On-Street | F56: PP - Perpendicular | G56: L
B57: P | C57: 30AO355 | D57: C - Sedan | E57: OS - On-Street | F57: PP - Perpendicular | G57: L
B58: P | C58: 43JG045 | D58: C - Sedan | E58: OS - On-Street | F58: PP - Perpendicular | G58: L
B59: P | C59: 37MT593 | D59: C - Sedan | E59: OS - On-Street | F59: PA - Parallel | G59: L
B60: P | C60: 10VR007 | D60: C - Sedan | E60: OS - On-Street | F60: PP - Perpendicular | G60: L
B61: P | C61: 36LM006 | D61: C - Sedan | E61: OS - On-Street | F61: PP - Perpendicular | G61: L
... B106: P | C106: 92AB002 | D106: C - Sedan | E106: OS - On-Street | F106: PA - Parallel | G106: L
A107: 11 - 12 | B107: P | C107: 37TJ380 | D107: C - Sedan | E107: OS - On-Street | F107: PA - Parallel | G107: L
B108: P | C108: 30NO030 | D108: C - Sedan | E108: OS - On-Street | F108: A - 45 Degree | G108: L
B109: P | C109: 71VA700 | D109: C - Sedan | E109: OS - On-Street | F109: A - 45 Degree | G109: L
B110: P | C110: 08ME808 | D110: C - Sedan | E110: OS - On-Street | F110: A - 45 Degree | G110: L
B111: P | C111: 07BI707 | D111: C - Sedan | E111: OS - On-Street | F111: A - 45 Degree | G111: L
B112: P | C112: 08QO707 | D112: C - Sedan | E112: OS - On-Street | F112: A - 45 Degree | G112: L
B113: P | C113: 37JK465 | D113: C - Sedan | E113: OS - On-Street | F113: A - 45 Degree | G113: L
B114: P | C114: 08GD080 | D114: C - Sedan | E114: OS - On-Street | F114: PA - Parallel | G114: L
B115: P | C115: 10UO700 | D115: T - Truck | E115: OS - On-Street | F115: A - 45 Degree | G115: L
B116: P | C116: 17TI717 | D116: C - Sedan | E116: OS - On-Street | F116: A - 45 Degree | G116: L
B117: P | C117: 07GS001 | D117: C - Sedan | E117: OS - On-Street | F117: A - 45 Degree | G117: L
B118: P | C118: 01RH007 | D118: C - Sedan | E118: OS - On-Street | F118: A - 45 Degree | G118: L
B119: P | C119: 73OU777 | D119: C - Sedan | E119: OS - On-Street | F119: A - 45 Degree | G119: L
... B143: P | C143: 34OD083 | D143: C - Sedan | E143: OS - On-Street | F143: A - 45 Degree | G143: L
A144: 12 - 13 | B144: p | C144: 77TC117 | D144: C - Sedan | E144: OS - On-Street | F144: PA - Parallel | G144: L
B145: p | C145: 50AB055 | D145: C - Sedan | E145: OS - On-Street | F145: PA - Parallel | G145: L
B146: p | C146: 36LM006 | D146: C - Sedan | E146: OS - On-Street | F146: PA - Parallel | G146: L
B147: p | C147: 77TC117 | D147: C - Sedan | E147: OS - On-Street | F147: PA - Parallel | G147: L
B148: p | C148: 77UL757 | D148: C - Sedan | E148: OS - On-Street | F148: PA - Parallel | G148: L
B149: p | C149: 34OD083 | D149: C - Sedan | E149: OS - On-Street | F149: PA - Parallel | G149: L
B150: p | C150: 66GG055 | D150: C - Sedan | E150: OS - On-Street | F150: PA - Parallel | G150: L
B151: p | C151: 37CH449 | D151: C - Sedan | E151: OS - On-Street | F151: PA - Parallel | G151: L
B152: p | C152: 99SV979 | D152: C - Sedan | E152: OS - On-Street | F152: PP - Perpendicular | G152: L
B153: p | C153: 37KV079 | D153: C - Sedan | E153: OS - On-Street | F153: PA - Parallel | G153: L
B154: p | C154: 34AS959 | D154: C - Sedan | E154: OS - On-Street | F154: PA - Parallel | G154: L
B155: p | C155: 36FX358 | D155: C - Sedan | E155: OS - On-Street | F155: PA - Parallel | G155: L
B156: p | C156: 37BP971 | D156: C - Sedan | E156: OS - On-Street | F156: PA - Parallel | G156: L
... B199: p | C199: 07BI707 | D199: C - Sedan | E199: OS - On-Street | F199: PA - Parallel | G199: L
A200: 13 - 14 | B200: P | C200: 57CQ007 | D200: T - Truck | E200: OS - On-Street | F200: A - 45 Degree | G200: L
B201: P | C201: 37LM006 | D201: C - Sedan | E201: OS - On-Street | F201: A - 45 Degree | G201: L
B202: P | C202: 05DL501 | D202: C - Sedan | E202: OS - On-Street | F202: A - 45 Degree | G202: L
B203: P | C203: 06AA808 | D203: C - Sedan | E203: OS - On-Street | F203: A - 45 Degree | G203: L
B204: P | C204: 38MT593 | D204: C - Sedan | E204: OS - On-Street | F204: A - 45 Degree | G204: L
B205: P | C205: 99SV979 | D205: C - Sedan | E205: OS - On-Street | F205: PA - Parallel | G205: L
B206: P | C206: 34OD083 | D206: C - Sedan | E206: OS - On-Street | F206: A - 45 Degree | G206: L
B207: P | C207: 50AB055 | D207: C - Sedan | E207: OS - On-Street | F207: A - 45 Degree | G207: L
B208: P | C208: 66GG055 | D208: C - Sedan | E208: OS - On-Street | F208: A - 45 Degree | G208: L
B209: P | C209: 07DM777 | D209: C - Sedan | E209: OS - On-Street | F209: A - 45 Degree | G209: L
B210: P | C210: 34AS959 | D210: C - Sedan | E210: OS - On-Street | F210: A - 45 Degree | G210: L
B211: P | C211: 37PY894 | D211: C - Sedan | E211: OS - On-Street | F211: A - 45 Degree | G211: L
B212: P | C212: 20FF088 | D212: C - Sedan | E212: OS - On-Street | F212: A - 45 Degree | G212: L
... B255: P | C255: 10TT808 | D255: C - Sedan | E255: OS - On-Street | F255: A - 45 Degree | G255: L
A256: 14 - 15 | B256: p | C256: 34OD083 | D256: C - Sedan | E256: OS - On-Street | F256: PA - Parallel | G256: L
B257: p | C257: 51XD005 | D257: C - Sedan | E257: OS - On-Street | F257: PA - Parallel | G257: L
...

Sheet United Data
A1: Time | B1: Zone | C1: License Number | D1: Vehicle Type | E1: Location | F1: Parking Method | G1: Legal/Illegal
A2: 7=7:00 14=14:00 midnight=00:00 & etc. | B2: Zone XXX | C2: 11XX111 | D2: C - Sedan T - Truck M - Motorcycle | E2: OS - On-Street FP - Footpath SB - Setback | F2: PA - Parallel A - 45 Degree PP - Perpendicular | G2: L - Legal I - Illegal
A3: 7 | B3: 60 | C3: 07IL007 | D3: C - Sedan | E3: SB - Setback | F3: PP - Perpendicular | G3: L
A4: 7 | B4: 60 | C4: 99PD990 | D4: C - Sedan | E4: SB - Setback | F4: PP - Perpendicular | G4: L
A5: 7 | B5: 60 | C5: 28LS242 | D5: C - Sedan | E5: SB - Setback | F5: PP - Perpendicular | G5: L
A6: 9 | B6: 60 | C6: 50WV551 | D6: C - Sedan | E6: OS - On-Street | F6: PA - Parallel | G6: L
A7: 11 | B7: 60 | C7: 37HJ375 | D7: C - Sedan | E7: OS - On-Street | F7: PA - Parallel | G7: L
A8: 11 | B8: 60 | C8: 37NF169 | D8: C - Sedan | E8: OS - On-Street | F8: PA - Parallel | G8: L
A9: 11 | B9: 60 | C9: 73DG737 | D9: C - Sedan | E9: OS - On-Street | F9: A - 45 Degree | G9: L
A10: 11 | B10: 60 | C10: 37NF169 | D10: C - Sedan | E10: OS - On-Street | F10: PA - Parallel | G10: L
A11: 11 | B11: 60 | C11: 37HJ375 | D11: C - Sedan | E11: OS - On-Street | F11: PA - Parallel | G11: L
A12: 12 | B12: 60 | C12: 37RI946 | D12: C - Sedan | E12: OS - On-Street | F12: PA - Parallel | G12: L
A13: 12 | B13: 60 | C13: 37JC072 | D13: C - Sedan | E13: OS - On-Street | F13: PA - Parallel | G13: L
A14: 13 | B14: 60 | C14: 37HJ375 | D14: C - Sedan | E14: OS - On-Street | F14: PA - Parallel | G14: L
... A1559: 22 | B1559: 69 | C1559: 13RU131 | D1559: C - Sedan | E1559: SB - Setback | F1559: A - 45 Degree | G1559: L
A1560: 7 | B1560: P | C1560: 37SG316 | D1560: C - Sedan | E1560: SB - Setback | F1560: PP - Perpendicular | G1560: L
A1561: 7 | B1561: P | C1561: 13SL038 | D1561: C - Sedan | E1561: SB - Setback | F1561: PP - Perpendicular | G1561: L
A1562: 7 | B1562: P | C1562: 37AC595 | D1562: C - Sedan | E1562: SB - Setback | F1562: PP - Perpendicular | G1562: L
A1563: 7 | B1563: P | C1563: 90XY100 | D1563: C - Sedan | E1563: SB - Setback | F1563: PP - Perpendicular | G1563: L
A1564: 7 | B1564: P | C1564: 10OU700 | D1564: C - Sedan | E1564: SB - Setback | F1564: PP - Perpendicular | G1564: L
A1565: 7 | B1565: P | C1565: 11OO100 | D1565: C - Sedan | E1565: SB - Setback | F1565: PP - Perpendicular | G1565: L
A1566: 7 | B1566: P | C1566: 16UU777 | D1566: C - Sedan | E1566: SB - Setback | F1566: PP - Perpendicular | G1566: L
A1567: 7 | B1567: P | C1567: 66GG055 | D1567: C - Sedan | E1567: SB - Setback | F1567: PP - Perpendicular | G1567: L
A1568: 7 | B1568: P | C1568: 50AB055 | D1568: C - Sedan | E1568: SB - Setback | F1568: PP - Perpendicular | G1568: L
A1569: 7 | B1569: P | C1569: no number 2 | D1569: C - Sedan | E1569: SB - Setback | F1569: PP - Perpendicular | G1569: L
A1570: 8 | B1570: P | C1570: 11OO100 | D1570: C - Sedan | E1570: SB - Setback | F1570: PP - Perpendicular | G1570: L
A1571: 8 | B1571: P | C1571: no number 3 | D1571: C - Sedan | E1571: SB - Setback | F1571: PP - Perpendicular | G1571: L
... A2150: 21 | B2150: P | C2150: no number 5 | D2150: C - Sedan | E2150: SB - Setback | F2150: PP - Perpendicular | G2150: L

Sheet ANALYSIS
A1: PARKING SURVEY ANALYSIS — MEGA MALL | F1: Zone | G1: Formal capacity
A2: Methodology replicated from "Parking Survey Sheet v5" (Komitas) ANALYSIS sheet. | F2: 60
A3: Every number below is a live formula referencing CALC Combined / CALC On-Street / CALC Off-Street, | F3: 61
A4: which derive each vehicle's hourly presence via COUNTIFS against United Data. Enter zone capacities (yellow, right). | F4: 62
F5: 63
A6: COMBINED — ALL ZONES | F6: 64
A7: Unique vehicles | C7: =COUNTA('CALC Combined'!$A$2:$A$933) -> 932 | F7: 65
A8: PARKING DURATION | F8: 66
A9: Average parking duration | C9: =AVERAGE('CALC Combined'!$T$2:$T$933) -> 1.1888412 | D9: hours | F9: 67
A10: Median parking duration | C10: =MEDIAN('CALC Combined'!$T$2:$T$933) -> 1 | D10: hours | F10: 68
A11: PARKING SPACE TURNOVER | F11: 69
A12: # parking events | C12: =SUM('CALC Combined'!$U$2:$U$933) -> 0 | F12: P (mall parking)
A13: Formal capacity | C13: =SUM(G2:G12) -> 0 | D13: (sum of zone capacities →)
A14: Turnover per parking space (incl. illegal parking) | C14: =IF($C$13=0,"",C12/C13) | D14: events per space
A15: LONG-TERM PARKING (share of vehicles by total hours parked)
A16: Parked the full survey window (17 h) | C16: =COUNTIF('CALC Combined'!$T$2:$T$933,17)/C7 -> 0
A17: Parked 16+ hours | C17: =COUNTIF('CALC Combined'!$T$2:$T$933,">=16")/C7 -> 0
A18: Parked 12+ hours | C18: =COUNTIF('CALC Combined'!$T$2:$T$933,">=12")/C7 -> 0
A20: ON-STREET — ZONES 59–69
A21: Unique vehicles | C21: =COUNTA('CALC On-Street'!$A$2:$A$727) -> 726
A22: PARKING DURATION
A23: Average parking duration | C23: =AVERAGE('CALC On-Street'!$T$2:$T$727) -> 1.1349862 | D23: hours
A24: Median parking duration | C24: =MEDIAN('CALC On-Street'!$T$2:$T$727) -> 1 | D24: hours
A25: PARKING SPACE TURNOVER
A26: # parking events | C26: =SUM('CALC On-Street'!$U$2:$U$727) -> 0
A27: Formal capacity | C27: =SUM(G2:G11) -> 0 | D27: (sum of zone capacities →)
A28: Turnover per parking space (incl. illegal parking) | C28: =IF($C$27=0,"",C26/C27) | D28: events per space
A29: LONG-TERM PARKING (share of vehicles by total hours parked)
A30: Parked the full survey window (17 h) | C30: =COUNTIF('CALC On-Street'!$T$2:$T$727,17)/C21 -> 0
A31: Parked 16+ hours | C31: =COUNTIF('CALC On-Street'!$T$2:$T$727,">=16")/C21 -> 0
A32: Parked 12+ hours | C32: =COUNTIF('CALC On-Street'!$T$2:$T$727,">=12")/C21 -> 0
A34: OFF-STREET — OFF-STREET
A35: Unique vehicles | C35: =COUNTA('CALC Off-Street'!$A$2:$A$212) -> 211
A36: PARKING DURATION
A37: Average parking duration | C37: =AVERAGE('CALC Off-Street'!$T$2:$T$212) -> 1.3601896 | D37: hours
A38: Median parking duration | C38: =MEDIAN('CALC Off-Street'!$T$2:$T$212) -> 1 | D38: hours
A39: PARKING SPACE TURNOVER
A40: # parking events | C40: =SUM('CALC Off-Street'!$U$2:$U$212) -> 0
A41: Formal capacity | C41: =G12 -> 0 | D41: (sum of zone capacities →)
A42: Turnover per parking space (incl. illegal parking) | C42: =IF($C$41=0,"",C40/C41) | D42: events per space
A43: LONG-TERM PARKING (share of vehicles by total hours parked)
A44: Parked the full survey window (17 h) | C44: =COUNTIF('CALC Off-Street'!$T$2:$T$212,17)/C35 -> 0
A45: Parked 16+ hours | C45: =COUNTIF('CALC Off-Street'!$T$2:$T$212,">=16")/C35 -> 0
A46: Parked 12+ hours | C46: =COUNTIF('CALC Off-Street'!$T$2:$T$212,">=12")/C35 -> 0
A48: DURATION DISTRIBUTION — vehicles by total hours parked (COUNTIF)
A49: Total hours | B49: Combined | C49: On-Street | D49: Off-Street
A50: 1 | B50: =COUNTIF('CALC Combined'!$T$2:$T$933,1) -> 810 | C50: =COUNTIF('CALC On-Street'!$T$2:$T$727,1) -> 655 | D50: =COUNTIF('CALC Off-Street'!$T$2:$T$212,1) -> 162
A51: 2 | B51: =COUNTIF('CALC Combined'!$T$2:$T$933,2) -> 80 | C51: =COUNTIF('CALC On-Street'!$T$2:$T$727,2) -> 49 | D51: =COUNTIF('CALC Off-Street'!$T$2:$T$212,2) -> 29
A52: 3 | B52: =COUNTIF('CALC Combined'!$T$2:$T$933,3) -> 29 | C52: =COUNTIF('CALC On-Street'!$T$2:$T$727,3) -> 15 | D52: =COUNTIF('CALC Off-Street'!$T$2:$T$212,3) -> 14
A53: 4 | B53: =COUNTIF('CALC Combined'!$T$2:$T$933,4) -> 9 | C53: =COUNTIF('CALC On-Street'!$T$2:$T$727,4) -> 4 | D53: =COUNTIF('CALC Off-Street'!$T$2:$T$212,4) -> 5
A54: 5 | B54: =COUNTIF('CALC Combined'!$T$2:$T$933,5) -> 3 | C54: =COUNTIF('CALC On-Street'!$T$2:$T$727,5) -> 2 | D54: =COUNTIF('CALC Off-Street'!$T$2:$T$212,5) -> 1
A55: 6 | B55: =COUNTIF('CALC Combined'!$T$2:$T$933,6) -> 0 | C55: =COUNTIF('CALC On-Street'!$T$2:$T$727,6) -> 0 | D55: =COUNTIF('CALC Off-Street'!$T$2:$T$212,6) -> 0
A56: 7 | B56: =COUNTIF('CALC Combined'!$T$2:$T$933,7) -> 0 | C56: =COUNTIF('CALC On-Street'!$T$2:$T$727,7) -> 0 | D56: =COUNTIF('CALC Off-Street'!$T$2:$T$212,7) -> 0
A57: 8 | B57: =COUNTIF('CALC Combined'!$T$2:$T$933,8) -> 0 | C57: =COUNTIF('CALC On-Street'!$T$2:$T$727,8) -> 0 | D57: =COUNTIF('CALC Off-Street'!$T$2:$T$212,8) -> 0
A58: 9 | B58: =COUNTIF('CALC Combined'!$T$2:$T$933,9) -> 0 | C58: =COUNTIF('CALC On-Street'!$T$2:$T$727,9) -> 0 | D58: =COUNTIF('CALC Off-Street'!$T$2:$T$212,9) -> 0
A59: 10 | B59: =COUNTIF('CALC Combined'!$T$2:$T$933,10) -> 0 | C59: =COUNTIF('CALC On-Street'!$T$2:$T$727,10) -> 0 | D59: =COUNTIF('CALC Off-Street'!$T$2:$T$212,10) -> 0
A60: 11 | B60: =COUNTIF('CALC Combined'!$T$2:$T$933,11) -> 0 | C60: =COUNTIF('CALC On-Street'!$T$2:$T$727,11) -> 0 | D60: =COUNTIF('CALC Off-Street'!$T$2:$T$212,11) -> 0
A61: 12 | B61: =COUNTIF('CALC Combined'!$T$2:$T$933,12) -> 0 | C61: =COUNTIF('CALC On-Street'!$T$2:$T$727,12) -> 0 | D61: =COUNTIF('CALC Off-Street'!$T$2:$T$212,12) -> 0
A62: 13 | B62: =COUNTIF('CALC Combined'!$T$2:$T$933,13) -> 0 | C62: =COUNTIF('CALC On-Street'!$T$2:$T$727,13) -> 0 | D62: =COUNTIF('CALC Off-Street'!$T$2:$T$212,13) -> 0
A63: 14 | B63: =COUNTIF('CALC Combined'!$T$2:$T$933,14) -> 0 | C63: =COUNTIF('CALC On-Street'!$T$2:$T$727,14) -> 0 | D63: =COUNTIF('CALC Off-Street'!$T$2:$T$212,14) -> 0
A64: 15 | B64: =COUNTIF('CALC Combined'!$T$2:$T$933,15) -> 0 | C64: =COUNTIF('CALC On-Street'!$T$2:$T$727,15) -> 0 | D64: =COUNTIF('CALC Off-Street'!$T$2:$T$212,15) -> 0
A65: 16 | B65: =COUNTIF('CALC Combined'!$T$2:$T$933,16) -> 0 | C65: =COUNTIF('CALC On-Street'!$T$2:$T$727,16) -> 0 | D65: =COUNTIF('CALC Off-Street'!$T$2:$T$212,16) -> 0
A66: 17 | B66: =COUNTIF('CALC Combined'!$T$2:$T$933,17) -> 0 | C66: =COUNTIF('CALC On-Street'!$T$2:$T$727,17) -> 0 | D66: =COUNTIF('CALC Off-Street'!$T$2:$T$212,17) -> 0

Sheet CALC Combined
A1: License Number | B1: 7 | C1: 8 | D1: 9 | E1: 10 | F1: 11 | G1: 12 | H1: 13 | I1: 14 | J1: 15 | K1: 16 | L1: 17 | M1: 18 | N1: 19 | O1: 20 | P1: 21 | Q1: 22 | R1: 23 | S1: Total hours | T1: # parking events
A2: 07IL007 | B2: =IF(COUNTIFS('United Data'!$A$3:$A$2150,B$1,'United Data'!$C$3:$C$2150,$A2)>0,1,0) -> 1 | C2: =IF(COUNTIFS('United Data'!$A$3:$A$2150,C$1,'United Data'!$C$3:$C$2150,$A2)>0,1,0) -> 1 | D2: =IF(COUNTIFS('United Data'!$A$3:$A$2150,D$1,'United Data'!$C$3:$C$2150,$A2)>0,1,0) -> 1 | E2: =IF(COUNTIFS('United Data'!$A$3:$A$2150,E$1,'United Data'!$C$3:$C$2150,$A2)>0,1,0) -> 1 | F2: =IF(COUNTIFS('United Data'!$A$3:$A$2150,F$1,'United Data'!$C$3:$C$2150,$A2)>0,1,0) -> 0 | G2: =IF(COUNTIFS('United Data'!$A$3:$A$2150,G$1,'United Data'!$C$3:$C$2150,$A2)>0,1,0) -> 1 | H2: =IF(COUNTIFS('United Data'!$A$3:$A$2150,H$1,'United Data'!$C$3:$C$2150,$A2)>0,1,0) -> 1 | I2: =IF(COUNTIFS('United Data'!$A$3:$A$2150,I$1,'United Data'!$C$3:$C$2150,$A2)>0,1,0) -> 1 | ... R2: =IF(COUNTIFS('United Data'!$A$3:$A$2150,R$1,'United Data'!$C$3:$C$2150,$A2)>0,1,0) -> 0 | S2: =SUM(B2:R2) -> 11 | T2: =B2+SUMPRODUCT(--(C2:R2>B2:Q2)) -> 2
A3: 99PD990 | B3: =IF(COUNTIFS('United Data'!$A$3:$A$2150,B$1,'United Data'!$C$3:$C$2150,$A3)>0,1,0) -> 1 | C3: =IF(COUNTIFS('United Data'!$A$3:$A$2150,C$1,'United Data'!$C$3:$C$2150,$A3)>0,1,0) -> 1 | D3: =IF(COUNTIFS('United Data'!$A$3:$A$2150,D$1,'United Data'!$C$3:$C$2150,$A3)>0,1,0) -> 1 | E3: =IF(COUNTIFS('United Data'!$A$3:$A$2150,E$1,'United Data'!$C$3:$C$2150,$A3)>0,1,0) -> 0 | F3: =IF(COUNTIFS('United Data'!$A$3:$A$2150,F$1,'United Data'!$C$3:$C$2150,$A3)>0,1,0) -> 0 | G3: =IF(COUNTIFS('United Data'!$A$3:$A$2150,G$1,'United Data'!$C$3:$C$2150,$A3)>0,1,0) -> 0 | H3: =IF(COUNTIFS('United Data'!$A$3:$A$2150,H$1,'United Data'!$C$3:$C$2150,$A3)>0,1,0) -> 0 | I3: =IF(COUNTIFS('United Data'!$A$3:$A$2150,I$1,'United Data'!$C$3:$C$2150,$A3)>0,1,0) -> 0 | ... R3: =IF(COUNTIFS('United Data'!$A$3:$A$2150,R$1,'United Data'!$C$3:$C$2150,$A3)>0,1,0) -> 0 | S3: =SUM(B3:R3) -> 3 | T3: =B3+SUMPRODUCT(--(C3:R3>B3:Q3)) -> 1
A4: 28LS242 | B4: =IF(COUNTIFS('United Data'!$A$3:$A$2150,B$1,'United Data'!$C$3:$C$2150,$A4)>0,1,0) -> 1 | C4: =IF(COUNTIFS('United Data'!$A$3:$A$2150,C$1,'United Data'!$C$3:$C$2150,$A4)>0,1,0) -> 1 | D4: =IF(COUNTIFS('United Data'!$A$3:$A$2150,D$1,'United Data'!$C$3:$C$2150,$A4)>0,1,0) -> 1 | E4: =IF(COUNTIFS('United Data'!$A$3:$A$2150,E$1,'United Data'!$C$3:$C$2150,$A4)>0,1,0) -> 1 | F4: =IF(COUNTIFS('United Data'!$A$3:$A$2150,F$1,'United Data'!$C$3:$C$2150,$A4)>0,1,0) -> 0 | G4: =IF(COUNTIFS('United Data'!$A$3:$A$2150,G$1,'United Data'!$C$3:$C$2150,$A4)>0,1,0) -> 0 | H4: =IF(COUNTIFS('United Data'!$A$3:$A$2150,H$1,'United Data'!$C$3:$C$2150,$A4)>0,1,0) -> 0 | I4: =IF(COUNTIFS('United Data'!$A$3:$A$2150,I$1,'United Data'!$C$3:$C$2150,$A4)>0,1,0) -> 0 | ... R4: =IF(COUNTIFS('United Data'!$A$3:$A$2150,R$1,'United Data'!$C$3:$C$2150,$A4)>0,1,0) -> 0 | S4: =SUM(B4:R4) -> 4 | T4: =B4+SUMPRODUCT(--(C4:R4>B4:Q4)) -> 1
A5: 50WV551 | B5: =IF(COUNTIFS('United Data'!$A$3:$A$2150,B$1,'United Data'!$C$3:$C$2150,$A5)>0,1,0) -> 0 | C5: =IF(COUNTIFS('United Data'!$A$3:$A$2150,C$1,'United Data'!$C$3:$C$2150,$A5)>0,1,0) -> 0 | D5: =IF(COUNTIFS('United Data'!$A$3:$A$2150,D$1,'United Data'!$C$3:$C$2150,$A5)>0,1,0) -> 1 | E5: =IF(COUNTIFS('United Data'!$A$3:$A$2150,E$1,'United Data'!$C$3:$C$2150,$A5)>0,1,0) -> 0 | F5: =IF(COUNTIFS('United Data'!$A$3:$A$2150,F$1,'United Data'!$C$3:$C$2150,$A5)>0,1,0) -> 0 | G5: =IF(COUNTIFS('United Data'!$A$3:$A$2150,G$1,'United Data'!$C$3:$C$2150,$A5)>0,1,0) -> 0 | H5: =IF(COUNTIFS('United Data'!$A$3:$A$2150,H$1,'United Data'!$C$3:$C$2150,$A5)>0,1,0) -> 0 | I5: =IF(COUNTIFS('United Data'!$A$3:$A$2150,I$1,'United Data'!$C$3:$C$2150,$A5)>0,1,0) -> 0 | ... R5: =IF(COUNTIFS('United Data'!$A$3:$A$2150,R$1,'United Data'!$C$3:$C$2150,$A5)>0,1,0) -> 0 | S5: =SUM(B5:R5) -> 1 | T5: =B5+SUMPRODUCT(--(C5:R5>B5:Q5)) -> 1
A6: 37HJ375 | B6: =IF(COUNTIFS('United Data'!$A$3:$A$2150,B$1,'United Data'!$C$3:$C$2150,$A6)>0,1,0) -> 0 | C6: =IF(COUNTIFS('United Data'!$A$3:$A$2150,C$1,'United Data'!$C$3:$C$2150,$A6)>0,1,0) -> 0 | D6: =IF(COUNTIFS('United Data'!$A$3:$A$2150,D$1,'United Data'!$C$3:$C$2150,$A6)>0,1,0) -> 0 | E6: =IF(COUNTIFS('United Data'!$A$3:$A$2150,E$1,'United Data'!$C$3:$C$2150,$A6)>0,1,0) -> 1 | F6: =IF(COUNTIFS('United Data'!$A$3:$A$2150,F$1,'United Data'!$C$3:$C$2150,$A6)>0,1,0) -> 1 | G6: =IF(COUNTIFS('United Data'!$A$3:$A$2150,G$1,'United Data'!$C$3:$C$2150,$A6)>0,1,0) -> 0 | H6: =IF(COUNTIFS('United Data'!$A$3:$A$2150,H$1,'United Data'!$C$3:$C$2150,$A6)>0,1,0) -> 1 | I6: =IF(COUNTIFS('United Data'!$A$3:$A$2150,I$1,'United Data'!$C$3:$C$2150,$A6)>0,1,0) -> 1 | ... R6: =IF(COUNTIFS('United Data'!$A$3:$A$2150,R$1,'United Data'!$C$3:$C$2150,$A6)>0,1,0) -> 0 | S6: =SUM(B6:R6) -> 8 | T6: =B6+SUMPRODUCT(--(C6:R6>B6:Q6)) -> 4
A7: 37NF169 | B7: =IF(COUNTIFS('United Data'!$A$3:$A$2150,B$1,'United Data'!$C$3:$C$2150,$A7)>0,1,0) -> 0 | C7: =IF(COUNTIFS('United Data'!$A$3:$A$2150,C$1,'United Data'!$C$3:$C$2150,$A7)>0,1,0) -> 0 | D7: =IF(COUNTIFS('United Data'!$A$3:$A$2150,D$1,'United Data'!$C$3:$C$2150,$A7)>0,1,0) -> 0 | E7: =IF(COUNTIFS('United Data'!$A$3:$A$2150,E$1,'United Data'!$C$3:$C$2150,$A7)>0,1,0) -> 0 | F7: =IF(COUNTIFS('United Data'!$A$3:$A$2150,F$1,'United Data'!$C$3:$C$2150,$A7)>0,1,0) -> 1 | G7: =IF(COUNTIFS('United Data'!$A$3:$A$2150,G$1,'United Data'!$C$3:$C$2150,$A7)>0,1,0) -> 0 | H7: =IF(COUNTIFS('United Data'!$A$3:$A$2150,H$1,'United Data'!$C$3:$C$2150,$A7)>0,1,0) -> 0 | I7: =IF(COUNTIFS('United Data'!$A$3:$A$2150,I$1,'United Data'!$C$3:$C$2150,$A7)>0,1,0) -> 0 | ... R7: =IF(COUNTIFS('United Data'!$A$3:$A$2150,R$1,'United Data'!$C$3:$C$2150,$A7)>0,1,0) -> 0 | S7: =SUM(B7:R7) -> 1 | T7: =B7+SUMPRODUCT(--(C7:R7>B7:Q7)) -> 1
A8: 73DG737 | B8: =IF(COUNTIFS('United Data'!$A$3:$A$2150,B$1,'United Data'!$C$3:$C$2150,$A8)>0,1,0) -> 0 | C8: =IF(COUNTIFS('United Data'!$A$3:$A$2150,C$1,'United Data'!$C$3:$C$2150,$A8)>0,1,0) -> 0 | D8: =IF(COUNTIFS('United Data'!$A$3:$A$2150,D$1,'United Data'!$C$3:$C$2150,$A8)>0,1,0) -> 0 | E8: =IF(COUNTIFS('United Data'!$A$3:$A$2150,E$1,'United Data'!$C$3:$C$2150,$A8)>0,1,0) -> 0 | F8: =IF(COUNTIFS('United Data'!$A$3:$A$2150,F$1,'United Data'!$C$3:$C$2150,$A8)>0,1,0) -> 1 | G8: =IF(COUNTIFS('United Data'!$A$3:$A$2150,G$1,'United Data'!$C$3:$C$2150,$A8)>0,1,0) -> 0 | H8: =IF(COUNTIFS('United Data'!$A$3:$A$2150,H$1,'United Data'!$C$3:$C$2150,$A8)>0,1,0) -> 0 | I8: =IF(COUNTIFS('United Data'!$A$3:$A$2150,I$1,'United Data'!$C$3:$C$2150,$A8)>0,1,0) -> 0 | ... R8: =IF(COUNTIFS('United Data'!$A$3:$A$2150,R$1,'United Data'!$C$3:$C$2150,$A8)>0,1,0) -> 0 | S8: =SUM(B8:R8) -> 1 | T8: =B8+SUMPRODUCT(--(C8:R8>B8:Q8)) -> 1
A9: 37RI946 | B9: =IF(COUNTIFS('United Data'!$A$3:$A$2150,B$1,'United Data'!$C$3:$C$2150,$A9)>0,1,0) -> 0 | C9: =IF(COUNTIFS('United Data'!$A$3:$A$2150,C$1,'United Data'!$C$3:$C$2150,$A9)>0,1,0) -> 0 | D9: =IF(COUNTIFS('United Data'!$A$3:$A$2150,D$1,'United Data'!$C$3:$C$2150,$A9)>0,1,0) -> 0 | E9: =IF(COUNTIFS('United Data'!$A$3:$A$2150,E$1,'United Data'!$C$3:$C$2150,$A9)>0,1,0) -> 0 | F9: =IF(COUNTIFS('United Data'!$A$3:$A$2150,F$1,'United Data'!$C$3:$C$2150,$A9)>0,1,0) -> 0 | G9: =IF(COUNTIFS('United Data'!$A$3:$A$2150,G$1,'United Data'!$C$3:$C$2150,$A9)>0,1,0) -> 1 | H9: =IF(COUNTIFS('United Data'!$A$3:$A$2150,H$1,'United Data'!$C$3:$C$2150,$A9)>0,1,0) -> 0 | I9: =IF(COUNTIFS('United Data'!$A$3:$A$2150,I$1,'United Data'!$C$3:$C$2150,$A9)>0,1,0) -> 0 | ... R9: =IF(COUNTIFS('United Data'!$A$3:$A$2150,R$1,'United Data'!$C$3:$C$2150,$A9)>0,1,0) -> 0 | S9: =SUM(B9:R9) -> 1 | T9: =B9+SUMPRODUCT(--(C9:R9>B9:Q9)) -> 1
A10: 37JC072 | B10: =IF(COUNTIFS('United Data'!$A$3:$A$2150,B$1,'United Data'!$C$3:$C$2150,$A10)>0,1,0) -> 0 | C10: =IF(COUNTIFS('United Data'!$A$3:$A$2150,C$1,'United Data'!$C$3:$C$2150,$A10)>0,1,0) -> 0 | D10: =IF(COUNTIFS('United Data'!$A$3:$A$2150,D$1,'United Data'!$C$3:$C$2150,$A10)>0,1,0) -> 0 | E10: =IF(COUNTIFS('United Data'!$A$3:$A$2150,E$1,'United Data'!$C$3:$C$2150,$A10)>0,1,0) -> 0 | F10: =IF(COUNTIFS('United Data'!$A$3:$A$2150,F$1,'United Data'!$C$3:$C$2150,$A10)>0,1,0) -> 0 | G10: =IF(COUNTIFS('United Data'!$A$3:$A$2150,G$1,'United Data'!$C$3:$C$2150,$A10)>0,1,0) -> 1 | H10: =IF(COUNTIFS('United Data'!$A$3:$A$2150,H$1,'United Data'!$C$3:$C$2150,$A10)>0,1,0) -> 0 | I10: =IF(COUNTIFS('United Data'!$A$3:$A$2150,I$1,'United Data'!$C$3:$C$2150,$A10)>0,1,0) -> 0 | ... R10: =IF(COUNTIFS('United Data'!$A$3:$A$2150,R$1,'United Data'!$C$3:$C$2150,$A10)>0,1,0) -> 0 | S10: =SUM(B10:R10) -> 1 | T10: =B10+SUMPRODUCT(--(C10:R10>B10:Q10)) -> 1
A11: 14VU114 | B11: =IF(COUNTIFS('United Data'!$A$3:$A$2150,B$1,'United Data'!$C$3:$C$2150,$A11)>0,1,0) -> 0 | C11: =IF(COUNTIFS('United Data'!$A$3:$A$2150,C$1,'United Data'!$C$3:$C$2150,$A11)>0,1,0) -> 0 | D11: =IF(COUNTIFS('United Data'!$A$3:$A$2150,D$1,'United Data'!$C$3:$C$2150,$A11)>0,1,0) -> 0 | E11: =IF(COUNTIFS('United Data'!$A$3:$A$2150,E$1,'United Data'!$C$3:$C$2150,$A11)>0,1,0) -> 0 | F11: =IF(COUNTIFS('United Data'!$A$3:$A$2150,F$1,'United Data'!$C$3:$C$2150,$A11)>0,1,0) -> 0 | G11: =IF(COUNTIFS('United Data'!$A$3:$A$2150,G$1,'United Data'!$C$3:$C$2150,$A11)>0,1,0) -> 0 | H11: =IF(COUNTIFS('United Data'!$A$3:$A$2150,H$1,'United Data'!$C$3:$C$2150,$A11)>0,1,0) -> 0 | I11: =IF(COUNTIFS('United Data'!$A$3:$A$2150,I$1,'United Data'!$C$3:$C$2150,$A11)>0,1,0) -> 0 | ... R11: =IF(COUNTIFS('United Data'!$A$3:$A$2150,R$1,'United Data'!$C$3:$C$2150,$A11)>0,1,0) -> 0 | S11: =SUM(B11:R11) -> 1 | T11: =B11+SUMPRODUCT(--(C11:R11>B11:Q11)) -> 1
A12: 99NM929 | B12: =IF(COUNTIFS('United Data'!$A$3:$A$2150,B$1,'United Data'!$C$3:$C$2150,$A12)>0,1,0) -> 0 | C12: =IF(COUNTIFS('United Data'!$A$3:$A$2150,C$1,'United Data'!$C$3:$C$2150,$A12)>0,1,0) -> 0 | D12: =IF(COUNTIFS('United Data'!$A$3:$A$2150,D$1,'United Data'!$C$3:$C$2150,$A12)>0,1,0) -> 0 | E12: =IF(COUNTIFS('United Data'!$A$3:$A$2150,E$1,'United Data'!$C$3:$C$2150,$A12)>0,1,0) -> 0 | F12: =IF(COUNTIFS('United Data'!$A$3:$A$2150,F$1,'United Data'!$C$3:$C$2150,$A12)>0,1,0) -> 0 | G12: =IF(COUNTIFS('United Data'!$A$3:$A$2150,G$1,'United Data'!$C$3:$C$2150,$A12)>0,1,0) -> 0 | H12: =IF(COUNTIFS('United Data'!$A$3:$A$2150,H$1,'United Data'!$C$3:$C$2150,$A12)>0,1,0) -> 0 | I12: =IF(COUNTIFS('United Data'!$A$3:$A$2150,I$1,'United Data'!$C$3:$C$2150,$A12)>0,1,0) -> 0 | ... R12: =IF(COUNTIFS('United Data'!$A$3:$A$2150,R$1,'United Data'!$C$3:$C$2150,$A12)>0,1,0) -> 0 | S12: =SUM(B12:R12) -> 1 | T12: =B12+SUMPRODUCT(--(C12:R12>B12:Q12)) -> 1
A13: 37NJ375 | B13: =IF(COUNTIFS('United Data'!$A$3:$A$2150,B$1,'United Data'!$C$3:$C$2150,$A13)>0,1,0) -> 0 | C13: =IF(COUNTIFS('United Data'!$A$3:$A$2150,C$1,'United Data'!$C$3:$C$2150,$A13)>0,1,0) -> 0 | D13: =IF(COUNTIFS('United Data'!$A$3:$A$2150,D$1,'United Data'!$C$3:$C$2150,$A13)>0,1,0) -> 0 | E13: =IF(COUNTIFS('United Data'!$A$3:$A$2150,E$1,'United Data'!$C$3:$C$2150,$A13)>0,1,0) -> 0 | F13: =IF(COUNTIFS('United Data'!$A$3:$A$2150,F$1,'United Data'!$C$3:$C$2150,$A13)>0,1,0) -> 0 | G13: =IF(COUNTIFS('United Data'!$A$3:$A$2150,G$1,'United Data'!$C$3:$C$2150,$A13)>0,1,0) -> 0 | H13: =IF(COUNTIFS('United Data'!$A$3:$A$2150,H$1,'United Data'!$C$3:$C$2150,$A13)>0,1,0) -> 0 | I13: =IF(COUNTIFS('United Data'!$A$3:$A$2150,I$1,'United Data'!$C$3:$C$2150,$A13)>0,1,0) -> 0 | ... R13: =IF(COUNTIFS('United Data'!$A$3:$A$2150,R$1,'United Data'!$C$3:$C$2150,$A13)>0,1,0) -> 0 | S13: =SUM(B13:R13) -> 2 | T13: =B13+SUMPRODUCT(--(C13:R13>B13:Q13)) -> 2
... A933: no number 5 | B933: =IF(COUNTIFS('United Data'!$A$3:$A$2150,B$1,'United Data'!$C$3:$C$2150,$A933)>0,1,0) -> 0 | C933: =IF(COUNTIFS('United Data'!$A$3:$A$2150,C$1,'United Data'!$C$3:$C$2150,$A933)>0,1,0) -> 0 | D933: =IF(COUNTIFS('United Data'!$A$3:$A$2150,D$1,'United Data'!$C$3:$C$2150,$A933)>0,1,0) -> 0 | E933: =IF(COUNTIFS('United Data'!$A$3:$A$2150,E$1,'United Data'!$C$3:$C$2150,$A933)>0,1,0) -> 0 | F933: =IF(COUNTIFS('United Data'!$A$3:$A$2150,F$1,'United Data'!$C$3:$C$2150,$A933)>0,1,0) -> 0 | G933: =IF(COUNTIFS('United Data'!$A$3:$A$2150,G$1,'United Data'!$C$3:$C$2150,$A933)>0,1,0) -> 0 | H933: =IF(COUNTIFS('United Data'!$A$3:$A$2150,H$1,'United Data'!$C$3:$C$2150,$A933)>0,1,0) -> 0 | I933: =IF(COUNTIFS('United Data'!$A$3:$A$2150,I$1,'United Data'!$C$3:$C$2150,$A933)>0,1,0) -> 0 | ... R933: =IF(COUNTIFS('United Data'!$A$3:$A$2150,R$1,'United Data'!$C$3:$C$2150,$A933)>0,1,0) -> 0 | S933: =SUM(B933:R933) -> 1 | T933: =B933+SUMPRODUCT(--(C933:R933>B933:Q933)) -> 1

Sheet CALC On-Street
A1: License Number | B1: 7 | C1: 8 | D1: 9 | E1: 10 | F1: 11 | G1: 12 | H1: 13 | I1: 14 | J1: 15 | K1: 16 | L1: 17 | M1: 18 | N1: 19 | O1: 20 | P1: 21 | Q1: 22 | R1: 23 | S1: Total hours | T1: # parking events
A2: 07IL007 | B2: =IF(COUNTIFS('United Data'!$A$3:$A$2150,B$1,'United Data'!$C$3:$C$2150,$A2,'United Data'!$B$3:$B$2150,"<>P")>0,1,0) -> 1 | C2: =IF(COUNTIFS('United Data'!$A$3:$A$2150,C$1,'United Data'!$C$3:$C$2150,$A2,'United Data'!$B$3:$B$2150,"<>P")>0,1,0) -> 1 | D2: =IF(COUNTIFS('United Data'!$A$3:$A$2150,D$1,'United Data'!$C$3:$C$2150,$A2,'United Data'!$B$3:$B$2150,"<>P")>0,1,0) -> 1 | E2: =IF(COUNTIFS('United Data'!$A$3:$A$2150,E$1,'United Data'!$C$3:$C$2150,$A2,'United Data'!$B$3:$B$2150,"<>P")>0,1,0) -> 1 | F2: =IF(COUNTIFS('United Data'!$A$3:$A$2150,F$1,'United Data'!$C$3:$C$2150,$A2,'United Data'!$B$3:$B$2150,"<>P")>0,1,0) -> 0 | G2: =IF(COUNTIFS('United Data'!$A$3:$A$2150,G$1,'United Data'!$C$3:$C$2150,$A2,'United Data'!$B$3:$B$2150,"<>P")>0,1,0) -> 1 | H2: =IF(COUNTIFS('United Data'!$A$3:$A$2150,H$1,'United Data'!$C$3:$C$2150,$A2,'United Data'!$B$3:$B$2150,"<>P")>0,1,0) -> 1 | I2: =IF(COUNTIFS('United Data'!$A$3:$A$2150,I$1,'United Data'!$C$3:$C$2150,$A2,'United Data'!$B$3:$B$2150,"<>P")>0,1,0) -> 1 | ... R2: =IF(COUNTIFS('United Data'!$A$3:$A$2150,R$1,'United Data'!$C$3:$C$2150,$A2,'United Data'!$B$3:$B$2150,"<>P")>0,1,0) -> 0 | S2: =SUM(B2:R2) -> 11 | T2: =B2+SUMPRODUCT(--(C2:R2>B2:Q2)) -> 2
A3: 99PD990 | B3: =IF(COUNTIFS('United Data'!$A$3:$A$2150,B$1,'United Data'!$C$3:$C$2150,$A3,'United Data'!$B$3:$B$2150,"<>P")>0,1,0) -> 1 | C3: =IF(COUNTIFS('United Data'!$A$3:$A$2150,C$1,'United Data'!$C$3:$C$2150,$A3,'United Data'!$B$3:$B$2150,"<>P")>0,1,0) -> 1 | D3: =IF(COUNTIFS('United Data'!$A$3:$A$2150,D$1,'United Data'!$C$3:$C$2150,$A3,'United Data'!$B$3:$B$2150,"<>P")>0,1,0) -> 1 | E3: =IF(COUNTIFS('United Data'!$A$3:$A$2150,E$1,'United Data'!$C$3:$C$2150,$A3,'United Data'!$B$3:$B$2150,"<>P")>0,1,0) -> 0 | F3: =IF(COUNTIFS('United Data'!$A$3:$A$2150,F$1,'United Data'!$C$3:$C$2150,$A3,'United Data'!$B$3:$B$2150,"<>P")>0,1,0) -> 0 | G3: =IF(COUNTIFS('United Data'!$A$3:$A$2150,G$1,'United Data'!$C$3:$C$2150,$A3,'United Data'!$B$3:$B$2150,"<>P")>0,1,0) -> 0 | H3: =IF(COUNTIFS('United Data'!$A$3:$A$2150,H$1,'United Data'!$C$3:$C$2150,$A3,'United Data'!$B$3:$B$2150,"<>P")>0,1,0) -> 0 | I3: =IF(COUNTIFS('United Data'!$A$3:$A$2150,I$1,'United Data'!$C$3:$C$2150,$A3,'United Data'!$B$3:$B$2150,"<>P")>0,1,0) -> 0 | ... R3: =IF(COUNTIFS('United Data'!$A$3:$A$2150,R$1,'United Data'!$C$3:$C$2150,$A3,'United Data'!$B$3:$B$2150,"<>P")>0,1,0) -> 0 | S3: =SUM(B3:R3) -> 3 | T3: =B3+SUMPRODUCT(--(C3:R3>B3:Q3)) -> 1
A4: 28LS242 | B4: =IF(COUNTIFS('United Data'!$A$3:$A$2150,B$1,'United Data'!$C$3:$C$2150,$A4,'United Data'!$B$3:$B$2150,"<>P")>0,1,0) -> 1 | C4: =IF(COUNTIFS('United Data'!$A$3:$A$2150,C$1,'United Data'!$C$3:$C$2150,$A4,'United Data'!$B$3:$B$2150,"<>P")>0,1,0) -> 1 | D4: =IF(COUNTIFS('United Data'!$A$3:$A$2150,D$1,'United Data'!$C$3:$C$2150,$A4,'United Data'!$B$3:$B$2150,"<>P")>0,1,0) -> 1 | E4: =IF(COUNTIFS('United Data'!$A$3:$A$2150,E$1,'United Data'!$C$3:$C$2150,$A4,'United Data'!$B$3:$B$2150,"<>P")>0,1,0) -> 1 | F4: =IF(COUNTIFS('United Data'!$A$3:$A$2150,F$1,'United Data'!$C$3:$C$2150,$A4,'United Data'!$B$3:$B$2150,"<>P")>0,1,0) -> 0 | G4: =IF(COUNTIFS('United Data'!$A$3:$A$2150,G$1,'United Data'!$C$3:$C$2150,$A4,'United Data'!$B$3:$B$2150,"<>P")>0,1,0) -> 0 | H4: =IF(COUNTIFS('United Data'!$A$3:$A$2150,H$1,'United Data'!$C$3:$C$2150,$A4,'United Data'!$B$3:$B$2150,"<>P")>0,1,0) -> 0 | I4: =IF(COUNTIFS('United Data'!$A$3:$A$2150,I$1,'United Data'!$C$3:$C$2150,$A4,'United Data'!$B$3:$B$2150,"<>P")>0,1,0) -> 0 | ... R4: =IF(COUNTIFS('United Data'!$A$3:$A$2150,R$1,'United Data'!$C$3:$C$2150,$A4,'United Data'!$B$3:$B$2150,"<>P")>0,1,0) -> 0 | S4: =SUM(B4:R4) -> 4 | T4: =B4+SUMPRODUCT(--(C4:R4>B4:Q4)) -> 1
A5: 50WV551 | B5: =IF(COUNTIFS('United Data'!$A$3:$A$2150,B$1,'United Data'!$C$3:$C$2150,$A5,'United Data'!$B$3:$B$2150,"<>P")>0,1,0) -> 0 | C5: =IF(COUNTIFS('United Data'!$A$3:$A$2150,C$1,'United Data'!$C$3:$C$2150,$A5,'United Data'!$B$3:$B$2150,"<>P")>0,1,0) -> 0 | D5: =IF(COUNTIFS('United Data'!$A$3:$A$2150,D$1,'United Data'!$C$3:$C$2150,$A5,'United Data'!$B$3:$B$2150,"<>P")>0,1,0) -> 1 | E5: =IF(COUNTIFS('United Data'!$A$3:$A$2150,E$1,'United Data'!$C$3:$C$2150,$A5,'United Data'!$B$3:$B$2150,"<>P")>0,1,0) -> 0 | F5: =IF(COUNTIFS('United Data'!$A$3:$A$2150,F$1,'United Data'!$C$3:$C$2150,$A5,'United Data'!$B$3:$B$2150,"<>P")>0,1,0) -> 0 | G5: =IF(COUNTIFS('United Data'!$A$3:$A$2150,G$1,'United Data'!$C$3:$C$2150,$A5,'United Data'!$B$3:$B$2150,"<>P")>0,1,0) -> 0 | H5: =IF(COUNTIFS('United Data'!$A$3:$A$2150,H$1,'United Data'!$C$3:$C$2150,$A5,'United Data'!$B$3:$B$2150,"<>P")>0,1,0) -> 0 | I5: =IF(COUNTIFS('United Data'!$A$3:$A$2150,I$1,'United Data'!$C$3:$C$2150,$A5,'United Data'!$B$3:$B$2150,"<>P")>0,1,0) -> 0 | ... R5: =IF(COUNTIFS('United Data'!$A$3:$A$2150,R$1,'United Data'!$C$3:$C$2150,$A5,'United Data'!$B$3:$B$2150,"<>P")>0,1,0) -> 0 | S5: =SUM(B5:R5) -> 1 | T5: =B5+SUMPRODUCT(--(C5:R5>B5:Q5)) -> 1
A6: 37HJ375 | B6: =IF(COUNTIFS('United Data'!$A$3:$A$2150,B$1,'United Data'!$C$3:$C$2150,$A6,'United Data'!$B$3:$B$2150,"<>P")>0,1,0) -> 0 | C6: =IF(COUNTIFS('United Data'!$A$3:$A$2150,C$1,'United Data'!$C$3:$C$2150,$A6,'United Data'!$B$3:$B$2150,"<>P")>0,1,0) -> 0 | D6: =IF(COUNTIFS('United Data'!$A$3:$A$2150,D$1,'United Data'!$C$3:$C$2150,$A6,'United Data'!$B$3:$B$2150,"<>P")>0,1,0) -> 0 | E6: =IF(COUNTIFS('United Data'!$A$3:$A$2150,E$1,'United Data'!$C$3:$C$2150,$A6,'United Data'!$B$3:$B$2150,"<>P")>0,1,0) -> 1 | F6: =IF(COUNTIFS('United Data'!$A$3:$A$2150,F$1,'United Data'!$C$3:$C$2150,$A6,'United Data'!$B$3:$B$2150,"<>P")>0,1,0) -> 1 | G6: =IF(COUNTIFS('United Data'!$A$3:$A$2150,G$1,'United Data'!$C$3:$C$2150,$A6,'United Data'!$B$3:$B$2150,"<>P")>0,1,0) -> 0 | H6: =IF(COUNTIFS('United Data'!$A$3:$A$2150,H$1,'United Data'!$C$3:$C$2150,$A6,'United Data'!$B$3:$B$2150,"<>P")>0,1,0) -> 1 | I6: =IF(COUNTIFS('United Data'!$A$3:$A$2150,I$1,'United Data'!$C$3:$C$2150,$A6,'United Data'!$B$3:$B$2150,"<>P")>0,1,0) -> 1 | ... R6: =IF(COUNTIFS('United Data'!$A$3:$A$2150,R$1,'United Data'!$C$3:$C$2150,$A6,'United Data'!$B$3:$B$2150,"<>P")>0,1,0) -> 0 | S6: =SUM(B6:R6) -> 8 | T6: =B6+SUMPRODUCT(--(C6:R6>B6:Q6)) -> 4
A7: 37NF169 | B7: =IF(COUNTIFS('United Data'!$A$3:$A$2150,B$1,'United Data'!$C$3:$C$2150,$A7,'United Data'!$B$3:$B$2150,"<>P")>0,1,0) -> 0 | C7: =IF(COUNTIFS('United Data'!$A$3:$A$2150,C$1,'United Data'!$C$3:$C$2150,$A7,'United Data'!$B$3:$B$2150,"<>P")>0,1,0) -> 0 | D7: =IF(COUNTIFS('United Data'!$A$3:$A$2150,D$1,'United Data'!$C$3:$C$2150,$A7,'United Data'!$B$3:$B$2150,"<>P")>0,1,0) -> 0 | E7: =IF(COUNTIFS('United Data'!$A$3:$A$2150,E$1,'United Data'!$C$3:$C$2150,$A7,'United Data'!$B$3:$B$2150,"<>P")>0,1,0) -> 0 | F7: =IF(COUNTIFS('United Data'!$A$3:$A$2150,F$1,'United Data'!$C$3:$C$2150,$A7,'United Data'!$B$3:$B$2150,"<>P")>0,1,0) -> 1 | G7: =IF(COUNTIFS('United Data'!$A$3:$A$2150,G$1,'United Data'!$C$3:$C$2150,$A7,'United Data'!$B$3:$B$2150,"<>P")>0,1,0) -> 0 | H7: =IF(COUNTIFS('United Data'!$A$3:$A$2150,H$1,'United Data'!$C$3:$C$2150,$A7,'United Data'!$B$3:$B$2150,"<>P")>0,1,0) -> 0 | I7: =IF(COUNTIFS('United Data'!$A$3:$A$2150,I$1,'United Data'!$C$3:$C$2150,$A7,'United Data'!$B$3:$B$2150,"<>P")>0,1,0) -> 0 | ... R7: =IF(COUNTIFS('United Data'!$A$3:$A$2150,R$1,'United Data'!$C$3:$C$2150,$A7,'United Data'!$B$3:$B$2150,"<>P")>0,1,0) -> 0 | S7: =SUM(B7:R7) -> 1 | T7: =B7+SUMPRODUCT(--(C7:R7>B7:Q7)) -> 1
A8: 73DG737 | B8: =IF(COUNTIFS('United Data'!$A$3:$A$2150,B$1,'United Data'!$C$3:$C$2150,$A8,'United Data'!$B$3:$B$2150,"<>P")>0,1,0) -> 0 | C8: =IF(COUNTIFS('United Data'!$A$3:$A$2150,C$1,'United Data'!$C$3:$C$2150,$A8,'United Data'!$B$3:$B$2150,"<>P")>0,1,0) -> 0 | D8: =IF(COUNTIFS('United Data'!$A$3:$A$2150,D$1,'United Data'!$C$3:$C$2150,$A8,'United Data'!$B$3:$B$2150,"<>P")>0,1,0) -> 0 | E8: =IF(COUNTIFS('United Data'!$A$3:$A$2150,E$1,'United Data'!$C$3:$C$2150,$A8,'United Data'!$B$3:$B$2150,"<>P")>0,1,0) -> 0 | F8: =IF(COUNTIFS('United Data'!$A$3:$A$2150,F$1,'United Data'!$C$3:$C$2150,$A8,'United Data'!$B$3:$B$2150,"<>P")>0,1,0) -> 1 | G8: =IF(COUNTIFS('United Data'!$A$3:$A$2150,G$1,'United Data'!$C$3:$C$2150,$A8,'United Data'!$B$3:$B$2150,"<>P")>0,1,0) -> 0 | H8: =IF(COUNTIFS('United Data'!$A$3:$A$2150,H$1,'United Data'!$C$3:$C$2150,$A8,'United Data'!$B$3:$B$2150,"<>P")>0,1,0) -> 0 | I8: =IF(COUNTIFS('United Data'!$A$3:$A$2150,I$1,'United Data'!$C$3:$C$2150,$A8,'United Data'!$B$3:$B$2150,"<>P")>0,1,0) -> 0 | ... R8: =IF(COUNTIFS('United Data'!$A$3:$A$2150,R$1,'United Data'!$C$3:$C$2150,$A8,'United Data'!$B$3:$B$2150,"<>P")>0,1,0) -> 0 | S8: =SUM(B8:R8) -> 1 | T8: =B8+SUMPRODUCT(--(C8:R8>B8:Q8)) -> 1
A9: 37RI946 | B9: =IF(COUNTIFS('United Data'!$A$3:$A$2150,B$1,'United Data'!$C$3:$C$2150,$A9,'United Data'!$B$3:$B$2150,"<>P")>0,1,0) -> 0 | C9: =IF(COUNTIFS('United Data'!$A$3:$A$2150,C$1,'United Data'!$C$3:$C$2150,$A9,'United Data'!$B$3:$B$2150,"<>P")>0,1,0) -> 0 | D9: =IF(COUNTIFS('United Data'!$A$3:$A$2150,D$1,'United Data'!$C$3:$C$2150,$A9,'United Data'!$B$3:$B$2150,"<>P")>0,1,0) -> 0 | E9: =IF(COUNTIFS('United Data'!$A$3:$A$2150,E$1,'United Data'!$C$3:$C$2150,$A9,'United Data'!$B$3:$B$2150,"<>P")>0,1,0) -> 0 | F9: =IF(COUNTIFS('United Data'!$A$3:$A$2150,F$1,'United Data'!$C$3:$C$2150,$A9,'United Data'!$B$3:$B$2150,"<>P")>0,1,0) -> 0 | G9: =IF(COUNTIFS('United Data'!$A$3:$A$2150,G$1,'United Data'!$C$3:$C$2150,$A9,'United Data'!$B$3:$B$2150,"<>P")>0,1,0) -> 1 | H9: =IF(COUNTIFS('United Data'!$A$3:$A$2150,H$1,'United Data'!$C$3:$C$2150,$A9,'United Data'!$B$3:$B$2150,"<>P")>0,1,0) -> 0 | I9: =IF(COUNTIFS('United Data'!$A$3:$A$2150,I$1,'United Data'!$C$3:$C$2150,$A9,'United Data'!$B$3:$B$2150,"<>P")>0,1,0) -> 0 | ... R9: =IF(COUNTIFS('United Data'!$A$3:$A$2150,R$1,'United Data'!$C$3:$C$2150,$A9,'United Data'!$B$3:$B$2150,"<>P")>0,1,0) -> 0 | S9: =SUM(B9:R9) -> 1 | T9: =B9+SUMPRODUCT(--(C9:R9>B9:Q9)) -> 1
A10: 37JC072 | B10: =IF(COUNTIFS('United Data'!$A$3:$A$2150,B$1,'United Data'!$C$3:$C$2150,$A10,'United Data'!$B$3:$B$2150,"<>P")>0,1,0) -> 0 | C10: =IF(COUNTIFS('United Data'!$A$3:$A$2150,C$1,'United Data'!$C$3:$C$2150,$A10,'United Data'!$B$3:$B$2150,"<>P")>0,1,0) -> 0 | D10: =IF(COUNTIFS('United Data'!$A$3:$A$2150,D$1,'United Data'!$C$3:$C$2150,$A10,'United Data'!$B$3:$B$2150,"<>P")>0,1,0) -> 0 | E10: =IF(COUNTIFS('United Data'!$A$3:$A$2150,E$1,'United Data'!$C$3:$C$2150,$A10,'United Data'!$B$3:$B$2150,"<>P")>0,1,0) -> 0 | F10: =IF(COUNTIFS('United Data'!$A$3:$A$2150,F$1,'United Data'!$C$3:$C$2150,$A10,'United Data'!$B$3:$B$2150,"<>P")>0,1,0) -> 0 | G10: =IF(COUNTIFS('United Data'!$A$3:$A$2150,G$1,'United Data'!$C$3:$C$2150,$A10,'United Data'!$B$3:$B$2150,"<>P")>0,1,0) -> 1 | H10: =IF(COUNTIFS('United Data'!$A$3:$A$2150,H$1,'United Data'!$C$3:$C$2150,$A10,'United Data'!$B$3:$B$2150,"<>P")>0,1,0) -> 0 | I10: =IF(COUNTIFS('United Data'!$A$3:$A$2150,I$1,'United Data'!$C$3:$C$2150,$A10,'United Data'!$B$3:$B$2150,"<>P")>0,1,0) -> 0 | ... R10: =IF(COUNTIFS('United Data'!$A$3:$A$2150,R$1,'United Data'!$C$3:$C$2150,$A10,'United Data'!$B$3:$B$2150,"<>P")>0,1,0) -> 0 | S10: =SUM(B10:R10) -> 1 | T10: =B10+SUMPRODUCT(--(C10:R10>B10:Q10)) -> 1
A11: 14VU114 | B11: =IF(COUNTIFS('United Data'!$A$3:$A$2150,B$1,'United Data'!$C$3:$C$2150,$A11,'United Data'!$B$3:$B$2150,"<>P")>0,1,0) -> 0 | C11: =IF(COUNTIFS('United Data'!$A$3:$A$2150,C$1,'United Data'!$C$3:$C$2150,$A11,'United Data'!$B$3:$B$2150,"<>P")>0,1,0) -> 0 | D11: =IF(COUNTIFS('United Data'!$A$3:$A$2150,D$1,'United Data'!$C$3:$C$2150,$A11,'United Data'!$B$3:$B$2150,"<>P")>0,1,0) -> 0 | E11: =IF(COUNTIFS('United Data'!$A$3:$A$2150,E$1,'United Data'!$C$3:$C$2150,$A11,'United Data'!$B$3:$B$2150,"<>P")>0,1,0) -> 0 | F11: =IF(COUNTIFS('United Data'!$A$3:$A$2150,F$1,'United Data'!$C$3:$C$2150,$A11,'United Data'!$B$3:$B$2150,"<>P")>0,1,0) -> 0 | G11: =IF(COUNTIFS('United Data'!$A$3:$A$2150,G$1,'United Data'!$C$3:$C$2150,$A11,'United Data'!$B$3:$B$2150,"<>P")>0,1,0) -> 0 | H11: =IF(COUNTIFS('United Data'!$A$3:$A$2150,H$1,'United Data'!$C$3:$C$2150,$A11,'United Data'!$B$3:$B$2150,"<>P")>0,1,0) -> 0 | I11: =IF(COUNTIFS('United Data'!$A$3:$A$2150,I$1,'United Data'!$C$3:$C$2150,$A11,'United Data'!$B$3:$B$2150,"<>P")>0,1,0) -> 0 | ... R11: =IF(COUNTIFS('United Data'!$A$3:$A$2150,R$1,'United Data'!$C$3:$C$2150,$A11,'United Data'!$B$3:$B$2150,"<>P")>0,1,0) -> 0 | S11: =SUM(B11:R11) -> 1 | T11: =B11+SUMPRODUCT(--(C11:R11>B11:Q11)) -> 1
A12: 99NM929 | B12: =IF(COUNTIFS('United Data'!$A$3:$A$2150,B$1,'United Data'!$C$3:$C$2150,$A12,'United Data'!$B$3:$B$2150,"<>P")>0,1,0) -> 0 | C12: =IF(COUNTIFS('United Data'!$A$3:$A$2150,C$1,'United Data'!$C$3:$C$2150,$A12,'United Data'!$B$3:$B$2150,"<>P")>0,1,0) -> 0 | D12: =IF(COUNTIFS('United Data'!$A$3:$A$2150,D$1,'United Data'!$C$3:$C$2150,$A12,'United Data'!$B$3:$B$2150,"<>P")>0,1,0) -> 0 | E12: =IF(COUNTIFS('United Data'!$A$3:$A$2150,E$1,'United Data'!$C$3:$C$2150,$A12,'United Data'!$B$3:$B$2150,"<>P")>0,1,0) -> 0 | F12: =IF(COUNTIFS('United Data'!$A$3:$A$2150,F$1,'United Data'!$C$3:$C$2150,$A12,'United Data'!$B$3:$B$2150,"<>P")>0,1,0) -> 0 | G12: =IF(COUNTIFS('United Data'!$A$3:$A$2150,G$1,'United Data'!$C$3:$C$2150,$A12,'United Data'!$B$3:$B$2150,"<>P")>0,1,0) -> 0 | H12: =IF(COUNTIFS('United Data'!$A$3:$A$2150,H$1,'United Data'!$C$3:$C$2150,$A12,'United Data'!$B$3:$B$2150,"<>P")>0,1,0) -> 0 | I12: =IF(COUNTIFS('United Data'!$A$3:$A$2150,I$1,'United Data'!$C$3:$C$2150,$A12,'United Data'!$B$3:$B$2150,"<>P")>0,1,0) -> 0 | ... R12: =IF(COUNTIFS('United Data'!$A$3:$A$2150,R$1,'United Data'!$C$3:$C$2150,$A12,'United Data'!$B$3:$B$2150,"<>P")>0,1,0) -> 0 | S12: =SUM(B12:R12) -> 1 | T12: =B12+SUMPRODUCT(--(C12:R12>B12:Q12)) -> 1
A13: 37NJ375 | B13: =IF(COUNTIFS('United Data'!$A$3:$A$2150,B$1,'United Data'!$C$3:$C$2150,$A13,'United Data'!$B$3:$B$2150,"<>P")>0,1,0) -> 0 | C13: =IF(COUNTIFS('United Data'!$A$3:$A$2150,C$1,'United Data'!$C$3:$C$2150,$A13,'United Data'!$B$3:$B$2150,"<>P")>0,1,0) -> 0 | D13: =IF(COUNTIFS('United Data'!$A$3:$A$2150,D$1,'United Data'!$C$3:$C$2150,$A13,'United Data'!$B$3:$B$2150,"<>P")>0,1,0) -> 0 | E13: =IF(COUNTIFS('United Data'!$A$3:$A$2150,E$1,'United Data'!$C$3:$C$2150,$A13,'United Data'!$B$3:$B$2150,"<>P")>0,1,0) -> 0 | F13: =IF(COUNTIFS('United Data'!$A$3:$A$2150,F$1,'United Data'!$C$3:$C$2150,$A13,'United Data'!$B$3:$B$2150,"<>P")>0,1,0) -> 0 | G13: =IF(COUNTIFS('United Data'!$A$3:$A$2150,G$1,'United Data'!$C$3:$C$2150,$A13,'United Data'!$B$3:$B$2150,"<>P")>0,1,0) -> 0 | H13: =IF(COUNTIFS('United Data'!$A$3:$A$2150,H$1,'United Data'!$C$3:$C$2150,$A13,'United Data'!$B$3:$B$2150,"<>P")>0,1,0) -> 0 | I13: =IF(COUNTIFS('United Data'!$A$3:$A$2150,I$1,'United Data'!$C$3:$C$2150,$A13,'United Data'!$B$3:$B$2150,"<>P")>0,1,0) -> 0 | ... R13: =IF(COUNTIFS('United Data'!$A$3:$A$2150,R$1,'United Data'!$C$3:$C$2150,$A13,'United Data'!$B$3:$B$2150,"<>P")>0,1,0) -> 0 | S13: =SUM(B13:R13) -> 2 | T13: =B13+SUMPRODUCT(--(C13:R13>B13:Q13)) -> 2
... A727: 36RN293 | B727: =IF(COUNTIFS('United Data'!$A$3:$A$2150,B$1,'United Data'!$C$3:$C$2150,$A727,'United Data'!$B$3:$B$2150,"<>P")>0,1,0) -> 0 | C727: =IF(COUNTIFS('United Data'!$A$3:$A$2150,C$1,'United Data'!$C$3:$C$2150,$A727,'United Data'!$B$3:$B$2150,"<>P")>0,1,0) -> 0 | D727: =IF(COUNTIFS('United Data'!$A$3:$A$2150,D$1,'United Data'!$C$3:$C$2150,$A727,'United Data'!$B$3:$B$2150,"<>P")>0,1,0) -> 0 | E727: =IF(COUNTIFS('United Data'!$A$3:$A$2150,E$1,'United Data'!$C$3:$C$2150,$A727,'United Data'!$B$3:$B$2150,"<>P")>0,1,0) -> 0 | F727: =IF(COUNTIFS('United Data'!$A$3:$A$2150,F$1,'United Data'!$C$3:$C$2150,$A727,'United Data'!$B$3:$B$2150,"<>P")>0,1,0) -> 0 | G727: =IF(COUNTIFS('United Data'!$A$3:$A$2150,G$1,'United Data'!$C$3:$C$2150,$A727,'United Data'!$B$3:$B$2150,"<>P")>0,1,0) -> 0 | H727: =IF(COUNTIFS('United Data'!$A$3:$A$2150,H$1,'United Data'!$C$3:$C$2150,$A727,'United Data'!$B$3:$B$2150,"<>P")>0,1,0) -> 0 | I727: =IF(COUNTIFS('United Data'!$A$3:$A$2150,I$1,'United Data'!$C$3:$C$2150,$A727,'United Data'!$B$3:$B$2150,"<>P")>0,1,0) -> 0 | ... R727: =IF(COUNTIFS('United Data'!$A$3:$A$2150,R$1,'United Data'!$C$3:$C$2150,$A727,'United Data'!$B$3:$B$2150,"<>P")>0,1,0) -> 0 | S727: =SUM(B727:R727) -> 1 | T727: =B727+SUMPRODUCT(--(C727:R727>B727:Q727)) -> 1

Sheet CALC Off-Street
A1: License Number | B1: 7 | C1: 8 | D1: 9 | E1: 10 | F1: 11 | G1: 12 | H1: 13 | I1: 14 | J1: 15 | K1: 16 | L1: 17 | M1: 18 | N1: 19 | O1: 20 | P1: 21 | Q1: 22 | R1: 23 | S1: Total hours | T1: # parking events
A2: 37SG316 | B2: =IF(COUNTIFS('United Data'!$A$3:$A$2150,B$1,'United Data'!$C$3:$C$2150,$A2,'United Data'!$B$3:$B$2150,"P")>0,1,0) -> 1 | C2: =IF(COUNTIFS('United Data'!$A$3:$A$2150,C$1,'United Data'!$C$3:$C$2150,$A2,'United Data'!$B$3:$B$2150,"P")>0,1,0) -> 1 | D2: =IF(COUNTIFS('United Data'!$A$3:$A$2150,D$1,'United Data'!$C$3:$C$2150,$A2,'United Data'!$B$3:$B$2150,"P")>0,1,0) -> 1 | E2: =IF(COUNTIFS('United Data'!$A$3:$A$2150,E$1,'United Data'!$C$3:$C$2150,$A2,'United Data'!$B$3:$B$2150,"P")>0,1,0) -> 0 | F2: =IF(COUNTIFS('United Data'!$A$3:$A$2150,F$1,'United Data'!$C$3:$C$2150,$A2,'United Data'!$B$3:$B$2150,"P")>0,1,0) -> 0 | G2: =IF(COUNTIFS('United Data'!$A$3:$A$2150,G$1,'United Data'!$C$3:$C$2150,$A2,'United Data'!$B$3:$B$2150,"P")>0,1,0) -> 0 | H2: =IF(COUNTIFS('United Data'!$A$3:$A$2150,H$1,'United Data'!$C$3:$C$2150,$A2,'United Data'!$B$3:$B$2150,"P")>0,1,0) -> 0 | I2: =IF(COUNTIFS('United Data'!$A$3:$A$2150,I$1,'United Data'!$C$3:$C$2150,$A2,'United Data'!$B$3:$B$2150,"P")>0,1,0) -> 0 | ... R2: =IF(COUNTIFS('United Data'!$A$3:$A$2150,R$1,'United Data'!$C$3:$C$2150,$A2,'United Data'!$B$3:$B$2150,"P")>0,1,0) -> 0 | S2: =SUM(B2:R2) -> 3 | T2: =B2+SUMPRODUCT(--(C2:R2>B2:Q2)) -> 1
A3: 13SL038 | B3: =IF(COUNTIFS('United Data'!$A$3:$A$2150,B$1,'United Data'!$C$3:$C$2150,$A3,'United Data'!$B$3:$B$2150,"P")>0,1,0) -> 1 | C3: =IF(COUNTIFS('United Data'!$A$3:$A$2150,C$1,'United Data'!$C$3:$C$2150,$A3,'United Data'!$B$3:$B$2150,"P")>0,1,0) -> 1 | D3: =IF(COUNTIFS('United Data'!$A$3:$A$2150,D$1,'United Data'!$C$3:$C$2150,$A3,'United Data'!$B$3:$B$2150,"P")>0,1,0) -> 1 | E3: =IF(COUNTIFS('United Data'!$A$3:$A$2150,E$1,'United Data'!$C$3:$C$2150,$A3,'United Data'!$B$3:$B$2150,"P")>0,1,0) -> 1 | F3: =IF(COUNTIFS('United Data'!$A$3:$A$2150,F$1,'United Data'!$C$3:$C$2150,$A3,'United Data'!$B$3:$B$2150,"P")>0,1,0) -> 0 | G3: =IF(COUNTIFS('United Data'!$A$3:$A$2150,G$1,'United Data'!$C$3:$C$2150,$A3,'United Data'!$B$3:$B$2150,"P")>0,1,0) -> 0 | H3: =IF(COUNTIFS('United Data'!$A$3:$A$2150,H$1,'United Data'!$C$3:$C$2150,$A3,'United Data'!$B$3:$B$2150,"P")>0,1,0) -> 0 | I3: =IF(COUNTIFS('United Data'!$A$3:$A$2150,I$1,'United Data'!$C$3:$C$2150,$A3,'United Data'!$B$3:$B$2150,"P")>0,1,0) -> 0 | ... R3: =IF(COUNTIFS('United Data'!$A$3:$A$2150,R$1,'United Data'!$C$3:$C$2150,$A3,'United Data'!$B$3:$B$2150,"P")>0,1,0) -> 0 | S3: =SUM(B3:R3) -> 4 | T3: =B3+SUMPRODUCT(--(C3:R3>B3:Q3)) -> 1
A4: 37AC595 | B4: =IF(COUNTIFS('United Data'!$A$3:$A$2150,B$1,'United Data'!$C$3:$C$2150,$A4,'United Data'!$B$3:$B$2150,"P")>0,1,0) -> 1 | C4: =IF(COUNTIFS('United Data'!$A$3:$A$2150,C$1,'United Data'!$C$3:$C$2150,$A4,'United Data'!$B$3:$B$2150,"P")>0,1,0) -> 1 | D4: =IF(COUNTIFS('United Data'!$A$3:$A$2150,D$1,'United Data'!$C$3:$C$2150,$A4,'United Data'!$B$3:$B$2150,"P")>0,1,0) -> 1 | E4: =IF(COUNTIFS('United Data'!$A$3:$A$2150,E$1,'United Data'!$C$3:$C$2150,$A4,'United Data'!$B$3:$B$2150,"P")>0,1,0) -> 1 | F4: =IF(COUNTIFS('United Data'!$A$3:$A$2150,F$1,'United Data'!$C$3:$C$2150,$A4,'United Data'!$B$3:$B$2150,"P")>0,1,0) -> 0 | G4: =IF(COUNTIFS('United Data'!$A$3:$A$2150,G$1,'United Data'!$C$3:$C$2150,$A4,'United Data'!$B$3:$B$2150,"P")>0,1,0) -> 1 | H4: =IF(COUNTIFS('United Data'!$A$3:$A$2150,H$1,'United Data'!$C$3:$C$2150,$A4,'United Data'!$B$3:$B$2150,"P")>0,1,0) -> 1 | I4: =IF(COUNTIFS('United Data'!$A$3:$A$2150,I$1,'United Data'!$C$3:$C$2150,$A4,'United Data'!$B$3:$B$2150,"P")>0,1,0) -> 1 | ... R4: =IF(COUNTIFS('United Data'!$A$3:$A$2150,R$1,'United Data'!$C$3:$C$2150,$A4,'United Data'!$B$3:$B$2150,"P")>0,1,0) -> 0 | S4: =SUM(B4:R4) -> 13 | T4: =B4+SUMPRODUCT(--(C4:R4>B4:Q4)) -> 3
A5: 90XY100 | B5: =IF(COUNTIFS('United Data'!$A$3:$A$2150,B$1,'United Data'!$C$3:$C$2150,$A5,'United Data'!$B$3:$B$2150,"P")>0,1,0) -> 1 | C5: =IF(COUNTIFS('United Data'!$A$3:$A$2150,C$1,'United Data'!$C$3:$C$2150,$A5,'United Data'!$B$3:$B$2150,"P")>0,1,0) -> 1 | D5: =IF(COUNTIFS('United Data'!$A$3:$A$2150,D$1,'United Data'!$C$3:$C$2150,$A5,'United Data'!$B$3:$B$2150,"P")>0,1,0) -> 1 | E5: =IF(COUNTIFS('United Data'!$A$3:$A$2150,E$1,'United Data'!$C$3:$C$2150,$A5,'United Data'!$B$3:$B$2150,"P")>0,1,0) -> 1 | F5: =IF(COUNTIFS('United Data'!$A$3:$A$2150,F$1,'United Data'!$C$3:$C$2150,$A5,'United Data'!$B$3:$B$2150,"P")>0,1,0) -> 0 | G5: =IF(COUNTIFS('United Data'!$A$3:$A$2150,G$1,'United Data'!$C$3:$C$2150,$A5,'United Data'!$B$3:$B$2150,"P")>0,1,0) -> 0 | H5: =IF(COUNTIFS('United Data'!$A$3:$A$2150,H$1,'United Data'!$C$3:$C$2150,$A5,'United Data'!$B$3:$B$2150,"P")>0,1,0) -> 0 | I5: =IF(COUNTIFS('United Data'!$A$3:$A$2150,I$1,'United Data'!$C$3:$C$2150,$A5,'United Data'!$B$3:$B$2150,"P")>0,1,0) -> 1 | ... R5: =IF(COUNTIFS('United Data'!$A$3:$A$2150,R$1,'United Data'!$C$3:$C$2150,$A5,'United Data'!$B$3:$B$2150,"P")>0,1,0) -> 0 | S5: =SUM(B5:R5) -> 7 | T5: =B5+SUMPRODUCT(--(C5:R5>B5:Q5)) -> 3
A6: 10OU700 | B6: =IF(COUNTIFS('United Data'!$A$3:$A$2150,B$1,'United Data'!$C$3:$C$2150,$A6,'United Data'!$B$3:$B$2150,"P")>0,1,0) -> 1 | C6: =IF(COUNTIFS('United Data'!$A$3:$A$2150,C$1,'United Data'!$C$3:$C$2150,$A6,'United Data'!$B$3:$B$2150,"P")>0,1,0) -> 1 | D6: =IF(COUNTIFS('United Data'!$A$3:$A$2150,D$1,'United Data'!$C$3:$C$2150,$A6,'United Data'!$B$3:$B$2150,"P")>0,1,0) -> 1 | E6: =IF(COUNTIFS('United Data'!$A$3:$A$2150,E$1,'United Data'!$C$3:$C$2150,$A6,'United Data'!$B$3:$B$2150,"P")>0,1,0) -> 1 | F6: =IF(COUNTIFS('United Data'!$A$3:$A$2150,F$1,'United Data'!$C$3:$C$2150,$A6,'United Data'!$B$3:$B$2150,"P")>0,1,0) -> 0 | G6: =IF(COUNTIFS('United Data'!$A$3:$A$2150,G$1,'United Data'!$C$3:$C$2150,$A6,'United Data'!$B$3:$B$2150,"P")>0,1,0) -> 0 | H6: =IF(COUNTIFS('United Data'!$A$3:$A$2150,H$1,'United Data'!$C$3:$C$2150,$A6,'United Data'!$B$3:$B$2150,"P")>0,1,0) -> 1 | I6: =IF(COUNTIFS('United Data'!$A$3:$A$2150,I$1,'United Data'!$C$3:$C$2150,$A6,'United Data'!$B$3:$B$2150,"P")>0,1,0) -> 0 | ... R6: =IF(COUNTIFS('United Data'!$A$3:$A$2150,R$1,'United Data'!$C$3:$C$2150,$A6,'United Data'!$B$3:$B$2150,"P")>0,1,0) -> 0 | S6: =SUM(B6:R6) -> 11 | T6: =B6+SUMPRODUCT(--(C6:R6>B6:Q6)) -> 3
A7: 11OO100 | B7: =IF(COUNTIFS('United Data'!$A$3:$A$2150,B$1,'United Data'!$C$3:$C$2150,$A7,'United Data'!$B$3:$B$2150,"P")>0,1,0) -> 1 | C7: =IF(COUNTIFS('United Data'!$A$3:$A$2150,C$1,'United Data'!$C$3:$C$2150,$A7,'United Data'!$B$3:$B$2150,"P")>0,1,0) -> 1 | D7: =IF(COUNTIFS('United Data'!$A$3:$A$2150,D$1,'United Data'!$C$3:$C$2150,$A7,'United Data'!$B$3:$B$2150,"P")>0,1,0) -> 1 | E7: =IF(COUNTIFS('United Data'!$A$3:$A$2150,E$1,'United Data'!$C$3:$C$2150,$A7,'United Data'!$B$3:$B$2150,"P")>0,1,0) -> 0 | F7: =IF(COUNTIFS('United Data'!$A$3:$A$2150,F$1,'United Data'!$C$3:$C$2150,$A7,'United Data'!$B$3:$B$2150,"P")>0,1,0) -> 0 | G7: =IF(COUNTIFS('United Data'!$A$3:$A$2150,G$1,'United Data'!$C$3:$C$2150,$A7,'United Data'!$B$3:$B$2150,"P")>0,1,0) -> 0 | H7: =IF(COUNTIFS('United Data'!$A$3:$A$2150,H$1,'United Data'!$C$3:$C$2150,$A7,'United Data'!$B$3:$B$2150,"P")>0,1,0) -> 0 | I7: =IF(COUNTIFS('United Data'!$A$3:$A$2150,I$1,'United Data'!$C$3:$C$2150,$A7,'United Data'!$B$3:$B$2150,"P")>0,1,0) -> 0 | ... R7: =IF(COUNTIFS('United Data'!$A$3:$A$2150,R$1,'United Data'!$C$3:$C$2150,$A7,'United Data'!$B$3:$B$2150,"P")>0,1,0) -> 0 | S7: =SUM(B7:R7) -> 3 | T7: =B7+SUMPRODUCT(--(C7:R7>B7:Q7)) -> 1
A8: 16UU777 | B8: =IF(COUNTIFS('United Data'!$A$3:$A$2150,B$1,'United Data'!$C$3:$C$2150,$A8,'United Data'!$B$3:$B$2150,"P")>0,1,0) -> 1 | C8: =IF(COUNTIFS('United Data'!$A$3:$A$2150,C$1,'United Data'!$C$3:$C$2150,$A8,'United Data'!$B$3:$B$2150,"P")>0,1,0) -> 1 | D8: =IF(COUNTIFS('United Data'!$A$3:$A$2150,D$1,'United Data'!$C$3:$C$2150,$A8,'United Data'!$B$3:$B$2150,"P")>0,1,0) -> 1 | E8: =IF(COUNTIFS('United Data'!$A$3:$A$2150,E$1,'United Data'!$C$3:$C$2150,$A8,'United Data'!$B$3:$B$2150,"P")>0,1,0) -> 1 | F8: =IF(COUNTIFS('United Data'!$A$3:$A$2150,F$1,'United Data'!$C$3:$C$2150,$A8,'United Data'!$B$3:$B$2150,"P")>0,1,0) -> 0 | G8: =IF(COUNTIFS('United Data'!$A$3:$A$2150,G$1,'United Data'!$C$3:$C$2150,$A8,'United Data'!$B$3:$B$2150,"P")>0,1,0) -> 0 | H8: =IF(COUNTIFS('United Data'!$A$3:$A$2150,H$1,'United Data'!$C$3:$C$2150,$A8,'United Data'!$B$3:$B$2150,"P")>0,1,0) -> 0 | I8: =IF(COUNTIFS('United Data'!$A$3:$A$2150,I$1,'United Data'!$C$3:$C$2150,$A8,'United Data'!$B$3:$B$2150,"P")>0,1,0) -> 0 | ... R8: =IF(COUNTIFS('United Data'!$A$3:$A$2150,R$1,'United Data'!$C$3:$C$2150,$A8,'United Data'!$B$3:$B$2150,"P")>0,1,0) -> 0 | S8: =SUM(B8:R8) -> 4 | T8: =B8+SUMPRODUCT(--(C8:R8>B8:Q8)) -> 1
A9: 66GG055 | B9: =IF(COUNTIFS('United Data'!$A$3:$A$2150,B$1,'United Data'!$C$3:$C$2150,$A9,'United Data'!$B$3:$B$2150,"P")>0,1,0) -> 1 | C9: =IF(COUNTIFS('United Data'!$A$3:$A$2150,C$1,'United Data'!$C$3:$C$2150,$A9,'United Data'!$B$3:$B$2150,"P")>0,1,0) -> 1 | D9: =IF(COUNTIFS('United Data'!$A$3:$A$2150,D$1,'United Data'!$C$3:$C$2150,$A9,'United Data'!$B$3:$B$2150,"P")>0,1,0) -> 1 | E9: =IF(COUNTIFS('United Data'!$A$3:$A$2150,E$1,'United Data'!$C$3:$C$2150,$A9,'United Data'!$B$3:$B$2150,"P")>0,1,0) -> 1 | F9: =IF(COUNTIFS('United Data'!$A$3:$A$2150,F$1,'United Data'!$C$3:$C$2150,$A9,'United Data'!$B$3:$B$2150,"P")>0,1,0) -> 1 | G9: =IF(COUNTIFS('United Data'!$A$3:$A$2150,G$1,'United Data'!$C$3:$C$2150,$A9,'United Data'!$B$3:$B$2150,"P")>0,1,0) -> 1 | H9: =IF(COUNTIFS('United Data'!$A$3:$A$2150,H$1,'United Data'!$C$3:$C$2150,$A9,'United Data'!$B$3:$B$2150,"P")>0,1,0) -> 1 | I9: =IF(COUNTIFS('United Data'!$A$3:$A$2150,I$1,'United Data'!$C$3:$C$2150,$A9,'United Data'!$B$3:$B$2150,"P")>0,1,0) -> 1 | ... R9: =IF(COUNTIFS('United Data'!$A$3:$A$2150,R$1,'United Data'!$C$3:$C$2150,$A9,'United Data'!$B$3:$B$2150,"P")>0,1,0) -> 0 | S9: =SUM(B9:R9) -> 15 | T9: =B9+SUMPRODUCT(--(C9:R9>B9:Q9)) -> 1
A10: 50AB055 | B10: =IF(COUNTIFS('United Data'!$A$3:$A$2150,B$1,'United Data'!$C$3:$C$2150,$A10,'United Data'!$B$3:$B$2150,"P")>0,1,0) -> 1 | C10: =IF(COUNTIFS('United Data'!$A$3:$A$2150,C$1,'United Data'!$C$3:$C$2150,$A10,'United Data'!$B$3:$B$2150,"P")>0,1,0) -> 1 | D10: =IF(COUNTIFS('United Data'!$A$3:$A$2150,D$1,'United Data'!$C$3:$C$2150,$A10,'United Data'!$B$3:$B$2150,"P")>0,1,0) -> 1 | E10: =IF(COUNTIFS('United Data'!$A$3:$A$2150,E$1,'United Data'!$C$3:$C$2150,$A10,'United Data'!$B$3:$B$2150,"P")>0,1,0) -> 1 | F10: =IF(COUNTIFS('United Data'!$A$3:$A$2150,F$1,'United Data'!$C$3:$C$2150,$A10,'United Data'!$B$3:$B$2150,"P")>0,1,0) -> 1 | G10: =IF(COUNTIFS('United Data'!$A$3:$A$2150,G$1,'United Data'!$C$3:$C$2150,$A10,'United Data'!$B$3:$B$2150,"P")>0,1,0) -> 1 | H10: =IF(COUNTIFS('United Data'!$A$3:$A$2150,H$1,'United Data'!$C$3:$C$2150,$A10,'United Data'!$B$3:$B$2150,"P")>0,1,0) -> 1 | I10: =IF(COUNTIFS('United Data'!$A$3:$A$2150,I$1,'United Data'!$C$3:$C$2150,$A10,'United Data'!$B$3:$B$2150,"P")>0,1,0) -> 1 | ... R10: =IF(COUNTIFS('United Data'!$A$3:$A$2150,R$1,'United Data'!$C$3:$C$2150,$A10,'United Data'!$B$3:$B$2150,"P")>0,1,0) -> 0 | S10: =SUM(B10:R10) -> 14 | T10: =B10+SUMPRODUCT(--(C10:R10>B10:Q10)) -> 2
A11: no number 2 | B11: =IF(COUNTIFS('United Data'!$A$3:$A$2150,B$1,'United Data'!$C$3:$C$2150,$A11,'United Data'!$B$3:$B$2150,"P")>0,1,0) -> 1 | C11: =IF(COUNTIFS('United Data'!$A$3:$A$2150,C$1,'United Data'!$C$3:$C$2150,$A11,'United Data'!$B$3:$B$2150,"P")>0,1,0) -> 0 | D11: =IF(COUNTIFS('United Data'!$A$3:$A$2150,D$1,'United Data'!$C$3:$C$2150,$A11,'United Data'!$B$3:$B$2150,"P")>0,1,0) -> 0 | E11: =IF(COUNTIFS('United Data'!$A$3:$A$2150,E$1,'United Data'!$C$3:$C$2150,$A11,'United Data'!$B$3:$B$2150,"P")>0,1,0) -> 0 | F11: =IF(COUNTIFS('United Data'!$A$3:$A$2150,F$1,'United Data'!$C$3:$C$2150,$A11,'United Data'!$B$3:$B$2150,"P")>0,1,0) -> 0 | G11: =IF(COUNTIFS('United Data'!$A$3:$A$2150,G$1,'United Data'!$C$3:$C$2150,$A11,'United Data'!$B$3:$B$2150,"P")>0,1,0) -> 0 | H11: =IF(COUNTIFS('United Data'!$A$3:$A$2150,H$1,'United Data'!$C$3:$C$2150,$A11,'United Data'!$B$3:$B$2150,"P")>0,1,0) -> 0 | I11: =IF(COUNTIFS('United Data'!$A$3:$A$2150,I$1,'United Data'!$C$3:$C$2150,$A11,'United Data'!$B$3:$B$2150,"P")>0,1,0) -> 0 | ... R11: =IF(COUNTIFS('United Data'!$A$3:$A$2150,R$1,'United Data'!$C$3:$C$2150,$A11,'United Data'!$B$3:$B$2150,"P")>0,1,0) -> 0 | S11: =SUM(B11:R11) -> 1 | T11: =B11+SUMPRODUCT(--(C11:R11>B11:Q11)) -> 1
A12: no number 3 | B12: =IF(COUNTIFS('United Data'!$A$3:$A$2150,B$1,'United Data'!$C$3:$C$2150,$A12,'United Data'!$B$3:$B$2150,"P")>0,1,0) -> 0 | C12: =IF(COUNTIFS('United Data'!$A$3:$A$2150,C$1,'United Data'!$C$3:$C$2150,$A12,'United Data'!$B$3:$B$2150,"P")>0,1,0) -> 1 | D12: =IF(COUNTIFS('United Data'!$A$3:$A$2150,D$1,'United Data'!$C$3:$C$2150,$A12,'United Data'!$B$3:$B$2150,"P")>0,1,0) -> 0 | E12: =IF(COUNTIFS('United Data'!$A$3:$A$2150,E$1,'United Data'!$C$3:$C$2150,$A12,'United Data'!$B$3:$B$2150,"P")>0,1,0) -> 0 | F12: =IF(COUNTIFS('United Data'!$A$3:$A$2150,F$1,'United Data'!$C$3:$C$2150,$A12,'United Data'!$B$3:$B$2150,"P")>0,1,0) -> 0 | G12: =IF(COUNTIFS('United Data'!$A$3:$A$2150,G$1,'United Data'!$C$3:$C$2150,$A12,'United Data'!$B$3:$B$2150,"P")>0,1,0) -> 0 | H12: =IF(COUNTIFS('United Data'!$A$3:$A$2150,H$1,'United Data'!$C$3:$C$2150,$A12,'United Data'!$B$3:$B$2150,"P")>0,1,0) -> 0 | I12: =IF(COUNTIFS('United Data'!$A$3:$A$2150,I$1,'United Data'!$C$3:$C$2150,$A12,'United Data'!$B$3:$B$2150,"P")>0,1,0) -> 0 | ... R12: =IF(COUNTIFS('United Data'!$A$3:$A$2150,R$1,'United Data'!$C$3:$C$2150,$A12,'United Data'!$B$3:$B$2150,"P")>0,1,0) -> 0 | S12: =SUM(B12:R12) -> 1 | T12: =B12+SUMPRODUCT(--(C12:R12>B12:Q12)) -> 1
A13: 48ZZ008 | B13: =IF(COUNTIFS('United Data'!$A$3:$A$2150,B$1,'United Data'!$C$3:$C$2150,$A13,'United Data'!$B$3:$B$2150,"P")>0,1,0) -> 0 | C13: =IF(COUNTIFS('United Data'!$A$3:$A$2150,C$1,'United Data'!$C$3:$C$2150,$A13,'United Data'!$B$3:$B$2150,"P")>0,1,0) -> 1 | D13: =IF(COUNTIFS('United Data'!$A$3:$A$2150,D$1,'United Data'!$C$3:$C$2150,$A13,'United Data'!$B$3:$B$2150,"P")>0,1,0) -> 1 | E13: =IF(COUNTIFS('United Data'!$A$3:$A$2150,E$1,'United Data'!$C$3:$C$2150,$A13,'United Data'!$B$3:$B$2150,"P")>0,1,0) -> 0 | F13: =IF(COUNTIFS('United Data'!$A$3:$A$2150,F$1,'United Data'!$C$3:$C$2150,$A13,'United Data'!$B$3:$B$2150,"P")>0,1,0) -> 0 | G13: =IF(COUNTIFS('United Data'!$A$3:$A$2150,G$1,'United Data'!$C$3:$C$2150,$A13,'United Data'!$B$3:$B$2150,"P")>0,1,0) -> 0 | H13: =IF(COUNTIFS('United Data'!$A$3:$A$2150,H$1,'United Data'!$C$3:$C$2150,$A13,'United Data'!$B$3:$B$2150,"P")>0,1,0) -> 0 | I13: =IF(COUNTIFS('United Data'!$A$3:$A$2150,I$1,'United Data'!$C$3:$C$2150,$A13,'United Data'!$B$3:$B$2150,"P")>0,1,0) -> 0 | ... R13: =IF(COUNTIFS('United Data'!$A$3:$A$2150,R$1,'United Data'!$C$3:$C$2150,$A13,'United Data'!$B$3:$B$2150,"P")>0,1,0) -> 0 | S13: =SUM(B13:R13) -> 2 | T13: =B13+SUMPRODUCT(--(C13:R13>B13:Q13)) -> 1
... A212: no number 5 | B212: =IF(COUNTIFS('United Data'!$A$3:$A$2150,B$1,'United Data'!$C$3:$C$2150,$A212,'United Data'!$B$3:$B$2150,"P")>0,1,0) -> 0 | C212: =IF(COUNTIFS('United Data'!$A$3:$A$2150,C$1,'United Data'!$C$3:$C$2150,$A212,'United Data'!$B$3:$B$2150,"P")>0,1,0) -> 0 | D212: =IF(COUNTIFS('United Data'!$A$3:$A$2150,D$1,'United Data'!$C$3:$C$2150,$A212,'United Data'!$B$3:$B$2150,"P")>0,1,0) -> 0 | E212: =IF(COUNTIFS('United Data'!$A$3:$A$2150,E$1,'United Data'!$C$3:$C$2150,$A212,'United Data'!$B$3:$B$2150,"P")>0,1,0) -> 0 | F212: =IF(COUNTIFS('United Data'!$A$3:$A$2150,F$1,'United Data'!$C$3:$C$2150,$A212,'United Data'!$B$3:$B$2150,"P")>0,1,0) -> 0 | G212: =IF(COUNTIFS('United Data'!$A$3:$A$2150,G$1,'United Data'!$C$3:$C$2150,$A212,'United Data'!$B$3:$B$2150,"P")>0,1,0) -> 0 | H212: =IF(COUNTIFS('United Data'!$A$3:$A$2150,H$1,'United Data'!$C$3:$C$2150,$A212,'United Data'!$B$3:$B$2150,"P")>0,1,0) -> 0 | I212: =IF(COUNTIFS('United Data'!$A$3:$A$2150,I$1,'United Data'!$C$3:$C$2150,$A212,'United Data'!$B$3:$B$2150,"P")>0,1,0) -> 0 | ... R212: =IF(COUNTIFS('United Data'!$A$3:$A$2150,R$1,'United Data'!$C$3:$C$2150,$A212,'United Data'!$B$3:$B$2150,"P")>0,1,0) -> 0 | S212: =SUM(B212:R212) -> 1 | T212: =B212+SUMPRODUCT(--(C212:R212>B212:Q212)) -> 1
